source	target	sources	source_count_n
CRX	LNX1	['IntAct', 'HuRI']	2
CRX	TLE5	['IntAct', 'BioGRID', 'HuRI']	3
CRX	ATXN1	['IntAct', 'BioGRID', 'HuRI']	3
CRX	SPG21	['IntAct', 'HuRI']	2
CRX	CTNNA3	['IntAct', 'HuRI']	2
CRX	SDCBP	['IntAct', 'HuRI']	2
CRX	EP300	['BioGRID']	1
CRX	PRKAB2	['IntAct', 'BioGRID', 'HuRI']	3
CRX	NTF4	['IntAct', 'HuRI']	2
CRX	POGZ	['IntAct', 'BioGRID', 'HuRI']	3
CRX	SMAD3	['IntAct']	1
CRX	MDFI	['HuRI']	1
CRX	LGALS3	['IntAct', 'HuRI']	2
CRX	SORT1	['BioGRID']	1
CRX	HGS	['IntAct', 'BioGRID', 'HuRI']	3
EIF2S2	APP	['IntAct']	1
EIF2S2	TP53	['BioGRID']	1
EIF2S2	PRKN	['BioGRID']	1
EIF2S2	PMP22	['IntAct']	1
EIF2S2	ATXN1	['IntAct']	1
EIF2S2	HTT	['IntAct']	1
EIF2S2	JUN	['IntAct']	1
EIF2S2	MYC	['BioGRID']	1
EIF2S2	ESR1	['BioGRID']	1
EIF2S2	CSNK2A1	['IntAct', 'BioGRID']	2
EIF2S2	KAT5	['IntAct']	1
EIF2S2	CHRNA4	['IntAct']	1
EIF2S2	CSNK2B	['BioGRID']	1
EIF2S2	ACE2	['BioGRID']	1
EIF2S2	SORL1	['IntAct']	1
EIF2S2	PRKDC	['BioGRID']	1
EIF2S2	NGF	['IntAct']	1
MCOLN3	SNX14	['BioPlex_293T']	1
MCOLN3	ATP2A3	['BioPlex_293T']	1
MCOLN3	DHRS7	['BioPlex_293T']	1
MCOLN3	MFAP3	['BioPlex_293T']	1
MCOLN3	GABRB3	['BioPlex_293T']	1
GUCY1B1	ZDHHC12	['BioPlex_293T']	1
GUCY1B1	TLR9	['BioPlex_293T']	1
GUCY1B1	OR6T1	['BioPlex_293T']	1
GUCY1B1	HNRNPCL2	['BioPlex_293T']	1
GUCY1B1	HSP90AA1	['BioGRID']	1
GUCY1B1	NOS3	['BioGRID']	1
GUCY1B1	GRIN3B	['BioPlex_293T']	1
GUCY1B1	CHRNA7	['BioPlex_293T']	1
ZDHHC24	AQP6	['IntAct', 'HuRI']	2
ZDHHC24	TMEM14B	['IntAct', 'HuRI']	2
ZDHHC24	EBP	['IntAct', 'HuRI']	2
ZDHHC24	PLEKHF2	['IntAct', 'HuRI']	2
ZDHHC24	AGR2	['IntAct', 'HuRI']	2
ZDHHC24	REL	['IntAct', 'HuRI']	2
ZDHHC24	TCF4	['IntAct', 'HuRI']	2
ZDHHC24	KCNJ6	['IntAct', 'HuRI']	2
ZDHHC24	STOML3	['IntAct', 'HuRI']	2
USP7	BRCA1	['BioGRID']	1
USP7	CLTC	['BioGRID']	1
USP7	TP53	['IntAct', 'BioGRID']	2
USP7	TRAF2	['BioGRID']	1
USP7	CCNF	['BioGRID']	1
USP7	ATXN1	['BioGRID']	1
USP7	LMNA	['BioGRID']	1
USP7	STUB1	['BioGRID']	1
USP7	TRAF6	['BioGRID']	1
USP7	TBCB	['IntAct', 'BioGRID']	2
USP7	CTNNB1	['BioGRID']	1
USP7	NEDD4L	['BioGRID']	1
USP7	NOTCH1	['BioGRID']	1
USP7	NEUROG3	['BioGRID']	1
USP7	TRIM27	['IntAct', 'BioGRID']	2
USP7	SP1	['BioGRID']	1
USP7	MYC	['BioGRID']	1
USP7	MYD88	['BioGRID']	1
USP7	RELA	['BioGRID']	1
USP7	VIRMA	['BioGRID']	1
USP7	MDM2	['IntAct', 'BioGRID']	2
USP7	SMAD3	['IntAct', 'BioGRID']	2
USP7	COPS5	['BioGRID']	1
USP7	NCL	['BioGRID']	1
USP7	KDM1A	['BioGRID']	1
USP7	ESR1	['BioGRID']	1
USP7	SIRT1	['BioGRID']	1
USP7	CAV1	['BioGRID']	1
USP7	UBE2O	['BioGRID']	1
USP7	NUCB1	['BioGRID']	1
USP7	UBC	['BioGRID']	1
USP7	CUL4B	['BioGRID']	1
USP7	VCP	['BioGRID']	1
USP7	RAF1	['BioGRID']	1
USP7	BAG6	['BioGRID']	1
USP7	TRAF3	['BioGRID']	1
USP7	FBXO38	['BioGRID']	1
USP7	ANXA1	['BioGRID']	1
USP7	ABCB1	['BioGRID']	1
USP7	CSNK2A1	['BioGRID']	1
USP7	IKBKG	['BioGRID']	1
USP7	KAT5	['BioGRID']	1
USP7	YY1	['BioGRID']	1
USP7	CD274	['BioGRID']	1
USP7	CUL3	['BioGRID']	1
NBL1	APP	['IntAct']	1
NBL1	UBQLN2	['IntAct', 'HuRI']	2
NBL1	UBQLN1	['IntAct', 'BioGRID', 'HuRI']	3
NBL1	MEOX2	['HuRI']	1
NBL1	SPRED1	['IntAct']	1
NBL1	S100B	['IntAct']	1
NBL1	FGFR3	['IntAct']	1
NBL1	DMWD	['IntAct']	1
NBL1	CAMK2A	['IntAct']	1
NBL1	HPCAL1	['IntAct', 'HuRI']	2
NBL1	GRIN2C	['IntAct']	1
NBL1	NCS1	['IntAct', 'HuRI']	2
UBE2I	ACTB	['IntAct']	1
UBE2I	BRCA1	['BioGRID']	1
UBE2I	RUSF1	['IntAct']	1
UBE2I	UBQLN2	['IntAct']	1
UBE2I	TP53	['IntAct', 'BioGRID']	2
UBE2I	TRAF2	['IntAct']	1
UBE2I	HNRNPK	['IntAct']	1
UBE2I	ATXN1	['IntAct']	1
UBE2I	UBQLN1	['IntAct']	1
UBE2I	LMNA	['BioGRID']	1
UBE2I	HTT	['IntAct']	1
UBE2I	CFTR	['BioGRID']	1
UBE2I	SIAH1	['BioGRID']	1
UBE2I	EP300	['BioGRID']	1
UBE2I	JUN	['BioGRID']	1
UBE2I	UCHL1	['IntAct']	1
UBE2I	ESR1	['BioGRID']	1
UBE2I	NCOR1	['BioGRID']	1
UBE2I	LMO2	['IntAct']	1
UBE2I	TRIM21	['IntAct']	1
UBE2I	TRIM23	['IntAct']	1
UBE2I	AGR2	['IntAct']	1
UBE2I	FATE1	['IntAct']	1
UBE2I	PIAS2	['IntAct']	1
UBE2I	RABAC1	['IntAct']	1
UBE2I	TRAF3	['IntAct']	1
UBE2I	PUF60	['IntAct']	1
UBE2I	GFAP	['IntAct']	1
UBE2I	CYP4F2	['IntAct']	1
UBE2I	HGS	['IntAct']	1
UBE2I	STX1A	['IntAct']	1
UBE2I	FADD	['IntAct']	1
UBE2I	ZBTB16	['IntAct']	1
UBE2I	TRIM27	['BioGRID']	1
UBE2I	TNFRSF1A	['BioGRID']	1
UBE2I	RHOB	['BioGRID']	1
UBE2I	CDKN2A	['BioGRID']	1
UBE2I	ANXA1	['BioGRID']	1
UBE2I	CREBBP	['BioGRID']	1
UBE2I	YY1	['BioGRID']	1
UBE2I	NFKBIA	['BioGRID']	1
UBE2I	MDM2	['BioGRID']	1
UBE2I	HDAC4	['IntAct', 'BioGRID']	2
UBE2I	GOLGA2	['IntAct', 'BioGRID']	2
UBE2I	KAT5	['BioGRID']	1
UBE2I	USP36	['BioGRID']	1
UBE2I	FMR1	['BioGRID']	1
UBE2I	ATF2	['BioGRID']	1
UBE2I	PPARA	['BioGRID']	1
UBE2I	RAN	['BioPlex_293T', 'BioPlex_HCT116', 'BioGRID']	3
UBE2I	KCNIP3	['BioGRID']	1
UBE2I	PDLIM7	['HuRI']	1
UBE2I	TFCP2	['IntAct', 'BioGRID']	2
UBE2I	HSPB1	['BioGRID']	1
UBE2I	TRAF6	['BioGRID']	1
BTRC	WFS1	['IntAct']	1
BTRC	TP53	['BioGRID']	1
BTRC	HNRNPK	['BioGRID']	1
BTRC	SKP2	['BioGRID']	1
BTRC	GRN	['IntAct']	1
BTRC	RELA	['BioPlex_293T', 'BioGRID']	2
BTRC	NFKB1	['BioPlex_293T', 'BioGRID']	2
BTRC	KPRP	['BioGRID']	1
BTRC	NFKBIA	['IntAct', 'BioGRID']	2
BTRC	ENO1	['BioGRID']	1
BTRC	CTNNB1	['IntAct', 'BioGRID']	2
BTRC	RACK1	['BioGRID']	1
BTRC	YWHAZ	['BioGRID']	1
BTRC	TAFAZZIN	['BioGRID']	1
BTRC	SP1	['BioGRID']	1
BTRC	NFE2L2	['BioGRID']	1
BTRC	MYC	['BioGRID']	1
BTRC	FBXW11	['IntAct', 'BioPlex_293T', 'BioPlex_HCT116', 'BioGRID']	4
BTRC	RBX1	['BioPlex_293T', 'BioGRID']	2
BTRC	MDM2	['IntAct', 'BioGRID']	2
BTRC	TSPAN15	['BioGRID']	1
BTRC	REL	['BioGRID']	1
BTRC	HINT1	['BioGRID']	1
BTRC	IKBKB	['BioGRID']	1
BTRC	ELAVL1	['BioGRID']	1
BTRC	MAPK1	['BioGRID']	1
BTRC	PER1	['BioGRID']	1
BTRC	UBC	['BioGRID']	1
BTRC	PER2	['BioPlex_293T', 'BioGRID']	2
BTRC	NFKB2	['BioGRID']	1
BTRC	MAP2K1	['IntAct']	1
BTRC	DLG1	['BioGRID']	1
BTRC	VCP	['BioGRID']	1
BTRC	YAP1	['IntAct', 'BioPlex_293T', 'BioGRID']	3
BTRC	IL17RA	['BioPlex_293T']	1
BTRC	MBD3	['BioGRID']	1
BTRC	HRAS	['BioGRID']	1
BTRC	ATP5F1A	['BioGRID']	1
BTRC	PCDH10	['BioPlex_293T']	1
RPRM	OPRM1	['IntAct', 'HuRI']	2
RPRM	AQP6	['IntAct', 'HuRI']	2
RPRM	SDCBP	['IntAct', 'HuRI']	2
RPRM	TMEM237	['IntAct', 'HuRI']	2
RPRM	GAD2	['IntAct', 'HuRI']	2
RPRM	GPR42	['IntAct', 'HuRI']	2
RPRM	CREB3	['HuRI']	1
RPRM	BMPR1A	['BioPlex_293T']	1
RPRM	PLEKHF2	['IntAct', 'HuRI']	2
RPRM	OPRD1	['IntAct', 'HuRI']	2
RPRM	FATE1	['IntAct', 'HuRI']	2
RPRM	FAM209A	['IntAct', 'HuRI']	2
RPRM	EMP1	['IntAct', 'HuRI']	2
RPRM	CLEC2D	['IntAct', 'HuRI']	2
RPRM	STOM	['IntAct', 'HuRI']	2
RPRM	BSCL2	['IntAct', 'HuRI']	2
RPRM	WLS	['BioPlex_293T']	1
RPRM	ASGR2	['IntAct', 'HuRI']	2
RPRM	KCNJ6	['IntAct', 'HuRI']	2
TRPV5	YY1	['BioPlex_293T']	1
TRPV5	STAT3	['BioPlex_293T']	1
TRPV5	NUP35	['BioPlex_293T']	1
TRPV5	CALB1	['IntAct']	1
TRPV5	S100A10	['BioGRID']	1
RAB34	NOX1	['BioPlex_293T']	1
RAMP1	DNAJB9	['BioPlex_293T']	1
RAMP1	PEX5	['BioPlex_293T']	1
RAMP1	NKG7	['IntAct', 'HuRI']	2
RAMP1	MAL	['IntAct', 'HuRI']	2
RAMP1	ANKRD28	['BioPlex_293T']	1
RAMP1	HDAC6	['BioPlex_293T']	1
RAMP1	CALCA	['IntAct']	1
CAMK2A	APP	['IntAct']	1
CAMK2A	MAPT	['BioGRID']	1
CAMK2A	STUB1	['IntAct']	1
CAMK2A	BDNF	['IntAct']	1
CAMK2A	S100B	['IntAct']	1
CAMK2A	CDC37	['IntAct', 'BioGRID', 'HuRI']	3
CAMK2A	AKT1	['IntAct']	1
CAMK2A	NTAQ1	['IntAct', 'HuRI']	2
CAMK2A	GAPDH	['IntAct']	1
CAMK2A	GRIN2A	['BioGRID']	1
CAMK2A	NUFIP1	['BioPlex_293T']	1
CAMK2A	ATP1A3	['IntAct']	1
CAMK2A	DNAAF2	['BioPlex_293T']	1
CAMK2A	SHC1	['IntAct']	1
CAMK2A	PIK3R1	['IntAct']	1
CAMK2A	GPM6A	['BioPlex_293T']	1
CAMK2A	DLG1	['BioGRID']	1
CAMK2A	HSP90AB1	['IntAct']	1
CAMK2A	HSP90AA1	['IntAct', 'BioGRID']	2
CAMK2A	GRIA1	['BioGRID']	1
CAMK2A	PIP5K1A	['BioPlex_293T']	1
CAMK2A	HAX1	['BioPlex_293T']	1
CAMK2A	PRKCB	['IntAct']	1
CAMK2A	SMAD3	['IntAct']	1
CAMK2A	MAP7	['BioPlex_293T', 'BioPlex_HCT116']	2
CAMK2A	MAP3K7	['BioPlex_293T', 'BioPlex_HCT116']	2
CAMK2A	CDK5R1	['BioGRID']	1
CAMK2A	GRIN2B	['IntAct', 'BioGRID']	2
CAMK2A	ACTN1	['IntAct']	1
KRT5	TP53	['BioGRID']	1
KRT5	KRT40	['IntAct', 'HuRI']	2
KRT5	KRT31	['IntAct', 'HuRI']	2
KRT5	ALOX12	['IntAct', 'BioGRID']	2
KCNJ9	KCNJ6	['BioGRID']	1
KCNJ9	TMEM201	['IntAct', 'HuRI']	2
YAP1	HDAC1	['BioGRID']	1
YAP1	YWHAQ	['IntAct', 'BioPlex_293T', 'BioGRID']	3
YAP1	YWHAG	['IntAct', 'BioPlex_293T', 'BioGRID']	3
YAP1	NHERF2	['IntAct', 'BioPlex_293T', 'BioGRID']	3
YAP1	TRAF2	['BioPlex_293T', 'BioPlex_HCT116']	2
YAP1	PRKN	['BioGRID']	1
YAP1	HNRNPK	['BioGRID']	1
YAP1	SKP2	['BioGRID']	1
YAP1	STUB1	['BioGRID']	1
YAP1	HSPA1B	['BioGRID']	1
YAP1	BAG3	['BioGRID']	1
YAP1	TGM1	['BioPlex_293T']	1
YAP1	SDCBP	['BioGRID']	1
YAP1	NEDD4	['BioGRID']	1
YAP1	EP300	['BioGRID']	1
YAP1	VCP	['BioGRID']	1
YAP1	YWHAZ	['IntAct', 'BioPlex_293T', 'BioGRID']	3
YAP1	RBBP4	['BioGRID']	1
YAP1	HSPA5	['BioGRID']	1
YAP1	GAPDH	['BioGRID']	1
YAP1	YWHAH	['BioPlex_293T', 'BioGRID']	2
YAP1	CTNNB1	['IntAct', 'BioGRID']	2
YAP1	CERS2	['BioPlex_293T']	1
YAP1	ENO1	['BioGRID']	1
YAP1	HSP90AB1	['BioGRID']	1
YAP1	MSC	['BioGRID']	1
YAP1	RAN	['BioGRID']	1
YAP1	MAP2K1	['IntAct', 'BioGRID']	2
YAP1	PDLIM7	['BioGRID']	1
YAP1	NHERF1	['IntAct', 'BioPlex_293T', 'BioGRID']	3
YAP1	NEDD4L	['BioGRID']	1
YAP1	HSPA8	['BioPlex_HCT116', 'BioGRID']	2
YAP1	YWHAE	['IntAct', 'BioGRID']	2
YAP1	KPNA2	['BioGRID']	1
YAP1	YWHAB	['IntAct', 'BioPlex_293T', 'BioGRID']	3
YAP1	CSNK1E	['BioGRID']	1
YAP1	CSNK1D	['BioGRID']	1
YAP1	NCL	['BioGRID']	1
YAP1	TFCP2	['BioGRID']	1
YAP1	SPTAN1	['BioGRID']	1
YAP1	NF1	['BioGRID']	1
YAP1	HSPB1	['BioGRID']	1
YAP1	NPEPPS	['BioGRID']	1
YAP1	RUNX1	['BioGRID']	1
YAP1	PPP1CC	['BioGRID']	1
YAP1	PRKDC	['BioGRID']	1
YAP1	TRIP6	['BioGRID']	1
YAP1	FBXW11	['BioGRID']	1
YAP1	ACTN1	['BioGRID']	1
YAP1	ARRDC3	['BioGRID']	1
YAP1	SCRIB	['BioGRID']	1
YAP1	FBXW7	['BioGRID']	1
YAP1	COPB2	['BioGRID']	1
P2RX7	NOTCH2NLC	['IntAct']	1
P2RX7	HSF2BP	['IntAct', 'HuRI']	2
P2RX7	CYSRT1	['IntAct']	1
P2RX7	EFEMP2	['IntAct', 'HuRI']	2
P2RX7	PLEKHF2	['IntAct', 'HuRI']	2
P2RX7	NOTCH2NLA	['HuRI']	1
P2RX7	KRT31	['IntAct', 'HuRI']	2
P2RX7	TRIM27	['IntAct', 'HuRI']	2
P2RX7	KRTAP10-8	['IntAct', 'HuRI']	2
P2RX7	KRT34	['IntAct', 'HuRI']	2
NPLOC4	UBQLN2	['BioGRID']	1
NPLOC4	PRKN	['BioGRID']	1
NPLOC4	RAF1	['BioGRID']	1
NPLOC4	UBC	['IntAct', 'BioGRID']	2
NPLOC4	VCP	['IntAct', 'BioPlex_293T', 'BioGRID']	3
NPLOC4	SIDT2	['BioPlex_293T', 'BioPlex_HCT116']	2
NPLOC4	UBXN6	['BioGRID']	1
NPLOC4	TGFBR2	['IntAct']	1
NPLOC4	KCNA2	['BioPlex_293T']	1
NPLOC4	ATG9A	['BioPlex_293T', 'BioPlex_HCT116']	2
NPLOC4	OR6T1	['BioPlex_293T']	1
NPLOC4	CYP19A1	['BioPlex_HCT116']	1
NPLOC4	ADORA1	['BioPlex_HCT116']	1
NPLOC4	SLC32A1	['BioPlex_293T']	1
PDCD6IP	SRC	['IntAct', 'BioGRID']	2
PDCD6IP	TNIP2	['BioGRID']	1
PDCD6IP	PRKN	['BioGRID']	1
PDCD6IP	SDCBP	['BioGRID']	1
PDCD6IP	UBC	['BioGRID']	1
PDCD6IP	EGFR	['IntAct', 'BioGRID']	2
PDCD6IP	MYC	['BioGRID']	1
PDCD6IP	GRB2	['BioGRID']	1
PDCD6IP	SOD1	['BioGRID']	1
PDCD6IP	FYN	['IntAct']	1
PDCD6IP	ACE2	['BioGRID']	1
PDCD6IP	DRD3	['BioGRID']	1
PDCD6IP	LGALS3	['IntAct']	1
PDCD6IP	DRD1	['BioGRID']	1
PDCD6IP	F2R	['BioGRID']	1
CBL	ACTB	['BioGRID']	1
CBL	SRC	['IntAct', 'BioGRID']	2
CBL	PDGFRA	['BioGRID']	1
CBL	YWHAQ	['BioGRID']	1
CBL	UBE2L3	['BioGRID']	1
CBL	YWHAG	['BioPlex_293T', 'BioGRID']	2
CBL	PRKN	['BioGRID']	1
CBL	ATXN1	['IntAct']	1
CBL	PLCG1	['BioGRID']	1
CBL	PRKCA	['BioGRID']	1
CBL	UBE2D1	['BioGRID']	1
CBL	HTT	['IntAct']	1
CBL	UBC	['BioGRID']	1
CBL	UBE2D2	['IntAct', 'BioGRID']	2
CBL	CFTR	['BioGRID']	1
CBL	EGFR	['IntAct', 'BioGRID']	2
CBL	YWHAZ	['BioGRID']	1
CBL	HSPA5	['BioGRID']	1
CBL	GRB2	['IntAct', 'BioPlex_293T', 'BioGRID']	3
CBL	YWHAH	['BioPlex_293T', 'BioGRID']	2
CBL	MAPK8	['BioGRID']	1
CBL	SQSTM1	['BioGRID']	1
CBL	CTNNB1	['BioGRID']	1
CBL	BCR	['BioGRID']	1
CBL	LYN	['IntAct', 'BioGRID']	2
CBL	YWHAB	['BioPlex_293T', 'BioGRID']	2
CBL	PRNP	['BioGRID']	1
CBL	FYN	['IntAct', 'BioGRID']	2
CBL	ERBB2	['BioGRID']	1
CBL	SHC1	['IntAct', 'BioGRID']	2
CBL	PIK3R1	['IntAct', 'BioGRID']	2
CBL	YWHAE	['IntAct', 'BioGRID']	2
CBL	TGFBR2	['BioGRID']	1
CBL	IGF1R	['BioGRID']	1
CBL	STAT3	['IntAct']	1
CBL	TRAF6	['BioGRID']	1
CBL	NOTCH1	['BioGRID']	1
CBL	JAK2	['BioGRID']	1
CBL	TNFRSF10B	['BioGRID']	1
CBL	CSK	['BioGRID']	1
CBL	LCK	['IntAct', 'BioGRID']	2
CBL	RET	['IntAct', 'BioGRID']	2
CBL	VAV1	['BioGRID']	1
CBL	KIT	['BioGRID']	1
CBL	CD38	['BioGRID']	1
CBL	PIK3CA	['BioGRID']	1
CBL	NTRK1	['BioGRID']	1
CBL	CRK	['IntAct', 'BioPlex_293T', 'BioGRID']	3
CBL	PTPN11	['BioGRID']	1
GRN	ADAMTSL4	['IntAct']	1
GRN	TLE5	['IntAct', 'HuRI']	2
GRN	STUB1	['IntAct']	1
GRN	CNPY3	['IntAct']	1
GRN	GLRX3	['IntAct', 'BioGRID', 'HuRI']	3
GRN	CTSB	['BioGRID']	1
GRN	LGALS1	['BioPlex_293T']	1
GRN	TNFRSF1A	['IntAct']	1
GRN	MEOX2	['HuRI']	1
GRN	KRTAP10-8	['IntAct', 'HuRI']	2
GRN	MAPK3	['BioPlex_HCT116']	1
GRN	PDLIM7	['BioPlex_HCT116']	1
GRN	NDN	['IntAct']	1
GRN	BECN1	['IntAct']	1
GRN	HOXA1	['IntAct', 'BioGRID', 'HuRI']	3
GRN	EPHA7	['BioPlex_HCT116']	1
GRN	BAG6	['IntAct']	1
GRN	YY1	['IntAct']	1
GRN	PRKAB2	['IntAct']	1
GRN	SPRED1	['IntAct']	1
GRN	KRTAP10-7	['IntAct', 'HuRI']	2
GRN	CYSRT1	['IntAct']	1
GRN	KIF1A	['IntAct']	1
GRN	FBXO2	['BioPlex_293T', 'BioPlex_HCT116']	2
GRN	COPS3	['IntAct']	1
GRN	BRK1	['IntAct']	1
GRN	CFTR	['BioGRID']	1
GRN	TAX1BP1	['IntAct']	1
GRN	SGTA	['IntAct', 'HuRI']	2
GRN	WWOX	['IntAct']	1
GRN	FBXO45	['BioPlex_293T', 'BioPlex_HCT116']	2
GRN	P4HB	['IntAct', 'HuRI']	2
GRN	SORT1	['IntAct']	1
GRN	PRKAA2	['IntAct']	1
GRN	TNFRSF1B	['IntAct']	1
GRN	NOTCH1	['IntAct']	1
GRN	ASIC4	['IntAct']	1
GRN	KRT34	['IntAct', 'HuRI']	2
GRN	MAPK1	['BioPlex_HCT116']	1
GRN	PER1	['IntAct']	1
GRN	PKMYT1	['BioPlex_293T']	1
FNDC8	SRR	['BioPlex_293T']	1
OXT	VHL	['BioPlex_293T']	1
OXT	DCDC2	['IntAct', 'HuRI']	2
OXT	CUL2	['BioPlex_293T']	1
OXT	SHC1	['BioPlex_293T']	1
ERBB3	SRC	['BioGRID']	1
ERBB3	HSPA1B	['BioGRID']	1
ERBB3	PLCG1	['BioGRID']	1
ERBB3	NEDD4	['BioGRID']	1
ERBB3	EGFR	['IntAct', 'BioGRID']	2
ERBB3	S100B	['IntAct']	1
ERBB3	CDC37	['BioGRID']	1
ERBB3	GRB2	['IntAct', 'BioGRID']	2
ERBB3	PTPN6	['BioGRID']	1
ERBB3	HGS	['BioGRID']	1
ERBB3	L1CAM	['BioGRID']	1
ERBB3	ERBB2	['IntAct', 'BioGRID']	2
ERBB3	RNF41	['BioGRID']	1
ERBB3	SHC1	['IntAct', 'BioGRID']	2
ERBB3	PIK3R1	['IntAct', 'BioGRID']	2
ERBB3	HSPA8	['BioGRID']	1
ERBB3	HSP90AB1	['IntAct']	1
ERBB3	CDKN2A	['BioGRID']	1
ERBB3	CANX	['BioGRID']	1
ERBB3	HSP90AA1	['BioGRID']	1
ERBB3	SLC31A1	['BioPlex_293T']	1
ERBB3	SORL1	['BioGRID']	1
ERBB3	PIK3CA	['IntAct', 'BioGRID']	2
ERBB3	BRAF	['IntAct']	1
ERBB3	S100A10	['IntAct', 'BioGRID']	2
ERBB3	GRK2	['IntAct']	1
ERBB3	CRK	['BioGRID']	1
ERBB3	PTPN11	['IntAct', 'BioGRID']	2
ERBB3	NRG1	['IntAct', 'BioPlex_HCT116', 'BioGRID']	3
ERBB3	VAV1	['BioGRID']	1
ERBB3	HDAC6	['IntAct', 'BioGRID']	2
HP	CCR1	['BioPlex_HCT116']	1
HP	GNG8	['BioPlex_293T']	1
HP	APOE	['IntAct']	1
HP	STX17	['BioPlex_293T']	1
HP	SARAF	['BioPlex_HCT116']	1
HP	MATN2	['BioPlex_HCT116']	1
HP	HBB	['BioGRID']	1
HP	KLK10	['BioPlex_HCT116']	1
HP	NOX4	['BioPlex_293T']	1
HP	HCN1	['BioPlex_293T']	1
HP	ERGIC3	['IntAct']	1
KCNJ3	GABBR1	['BioGRID']	1
KCNJ3	KCNJ5	['BioPlex_293T', 'BioGRID']	2
EFEMP2	ADAMTSL4	['IntAct', 'HuRI']	2
EFEMP2	LNX1	['IntAct', 'HuRI']	2
EFEMP2	TP53	['BioGRID']	1
EFEMP2	TLE5	['IntAct', 'HuRI']	2
EFEMP2	ATXN1	['IntAct']	1
EFEMP2	UBQLN1	['IntAct', 'BioGRID', 'HuRI']	3
EFEMP2	MEOX2	['IntAct', 'HuRI']	2
EFEMP2	CYSRT1	['IntAct']	1
EFEMP2	MDFI	['IntAct', 'HuRI']	2
EFEMP2	GLRX3	['HuRI']	1
EFEMP2	ARRDC3	['IntAct', 'HuRI']	2
EFEMP2	HDAC4	['IntAct', 'HuRI']	2
EFEMP2	AQP1	['HuRI']	1
EFEMP2	KRTAP10-8	['IntAct', 'HuRI']	2
EFEMP2	SGTA	['IntAct', 'HuRI']	2
EFEMP2	HOXA1	['IntAct', 'BioGRID', 'HuRI']	3
EFEMP2	HPCAL1	['IntAct', 'HuRI']	2
EFEMP2	PTGER3	['IntAct']	1
EFEMP2	SGTB	['IntAct', 'BioGRID', 'HuRI']	3
EFEMP2	BAG6	['IntAct', 'HuRI']	2
CFTR	ACTB	['IntAct']	1
CFTR	DNAJC5	['BioGRID']	1
CFTR	YWHAG	['BioGRID']	1
CFTR	NHERF2	['IntAct', 'BioGRID']	2
CFTR	CLTC	['BioGRID']	1
CFTR	GSN	['BioGRID']	1
CFTR	TP53	['BioGRID']	1
CFTR	LMNA	['BioGRID']	1
CFTR	STUB1	['BioGRID']	1
CFTR	HSPA1B	['BioGRID']	1
CFTR	NEDD4	['BioGRID']	1
CFTR	VCP	['BioGRID']	1
CFTR	HSP90AA1	['BioGRID']	1
CFTR	ATP5F1A	['BioGRID']	1
CFTR	RACK1	['BioGRID']	1
CFTR	HSPA8	['BioGRID']	1
CFTR	PRKDC	['BioGRID']	1
CFTR	EZR	['BioGRID']	1
CFTR	HSPB1	['BioGRID']	1
CFTR	HSPA5	['BioGRID']	1
CFTR	ITGB4	['BioGRID']	1
CFTR	ARFGAP3	['IntAct']	1
CFTR	YWHAB	['BioGRID']	1
CFTR	ACE2	['BioGRID']	1
CFTR	RPL15	['BioGRID']	1
CFTR	RAN	['BioGRID']	1
CFTR	SQSTM1	['BioGRID']	1
CFTR	SHC1	['IntAct']	1
CFTR	STX1A	['BioGRID']	1
CFTR	ANXA1	['BioGRID']	1
CFTR	HDAC6	['BioGRID']	1
CFTR	CANX	['IntAct', 'BioGRID']	2
CFTR	ACTN1	['BioGRID']	1
CFTR	KRT31	['IntAct', 'BioGRID']	2
CFTR	YWHAE	['BioGRID']	1
CFTR	GOPC	['IntAct', 'BioGRID']	2
CFTR	VAPB	['IntAct', 'BioGRID']	2
CFTR	ANO1	['IntAct']	1
CFTR	ENO1	['BioGRID']	1
CFTR	HSP90AB1	['BioGRID']	1
CFTR	NHERF1	['IntAct', 'BioGRID']	2
CFTR	SPTAN1	['BioGRID']	1
CFTR	CDH1	['BioGRID']	1
CFTR	PPIB	['BioGRID']	1
CFTR	TRIM21	['BioGRID']	1
CFTR	TMEM237	['IntAct']	1
CFTR	DERL1	['IntAct', 'BioGRID']	2
CFTR	KPRP	['BioGRID']	1
CFTR	PRAF2	['IntAct']	1
CFTR	YWHAZ	['BioGRID']	1
GRK6	APP	['IntAct']	1
GRK6	EDAR	['BioPlex_293T']	1
GRK6	RNF149	['BioPlex_293T']	1
GRK6	ADRB2	['BioGRID']	1
GRK6	DDB1	['BioGRID']	1
GRK6	KCNIP3	['BioGRID']	1
GRK6	KCNE3	['BioPlex_293T']	1
GRK6	HNRNPCL2	['BioPlex_293T']	1
GRK6	HSP90AB1	['IntAct', 'BioGRID']	2
GRK6	HSP90AA1	['BioGRID']	1
GRK6	SLC31A1	['BioPlex_293T']	1
GRK6	MARCHF1	['BioPlex_293T']	1
GRK6	TNFRSF1A	['BioPlex_293T']	1
UBE2L3	BRCA1	['BioGRID']	1
UBE2L3	RNF31	['BioGRID']	1
UBE2L3	CACNA1B	['BioGRID']	1
UBE2L3	UBC	['BioGRID']	1
UBE2L3	MDM2	['BioGRID']	1
UBE2L3	PRKN	['IntAct', 'BioGRID']	2
UBE2L3	NEDD4L	['BioGRID']	1
UBE2L3	HERC4	['BioGRID']	1
UBE2L3	BAG3	['BioGRID']	1
UBE2L3	RBX1	['BioGRID']	1
UBE2L3	NEDD4	['BioGRID']	1
UBE2L3	STUB1	['IntAct', 'BioGRID']	2
UBE2L3	TRAF6	['BioGRID']	1
SNAPIN	NECAB2	['IntAct', 'HuRI']	2
SNAPIN	DTNBP1	['IntAct', 'BioPlex_293T', 'BioPlex_HCT116', 'BioGRID', 'HuRI']	5
SNAPIN	KXD1	['BioPlex_293T', 'BioPlex_HCT116']	2
SNAPIN	BRK1	['BioPlex_293T']	1
SNAPIN	WASHC3	['IntAct', 'HuRI']	2
SNAPIN	ACTN2	['BioGRID']	1
SNAPIN	TRPV1	['BioGRID']	1
SLC12A5	NUFIP1	['BioPlex_293T']	1
SLC12A5	GPM6A	['BioPlex_293T']	1
SLC12A5	DGUOK	['BioPlex_293T']	1
HDAC4	YWHAQ	['BioPlex_293T', 'BioGRID']	2
HDAC4	YWHAG	['IntAct', 'BioPlex_293T', 'BioGRID', 'HuRI']	4
HDAC4	PRKN	['BioGRID']	1
HDAC4	CEP70	['IntAct', 'HuRI']	2
HDAC4	TLE5	['IntAct', 'HuRI']	2
HDAC4	PICK1	['IntAct', 'HuRI']	2
HDAC4	KRT40	['IntAct', 'HuRI']	2
HDAC4	HSF2BP	['IntAct', 'HuRI']	2
HDAC4	CEBPB	['BioGRID']	1
HDAC4	YWHAZ	['IntAct', 'BioPlex_293T', 'BioGRID']	3
HDAC4	RBBP4	['BioGRID']	1
HDAC4	ESR1	['BioGRID']	1
HDAC4	NCOR1	['BioGRID']	1
HDAC4	YWHAH	['BioPlex_293T', 'BioGRID']	2
HDAC4	KRT31	['IntAct', 'HuRI']	2
HDAC4	TRIM27	['IntAct', 'HuRI']	2
HDAC4	ELAVL1	['BioGRID']	1
HDAC4	SP1	['BioGRID']	1
HDAC4	YWHAB	['BioPlex_293T', 'BioGRID']	2
HDAC4	MAPK1	['BioGRID']	1
HDAC4	MTUS2	['IntAct', 'HuRI']	2
HDAC4	ZBTB16	['BioGRID']	1
HDAC4	MAPK3	['BioGRID']	1
HDAC4	GOLGA2	['IntAct']	1
HDAC4	SIRT1	['BioGRID']	1
HDAC4	YY1	['BioGRID']	1
HDAC4	NCOR2	['BioGRID']	1
HDAC4	YWHAE	['IntAct', 'BioGRID', 'HuRI']	3
HDAC4	GNB1	['BioGRID']	1
HDAC4	NR1H2	['BioGRID']	1
HDAC4	SMAD3	['BioGRID']	1
HDAC4	GRIPAP1	['IntAct']	1
HDAC4	KRT34	['IntAct', 'HuRI']	2
NMU	APP	['BioPlex_HCT116']	1
NMU	VIP	['BioPlex_HCT116']	1
NMU	CHRNA4	['BioPlex_293T']	1
NMU	NOTCH2NLC	['IntAct']	1
NMU	NOTCH2NLA	['IntAct', 'HuRI']	2
NMU	KRT34	['IntAct', 'HuRI']	2
NMU	GAL	['BioPlex_HCT116']	1
NMU	BRICD5	['BioPlex_HCT116']	1
NMU	PTGS1	['IntAct']	1
NMU	NMUR2	['BioGRID']	1
NMU	KRTAP12-3	['IntAct', 'HuRI']	2
NMU	TNFSF8	['BioPlex_HCT116']	1
NMU	CEACAM8	['BioPlex_293T']	1
NMU	SFTPC	['BioPlex_HCT116']	1
NMU	CYSRT1	['IntAct']	1
NMU	TMEM106A	['BioPlex_293T', 'BioPlex_HCT116']	2
NMU	KLK6	['IntAct']	1
NMU	CSTL1	['BioPlex_293T']	1
NMU	PRG2	['BioPlex_HCT116']	1
NMU	GINM1	['BioPlex_293T']	1
NMU	LEP	['BioPlex_HCT116']	1
NMU	DCDC2	['IntAct', 'HuRI']	2
HACD2	BSCL2	['BioPlex_293T']	1
HACD2	ATP2A3	['BioPlex_293T', 'BioPlex_HCT116']	2
HACD2	CASP6	['BioPlex_293T']	1
HACD2	CREB3L1	['IntAct', 'HuRI']	2
HACD2	TTYH1	['BioPlex_293T']	1
HACD2	GPR182	['BioPlex_293T']	1
HACD2	TMX2	['IntAct', 'HuRI']	2
HACD2	SLC22A4	['BioPlex_293T']	1
HACD2	SLC39A4	['BioPlex_293T']	1
HACD2	SPPL2B	['BioPlex_293T']	1
HACD2	APLNR	['BioPlex_293T']	1
HACD2	OPRL1	['BioPlex_293T']	1
HACD2	ATP13A3	['BioPlex_293T']	1
HACD2	KCNA2	['BioPlex_293T']	1
HACD2	PTH2R	['BioPlex_293T']	1
HACD2	FAM209A	['IntAct', 'HuRI']	2
HACD2	TACR1	['BioPlex_293T']	1
HACD2	ADCY8	['BioPlex_293T']	1
NOX1	FBXW7	['BioGRID']	1
NOX1	NOXA1	['BioGRID']	1
NOX1	TBXA2R	['IntAct']	1
NOX1	PPP2R3B	['BioPlex_293T']	1
TRPM8	TRPM4	['BioPlex_293T']	1
TRPM8	PCNX3	['BioPlex_293T']	1
TRPM8	STX5	['BioPlex_293T']	1
TRPM8	CKAP2	['BioPlex_293T']	1
TRPM8	KCNJ11	['BioPlex_293T']	1
TRPM8	TRIM4	['BioGRID']	1
MEIS2	PMP22	['IntAct']	1
MEIS2	ADRA2C	['IntAct', 'HuRI']	2
MEIS2	LMX1B	['BioPlex_293T']	1
MEIS2	ANXA1	['HuRI']	1
MEIS2	KRTAP10-8	['IntAct', 'HuRI']	2
MEIS2	TIMM10B	['IntAct', 'HuRI']	2
GABRB3	UBQLN1	['BioGRID']	1
GABRB3	CHRNA4	['BioPlex_293T']	1
GABRB3	CHRNB4	['BioPlex_293T']	1
GABRB3	GLRA3	['BioPlex_293T']	1
GABRB3	AKAP5	['BioGRID']	1
GABRB3	GABRA1	['IntAct']	1
EFHC1	TRAF2	['IntAct', 'HuRI']	2
EFHC1	TLE5	['IntAct', 'HuRI']	2
EFHC1	KLF11	['IntAct']	1
EFHC1	LMO2	['IntAct', 'HuRI']	2
EFHC1	REL	['IntAct', 'HuRI']	2
EFHC1	TRIP6	['IntAct']	1
EFHC1	GOLGA2	['IntAct']	1
EFHC1	TCF4	['IntAct', 'HuRI']	2
EFHC1	FMR1	['IntAct', 'HuRI']	2
EFHC1	TRPM2	['BioGRID']	1
KRAS	APP	['IntAct', 'BioGRID']	2
KRAS	RAF1	['IntAct', 'BioGRID']	2
KRAS	NEDD4	['BioGRID']	1
KRAS	EGFR	['BioGRID']	1
KRAS	YWHAZ	['BioGRID']	1
KRAS	CTNNB1	['BioGRID']	1
KRAS	YWHAB	['BioGRID']	1
KRAS	YWHAE	['BioGRID']	1
KRAS	DLG1	['BioGRID']	1
KRAS	HSP90AB1	['BioGRID']	1
KRAS	IGF1R	['BioGRID']	1
KRAS	TRAF7	['BioGRID']	1
KRAS	BRAF	['BioPlex_293T', 'BioGRID']	2
KRAS	KPNA2	['BioGRID']	1
KRAS	MAP2K1	['BioGRID']	1
KRAS	HRAS	['BioGRID']	1
KRAS	PIK3CG	['BioGRID']	1
KRAS	PIP5K1A	['IntAct', 'BioGRID']	2
KRAS	ARF1	['BioGRID']	1
KRAS	PIK3CA	['BioGRID']	1
NF1	APP	['IntAct']	1
NF1	YWHAG	['BioGRID']	1
NF1	SPRED1	['IntAct', 'BioGRID']	2
NF1	VCP	['BioGRID']	1
NF1	EGFR	['BioGRID']	1
NF1	YWHAZ	['BioGRID']	1
NF1	YWHAH	['BioPlex_293T', 'BioGRID']	2
NF1	EFNB1	['BioPlex_293T']	1
NF1	YWHAB	['BioGRID']	1
NF1	YWHAE	['BioGRID']	1
NF1	HRAS	['IntAct', 'BioGRID']	2
NF1	GYPA	['BioPlex_293T']	1
NF1	P4HA3	['BioPlex_293T']	1
NF1	LCK	['BioGRID']	1
IL1R1	TOLLIP	['BioGRID']	1
IL1R1	IRAK1	['BioGRID']	1
IL1R1	MFAP3	['BioPlex_293T']	1
IL1R1	PIK3R1	['BioGRID']	1
IL1R1	TUBB8	['BioPlex_293T']	1
IL1R1	TRAF6	['IntAct', 'BioGRID']	2
IL1R1	BMPR1A	['BioPlex_293T']	1
IL1R1	IL1RAP	['IntAct', 'BioGRID']	2
IL1R1	TNFRSF10B	['BioPlex_293T']	1
IL1R1	MYD88	['BioGRID']	1
SLC39A4	CISD2	['BioPlex_293T']	1
SLC39A4	CKAP4	['BioPlex_HCT116']	1
SLC39A4	SLC4A2	['BioPlex_HCT116']	1
SLC39A4	FFAR1	['BioPlex_HCT116']	1
SLC39A4	GPRC5C	['BioPlex_293T']	1
SLC39A4	TMEM106A	['BioPlex_HCT116']	1
SLC39A4	EFNB1	['BioPlex_293T']	1
SLC39A4	SIDT2	['BioPlex_293T']	1
SLC39A4	UBAC2	['BioPlex_HCT116']	1
SLC39A4	SFTPC	['BioPlex_HCT116']	1
SLC39A4	FITM2	['BioPlex_293T']	1
SLC39A4	C1orf43	['BioPlex_293T']	1
SLC39A4	GOLM1	['BioPlex_293T', 'BioPlex_HCT116']	2
SLC39A4	GPR89A	['BioPlex_293T']	1
SLC39A4	SPPL2B	['BioPlex_HCT116']	1
SLC39A4	GJA1	['BioPlex_293T']	1
SLC39A4	OMA1	['BioPlex_293T']	1
SLC39A4	LEMD2	['BioPlex_293T', 'BioPlex_HCT116']	2
SLC39A4	C5AR1	['BioPlex_HCT116']	1
SLC39A4	MGST3	['BioPlex_HCT116']	1
SLC39A4	FAAH	['BioPlex_HCT116']	1
SLC39A4	TMEM87A	['BioPlex_HCT116']	1
SLC39A4	ATP2B4	['BioPlex_293T']	1
SLC39A4	TMEM63B	['BioPlex_293T', 'BioPlex_HCT116']	2
SLC39A4	P2RY2	['BioPlex_HCT116']	1
SLC39A4	ATP13A3	['BioPlex_HCT116']	1
SLC39A4	TMEM201	['BioPlex_HCT116']	1
SLC39A4	FUT8	['BioPlex_293T', 'BioPlex_HCT116']	2
SLC39A4	TMEM120B	['BioPlex_293T', 'BioPlex_HCT116']	2
LONP2	PRKN	['BioGRID']	1
LONP2	LY86	['BioPlex_293T']	1
LONP2	OS9	['BioPlex_293T', 'BioGRID']	2
LONP2	PEX5	['BioGRID']	1
LONP2	RNF181	['BioPlex_293T']	1
LONP2	IL17A	['BioPlex_293T', 'BioPlex_HCT116']	2
TIMM8B	TIMM13	['BioGRID']	1
TIMM8B	PDYN	['BioPlex_293T']	1
GRM4	CD99L2	['BioPlex_293T']	1
GRM4	GRM7	['BioPlex_293T']	1
IL17RA	PDGFRA	['BioPlex_HCT116']	1
IL17RA	PRG2	['BioPlex_HCT116']	1
IL17RA	LGI1	['BioPlex_293T']	1
IL17RA	LY86	['BioPlex_HCT116']	1
IL17RA	FBXO2	['BioPlex_293T', 'BioPlex_HCT116']	2
IL17RA	TMX2	['BioPlex_293T']	1
IL17RA	GPIHBP1	['BioPlex_HCT116']	1
IL17RA	ACAD11	['BioPlex_293T']	1
IL17RA	CBLN4	['BioPlex_HCT116']	1
IL17RA	C1orf43	['BioPlex_293T']	1
IL17RA	TRAF6	['BioGRID']	1
IL17RA	SDF2L1	['BioPlex_HCT116']	1
IL17RA	PDE3B	['BioPlex_293T']	1
IL17RA	C2CD2L	['BioPlex_293T']	1
IL17RA	STX5	['BioPlex_293T']	1
IL17RA	ANKLE2	['BioPlex_293T']	1
IL17RA	IL17A	['BioPlex_HCT116']	1
IL17RA	TAOK2	['BioPlex_293T']	1
IL17RA	USP33	['BioPlex_293T']	1
IL17RA	TMEM87A	['BioPlex_HCT116']	1
ABCB9	TTYH1	['BioPlex_293T']	1
ABCB9	GRIN2A	['BioPlex_293T']	1
ABCB9	TTMP	['BioPlex_293T']	1
ABCB9	KCNA2	['BioPlex_293T']	1
ABCB9	RXFP1	['BioPlex_293T']	1
ABCB9	ATP2B2	['BioPlex_293T']	1
ABCB9	CNGA3	['BioPlex_293T']	1
ABCB9	GRIN3B	['BioPlex_293T']	1
ABCB9	PIK3CA	['BioPlex_293T']	1
ABCB9	TLR9	['BioPlex_293T']	1
PIGR	ARMC6	['BioPlex_HCT116']	1
PIGR	ATP11C	['BioPlex_293T']	1
PIGR	GNG8	['BioPlex_293T']	1
PIGR	TMEM237	['BioPlex_293T']	1
PIGR	SCAMP2	['BioPlex_HCT116']	1
PIGR	LRRC8E	['BioPlex_HCT116']	1
PIGR	LGALS1	['BioPlex_293T']	1
PIGR	KLK10	['BioPlex_HCT116']	1
PIGR	NOX4	['BioPlex_293T']	1
PIGR	NPB	['BioPlex_293T']	1
MAP3K7	TRAF2	['BioGRID']	1
MAP3K7	PRKN	['BioGRID']	1
MAP3K7	STUB1	['BioGRID']	1
MAP3K7	UBC	['IntAct', 'BioGRID']	2
MAP3K7	CDC37	['IntAct', 'BioPlex_293T', 'BioPlex_HCT116', 'BioGRID']	4
MAP3K7	LY86	['BioPlex_293T']	1
MAP3K7	IRAK1	['BioGRID']	1
MAP3K7	YWHAH	['BioPlex_293T']	1
MAP3K7	MAPK8	['BioGRID']	1
MAP3K7	KCNE3	['BioPlex_293T']	1
MAP3K7	IKBKG	['BioGRID']	1
MAP3K7	TNFRSF1B	['BioPlex_293T']	1
MAP3K7	YWHAE	['BioGRID']	1
MAP3K7	TLR3	['BioGRID']	1
MAP3K7	TH	['BioPlex_293T']	1
MAP3K7	RACK1	['BioGRID']	1
MAP3K7	HSP90AB1	['BioGRID']	1
MAP3K7	STAT3	['IntAct', 'BioGRID']	2
MAP3K7	TGFBR1	['BioGRID']	1
MAP3K7	HSP90AA1	['IntAct', 'BioGRID']	2
MAP3K7	TRAF6	['IntAct', 'BioGRID']	2
MAP3K7	NDFIP1	['BioGRID']	1
MAP3K7	IKBKB	['IntAct', 'BioGRID']	2
MAP3K7	TNFRSF1A	['BioGRID']	1
MAP3K7	EZR	['BioGRID']	1
MAP3K7	CHUK	['IntAct', 'BioGRID']	2
MAP3K7	TNF	['BioGRID']	1
MAP3K7	CYLD	['BioGRID']	1
MAP3K7	TRAF3	['BioGRID']	1
MAP3K7	USP4	['BioGRID']	1
NDN	WFS1	['IntAct']	1
NDN	TP53	['IntAct', 'BioGRID']	2
NDN	HTT	['IntAct']	1
NDN	DTNBP1	['BioGRID', 'HuRI']	2
NDN	EGFR	['IntAct']	1
NDN	PPIA	['BioGRID']	1
NDN	HSPB1	['IntAct']	1
NDN	NCL	['IntAct']	1
NDN	GOLGA2	['BioGRID']	1
NDN	P4HA3	['BioGRID']	1
NDN	NGFR	['BioGRID']	1
NDN	SIRT1	['BioGRID']	1
NDN	LEPR	['BioGRID']	1
PER2	TP53	['BioGRID']	1
PER2	APPBP2	['BioPlex_293T']	1
PER2	JUN	['BioPlex_293T']	1
PER2	ACAD11	['BioPlex_293T']	1
PER2	PER1	['IntAct', 'HuRI']	2
PER2	GOLGA3	['BioPlex_293T']	1
PER2	CSNK1E	['IntAct', 'BioPlex_293T', 'BioPlex_HCT116', 'BioGRID', 'HuRI']	5
PER2	CSNK1D	['IntAct', 'BioPlex_293T', 'BioPlex_HCT116', 'BioGRID', 'HuRI']	5
PER2	PIP5K1A	['BioPlex_293T']	1
PER2	MDM2	['BioGRID']	1
PER2	FBXW11	['BioPlex_293T', 'BioGRID']	2
PER2	WASHC3	['BioPlex_293T']	1
LAMP2	ADAMTSL4	['IntAct']	1
LAMP2	COL2A1	['IntAct']	1
LAMP2	JAK1	['BioPlex_293T']	1
LAMP2	TP53	['IntAct']	1
LAMP2	RELA	['IntAct']	1
LAMP2	TGM1	['IntAct']	1
LAMP2	CASP6	['IntAct']	1
LAMP2	EP300	['BioGRID']	1
LAMP2	STK39	['BioPlex_293T']	1
LAMP2	LGALS9	['BioGRID']	1
LAMP2	MYC	['IntAct']	1
LAMP2	TAFAZZIN	['BioPlex_293T']	1
LAMP2	SNCA	['IntAct']	1
LAMP2	CYP2S1	['BioPlex_293T']	1
LAMP2	PPARA	['IntAct']	1
LAMP2	RBBP4	['IntAct']	1
LAMP2	NEK6	['BioPlex_293T']	1
LAMP2	TRIM23	['IntAct']	1
LAMP2	CDC23	['IntAct']	1
LAMP2	CD4	['IntAct']	1
LAMP2	CANX	['BioGRID']	1
LAMP2	LGALS9C	['IntAct']	1
LAMP2	KCTD17	['IntAct']	1
LAMP2	TTYH1	['IntAct']	1
LAMP2	PTGDS	['IntAct']	1
LAMP2	LYN	['BioGRID']	1
LAMP2	NR2F2	['BioPlex_293T']	1
LAMP2	FYN	['IntAct']	1
LAMP2	UCHL1	['IntAct', 'BioGRID']	2
LAMP2	HSPA8	['BioGRID']	1
LAMP2	CTNNB1	['IntAct']	1
LAMP2	LGALS1	['BioPlex_293T']	1
GLRX3	ADAMTSL4	['HuRI']	1
GLRX3	LNX1	['IntAct', 'HuRI']	2
GLRX3	PRKN	['BioGRID']	1
GLRX3	TLE5	['IntAct']	1
GLRX3	MDFI	['IntAct']	1
GLRX3	NOTCH2NLA	['IntAct', 'HuRI']	2
GLRX3	KRT31	['IntAct', 'HuRI']	2
GLRX3	ZNF410	['IntAct', 'HuRI']	2
GLRX3	KCTD17	['BioPlex_HCT116']	1
GLRX3	KRTAP10-8	['IntAct', 'HuRI']	2
GLRX3	KRTAP12-3	['IntAct', 'HuRI']	2
GLRX3	KPRP	['IntAct', 'HuRI']	2
GLRX3	NTF4	['IntAct', 'HuRI']	2
GLRX3	RGS20	['IntAct', 'BioPlex_293T', 'BioPlex_HCT116', 'BioGRID', 'HuRI']	5
GLRX3	TCF4	['IntAct', 'HuRI']	2
GLRX3	IL10	['IntAct', 'HuRI']	2
TLR9	SNX14	['BioPlex_293T']	1
TLR9	CNPY3	['BioPlex_293T']	1
TLR9	PDZD8	['BioPlex_293T']	1
TLR9	HSPA5	['BioPlex_293T']	1
TLR9	PDE3B	['BioPlex_293T']	1
TLR9	TMEM63B	['BioPlex_293T']	1
TLR9	DIPK1A	['BioPlex_293T']	1
TLR9	DNAJC18	['BioPlex_293T']	1
TLR9	ADCY3	['BioPlex_293T']	1
TLR9	TNFAIP3	['BioGRID']	1
TLR9	MYD88	['BioGRID']	1
EFNB2	EIF2B2	['BioPlex_293T']	1
EFNB2	EFNB1	['BioPlex_293T']	1
EFNB2	TM9SF3	['BioPlex_293T']	1
EFNB2	ATP2B2	['BioPlex_293T']	1
EFNB2	EIF2B4	['BioPlex_293T']	1
KRTAP12-3	ADAMTSL4	['IntAct', 'HuRI']	2
KRTAP12-3	LNX1	['IntAct', 'HuRI']	2
KRTAP12-3	NOTCH2NLC	['IntAct']	1
KRTAP12-3	MEOX2	['HuRI']	1
KRTAP12-3	KRTAP10-7	['IntAct', 'HuRI']	2
KRTAP12-3	CYSRT1	['IntAct']	1
KRTAP12-3	NOTCH2NLA	['HuRI']	1
KRTAP12-3	SLC15A2	['IntAct', 'HuRI']	2
KRTAP12-3	KRTAP10-8	['IntAct', 'HuRI']	2
KRTAP12-3	KPRP	['IntAct', 'HuRI']	2
KRTAP12-3	YY1	['IntAct', 'HuRI']	2
KRTAP12-3	P2RX4	['IntAct', 'HuRI']	2
KRTAP12-3	ITGB4	['IntAct', 'HuRI']	2
KRTAP12-3	P4HB	['IntAct', 'HuRI']	2
KRTAP12-3	HOXA1	['IntAct', 'HuRI']	2
KRTAP12-3	PTGDS	['IntAct', 'HuRI']	2
GAPDHS	SPG21	['BioPlex_293T']	1
GAPDHS	GRIA1	['BioPlex_293T']	1
GAPDHS	TRIP6	['BioPlex_293T']	1
GAPDHS	H1-4	['BioPlex_HCT116']	1
GAPDHS	CDA	['BioPlex_HCT116']	1
GAPDHS	GAPDH	['IntAct', 'BioPlex_293T']	2
GAPDHS	ICA1	['BioPlex_HCT116']	1
GAPDHS	MGST3	['BioPlex_293T']	1
GAPDHS	PROK2	['BioPlex_HCT116']	1
GAPDHS	GLRB	['BioPlex_293T']	1
GAPDHS	PDYN	['BioPlex_HCT116']	1
STUB1	SRC	['BioGRID']	1
STUB1	CISD2	['IntAct']	1
STUB1	DNAJC5	['BioGRID']	1
STUB1	WFS1	['IntAct']	1
STUB1	JAK1	['BioGRID']	1
STUB1	TP53	['BioGRID']	1
STUB1	MAPT	['IntAct', 'BioGRID']	2
STUB1	TRAF2	['BioGRID']	1
STUB1	PRKN	['IntAct', 'BioGRID']	2
STUB1	CCNF	['BioGRID']	1
STUB1	ATXN1	['BioGRID']	1
STUB1	LMNA	['IntAct']	1
STUB1	SPRED1	['IntAct']	1
STUB1	FBXO2	['BioGRID']	1
STUB1	HSPA8	['IntAct', 'BioPlex_HCT116', 'BioGRID']	3
STUB1	EGFR	['IntAct', 'BioGRID']	2
STUB1	IRAK1	['BioGRID']	1
STUB1	SMAD3	['BioGRID']	1
STUB1	NCAM1	['IntAct']	1
STUB1	COMT	['IntAct']	1
STUB1	CASP6	['BioGRID']	1
STUB1	CDC37	['BioGRID']	1
STUB1	BACE1	['BioGRID']	1
STUB1	DMWD	['IntAct']	1
STUB1	GAL	['IntAct']	1
STUB1	ESR1	['BioGRID']	1
STUB1	S100A2	['BioGRID']	1
STUB1	UBC	['BioGRID']	1
STUB1	ACE2	['BioGRID']	1
STUB1	VCP	['BioGRID']	1
STUB1	HTT	['IntAct']	1
STUB1	SOD1	['BioGRID']	1
STUB1	HSPB1	['IntAct']	1
STUB1	LRP1	['IntAct']	1
STUB1	RAF1	['IntAct', 'BioGRID']	2
STUB1	UBE2D2	['IntAct', 'BioGRID']	2
STUB1	PRKACA	['IntAct', 'BioGRID']	2
STUB1	ADCY3	['BioPlex_HCT116']	1
STUB1	ERBB2	['BioGRID']	1
STUB1	RFFL	['BioGRID']	1
STUB1	TRAF6	['BioGRID']	1
STUB1	NOS1	['BioGRID']	1
STUB1	CUL3	['BioGRID']	1
STUB1	FADD	['BioGRID']	1
STUB1	TRIM68	['BioPlex_HCT116']	1
STUB1	CTNNB1	['BioGRID']	1
STUB1	HSP90AB1	['IntAct', 'BioGRID']	2
STUB1	HSPA1B	['IntAct', 'BioPlex_HCT116', 'BioGRID']	3
STUB1	A2M	['IntAct']	1
STUB1	CTBP2	['BioGRID']	1
STUB1	AKT1	['IntAct', 'BioGRID']	2
STUB1	IRF1	['BioGRID']	1
STUB1	MYC	['BioGRID']	1
STUB1	PIK3R1	['IntAct']	1
STUB1	UBE2D1	['BioGRID']	1
STUB1	SQSTM1	['IntAct']	1
STUB1	RUNX1	['BioGRID']	1
STUB1	BSCL2	['IntAct']	1
STUB1	HSP90AA1	['IntAct', 'BioGRID']	2
STUB1	FGFR3	['BioGRID']	1
STUB1	FYN	['IntAct']	1
STUB1	NGFR	['IntAct']	1
STUB1	RNF149	['BioGRID']	1
STUB1	SNCA	['IntAct', 'BioGRID']	2
STUB1	BAG3	['IntAct', 'BioGRID']	2
UBR3	GLRA2	['BioPlex_293T']	1
UBR3	TMEM87A	['BioPlex_293T', 'BioPlex_HCT116']	2
UBR3	VIP	['BioPlex_HCT116']	1
PSEN1	APP	['IntAct', 'BioGRID']	2
PSEN1	UBQLN1	['IntAct', 'BioGRID']	2
PSEN1	UBC	['BioGRID']	1
PSEN1	CDC37	['BioGRID']	1
PSEN1	CTNNB1	['BioGRID']	1
PSEN1	BCL2	['BioGRID']	1
PSEN1	KCNIP3	['BioGRID']	1
PSEN1	GFAP	['BioGRID']	1
PSEN1	PSMA5	['BioGRID']	1
PSEN1	TGFBR1	['BioGRID']	1
PSEN1	SPPL2B	['BioPlex_293T', 'BioPlex_HCT116']	2
PSEN1	NOTCH1	['BioGRID']	1
PSEN1	CDH1	['IntAct', 'BioGRID']	2
PSEN1	FMR1	['IntAct']	1
PSEN1	FTL	['IntAct']	1
PSEN1	BACE1	['IntAct']	1
PSEN1	TRAF6	['BioGRID']	1
PSEN1	SYNGR1	['BioPlex_HCT116']	1
PSEN1	AP2B1	['IntAct']	1
PTAFR	CLTC	['BioGRID']	1
PTAFR	EIF2B2	['BioPlex_HCT116']	1
PTAFR	TMEM259	['BioPlex_HCT116']	1
PTAFR	ATP13A1	['BioPlex_HCT116']	1
PTAFR	GPRC5C	['BioPlex_HCT116']	1
PTAFR	YIPF3	['BioPlex_HCT116']	1
PTAFR	SCAMP2	['BioPlex_HCT116']	1
PTAFR	ATP1A3	['BioPlex_HCT116']	1
PTAFR	PRNP	['BioGRID']	1
PTAFR	ATP12A	['BioPlex_HCT116']	1
PTAFR	TM9SF4	['BioPlex_HCT116']	1
PTAFR	KIAA2013	['BioPlex_HCT116']	1
PTAFR	ATE1	['BioPlex_HCT116']	1
PTAFR	ARRB1	['BioGRID']	1
PTAFR	EIF2B5	['BioPlex_HCT116']	1
PTAFR	EIF2B4	['BioPlex_HCT116']	1
PTAFR	GOLGA5	['BioPlex_HCT116']	1
PTAFR	TBL2	['BioPlex_HCT116']	1
NR2F6	CDH1	['BioPlex_293T']	1
NR2F6	NR2F2	['IntAct', 'BioPlex_293T', 'BioGRID']	3
NR2F6	GPM6A	['BioPlex_293T']	1
NR2F6	RXRG	['BioPlex_293T']	1
NR2F6	APLNR	['BioPlex_293T']	1
TAC1	BAG6	['BioGRID']	1
TAC1	TACR1	['BioGRID']	1
TAC1	TACR2	['BioGRID']	1
PKMYT1	RETREG3	['IntAct', 'HuRI']	2
PKMYT1	PRG2	['BioPlex_HCT116']	1
PKMYT1	EEF1AKMT3	['BioPlex_HCT116']	1
PKMYT1	ZDHHC12	['BioPlex_293T']	1
PKMYT1	MAPK8	['BioGRID']	1
PKMYT1	FATE1	['IntAct', 'HuRI']	2
PKMYT1	TMEM106A	['BioPlex_HCT116']	1
PKMYT1	BCL2	['BioPlex_HCT116']	1
PKMYT1	CD3E	['IntAct', 'HuRI']	2
PKMYT1	TMX2	['IntAct', 'HuRI']	2
PKMYT1	KCNE3	['BioPlex_293T']	1
PKMYT1	PIGH	['BioPlex_HCT116']	1
PKMYT1	PIN1	['BioGRID']	1
PKMYT1	CD79A	['IntAct', 'HuRI']	2
PKMYT1	ACTA2	['BioPlex_293T']	1
PKMYT1	MAPK10	['BioGRID']	1
PKMYT1	OR6T1	['BioPlex_293T']	1
PKMYT1	CHRNA7	['BioPlex_293T']	1
PKMYT1	IL4R	['BioPlex_293T']	1
LGALS9	FN1	['BioPlex_293T']	1
LGALS9	NHERF2	['BioPlex_293T']	1
LGALS9	TRPM4	['BioPlex_HCT116']	1
LGALS9	SLC12A6	['BioPlex_293T', 'BioPlex_HCT116', 'BioGRID']	3
LGALS9	LGALS8	['BioPlex_HCT116']	1
LGALS9	SLC12A7	['BioPlex_293T', 'BioPlex_HCT116']	2
LGALS9	ATP2B4	['BioPlex_293T', 'BioPlex_HCT116']	2
LGALS9	NTSR1	['BioPlex_HCT116']	1
LGALS9	LGALS9C	['BioPlex_HCT116']	1
LGALS9	ATG9A	['BioPlex_293T', 'BioPlex_HCT116', 'BioGRID']	3
LGALS9	SLC6A6	['BioPlex_293T', 'BioPlex_HCT116']	2
LGALS9	TMEM63B	['BioPlex_HCT116']	1
LGALS9	SORL1	['BioPlex_293T']	1
LGALS9	LAMB1	['BioPlex_293T']	1
LGALS9	LAMA4	['BioPlex_293T']	1
LGALS9	ATP13A3	['BioPlex_293T', 'BioPlex_HCT116']	2
LGALS9	SLC30A1	['BioPlex_HCT116', 'BioGRID']	2
LGALS9	MAN2B1	['BioPlex_293T']	1
LGALS9	LGALS9B	['BioPlex_293T', 'BioPlex_HCT116']	2
LGALS9	SLC12A2	['BioPlex_293T', 'BioPlex_HCT116', 'BioGRID']	3
LGALS9	LNPEP	['BioPlex_293T']	1
LGALS9	LGALS3	['BioPlex_293T']	1
LGALS9	MFAP3	['BioPlex_293T']	1
LGALS9	PTPN11	['BioPlex_293T', 'BioGRID']	2
LGALS9	ABCC4	['BioPlex_HCT116']	1
LGALS9	CTNNB1	['BioGRID']	1
KPNA2	FN1	['BioGRID']	1
KPNA2	HDAC1	['BioGRID']	1
KPNA2	BRCA1	['IntAct', 'BioGRID']	2
KPNA2	PRKN	['BioGRID']	1
KPNA2	ANLN	['BioGRID']	1
KPNA2	CCNF	['BioGRID']	1
KPNA2	NECAB2	['IntAct', 'HuRI']	2
KPNA2	RELA	['BioGRID']	1
KPNA2	KRT40	['IntAct', 'HuRI']	2
KPNA2	JUN	['BioGRID']	1
KPNA2	CUL3	['BioGRID']	1
KPNA2	MYC	['BioGRID']	1
KPNA2	RBBP4	['BioGRID']	1
KPNA2	MBD3	['BioPlex_293T']	1
KPNA2	MDFI	['IntAct', 'HuRI']	2
KPNA2	RAN	['IntAct', 'BioGRID']	2
KPNA2	RAC1	['BioGRID']	1
KPNA2	FBXW11	['BioGRID']	1
KPNA2	CREBBP	['BioGRID']	1
KPNA2	AP2B1	['IntAct', 'HuRI']	2
KPNA2	PPP1CC	['BioGRID']	1
KPNA2	RAG1	['BioGRID']	1
KPNA2	NFE2L2	['IntAct']	1
TRIM27	HDAC1	['BioGRID']	1
TRIM27	LNX1	['IntAct', 'BioGRID', 'HuRI']	3
TRIM27	TP53	['BioGRID']	1
TRIM27	PRKN	['BioGRID']	1
TRIM27	TLE5	['IntAct', 'HuRI']	2
TRIM27	ANLN	['BioGRID']	1
TRIM27	BAG3	['IntAct', 'HuRI']	2
TRIM27	UBE2D1	['BioGRID']	1
TRIM27	SDCBP	['IntAct', 'HuRI']	2
TRIM27	UBC	['BioGRID']	1
TRIM27	UBE2D2	['BioGRID']	1
TRIM27	DTNBP1	['IntAct', 'HuRI']	2
TRIM27	SIAH1	['IntAct', 'HuRI']	2
TRIM27	ENKD1	['IntAct', 'HuRI']	2
TRIM27	NTAQ1	['IntAct', 'HuRI']	2
TRIM27	GRB2	['IntAct', 'HuRI']	2
TRIM27	NOTCH2NLA	['IntAct', 'HuRI']	2
TRIM27	SQSTM1	['BioGRID']	1
TRIM27	DTNB	['IntAct', 'HuRI']	2
TRIM27	ZBTB16	['IntAct', 'BioGRID', 'HuRI']	3
TRIM27	MDM2	['BioGRID']	1
TRIM27	HGS	['IntAct']	1
TRIM27	CHUK	['BioGRID']	1
TRIM27	PIAS2	['BioGRID']	1
TRIM27	PIN1	['IntAct', 'HuRI']	2
TRIM27	RXRB	['HuRI']	1
TRIM27	KAT5	['IntAct', 'HuRI']	2
TRIM27	KCTD9	['IntAct', 'HuRI']	2
TRIM27	REL	['IntAct']	1
TRIM27	DISC1	['IntAct', 'BioPlex_293T']	2
TRIM27	IKBKE	['BioGRID']	1
TRIM27	KXD1	['BioPlex_293T', 'BioPlex_HCT116']	2
TRIM27	NEK6	['IntAct', 'HuRI']	2
TRIM27	SIRPA	['HuRI']	1
TRIM27	TRIM23	['BioGRID']	1
TRIM27	TBK1	['BioGRID']	1
TRIM27	IKBKB	['BioGRID']	1
TRIM27	CDC23	['IntAct', 'HuRI']	2
TRIM27	CBX6	['BioPlex_HCT116']	1
TRIM27	GFAP	['IntAct', 'HuRI']	2
TRIM27	MAP7	['BioPlex_293T']	1
VSIG8	CKAP4	['BioPlex_HCT116']	1
VSIG8	DTNBP1	['BioPlex_HCT116']	1
VSIG8	DRD3	['BioPlex_HCT116']	1
VSIG8	HSPA5	['BioPlex_293T']	1
VSIG8	SPSB4	['BioPlex_293T']	1
VSIG8	FSTL1	['BioPlex_HCT116']	1
VSIG8	IDO1	['BioPlex_HCT116']	1
VSIG8	HSPA8	['BioPlex_293T', 'BioGRID']	2
BRAF	YWHAQ	['IntAct', 'BioPlex_293T', 'BioGRID']	3
BRAF	JAK1	['IntAct']	1
BRAF	YWHAG	['IntAct', 'BioPlex_293T', 'BioGRID']	3
BRAF	VHL	['IntAct']	1
BRAF	TP53	['IntAct']	1
BRAF	HSPA1B	['BioGRID']	1
BRAF	RAF1	['IntAct', 'BioPlex_293T', 'BioGRID']	3
BRAF	PRKAB2	['IntAct']	1
BRAF	CDC37	['BioPlex_293T', 'BioPlex_HCT116', 'BioGRID']	3
BRAF	YWHAZ	['IntAct', 'BioPlex_293T', 'BioGRID']	3
BRAF	HSPA5	['BioGRID']	1
BRAF	AKT1	['IntAct', 'BioGRID']	2
BRAF	YWHAH	['BioPlex_293T', 'BioGRID']	2
BRAF	IQGAP1	['IntAct', 'BioGRID']	2
BRAF	YWHAB	['IntAct', 'BioPlex_293T', 'BioGRID']	3
BRAF	MAPK1	['BioGRID']	1
BRAF	NEDD4L	['BioGRID']	1
BRAF	PIK3R1	['IntAct']	1
BRAF	HSPA8	['BioGRID']	1
BRAF	YWHAE	['IntAct', 'BioPlex_293T', 'BioGRID']	3
BRAF	HSPB1	['BioGRID']	1
BRAF	ARRB2	['IntAct']	1
BRAF	HSP90AB1	['IntAct', 'BioGRID']	2
BRAF	IGF1R	['IntAct']	1
BRAF	HSP90AA1	['BioGRID']	1
BRAF	MAPK3	['BioGRID']	1
BRAF	MAPK10	['IntAct']	1
BRAF	MAP2K1	['IntAct', 'BioPlex_293T', 'BioGRID']	3
BRAF	ARRB1	['IntAct']	1
BRAF	IKBKB	['IntAct']	1
BRAF	PRKCE	['IntAct']	1
BRAF	PIK3CG	['IntAct']	1
BRAF	HRAS	['IntAct', 'BioPlex_293T', 'BioGRID']	3
BRAF	CDC27	['IntAct']	1
ATP11C	SLC6A1	['BioPlex_293T']	1
ATP11C	LCN1	['BioPlex_293T']	1
ATP11C	JCHAIN	['BioPlex_293T']	1
ATP11C	PTGIR	['BioPlex_293T']	1
ATP11C	GCNT3	['BioPlex_293T']	1
ATP11C	CST4	['BioPlex_293T']	1
ATP11C	ZDHHC12	['BioPlex_293T']	1
ATP11C	SIDT2	['BioPlex_293T']	1
ATP11C	RXFP1	['BioPlex_293T']	1
ATP11C	IGHA2	['BioPlex_293T']	1
ATP11C	P2RY1	['BioPlex_293T']	1
ATP11C	MTUS2	['BioPlex_293T']	1
ATP11C	TTYH1	['BioPlex_293T']	1
NFKBIA	SRC	['BioPlex_293T']	1
NFKBIA	SPECC1L	['BioPlex_293T']	1
NFKBIA	TP53	['BioGRID']	1
NFKBIA	RELA	['IntAct', 'BioPlex_293T', 'BioGRID']	3
NFKBIA	NFKB1	['IntAct', 'BioPlex_293T', 'BioGRID']	3
NFKBIA	UBE2D1	['BioGRID']	1
NFKBIA	UBC	['IntAct']	1
NFKBIA	ENKD1	['IntAct', 'HuRI']	2
NFKBIA	VCP	['BioGRID']	1
NFKBIA	AKT1	['IntAct']	1
NFKBIA	REL	['IntAct', 'BioPlex_293T', 'BioPlex_HCT116', 'BioGRID']	4
NFKBIA	IKBKG	['IntAct', 'BioGRID']	2
NFKBIA	ARRB2	['BioGRID']	1
NFKBIA	NFKB2	['IntAct', 'BioPlex_293T', 'BioGRID']	3
NFKBIA	FBXW11	['IntAct', 'BioPlex_293T', 'BioGRID']	3
NFKBIA	NCOR2	['BioGRID']	1
NFKBIA	PIN1	['BioGRID']	1
NFKBIA	GRK5	['IntAct']	1
NFKBIA	CHUK	['IntAct', 'BioPlex_293T', 'BioGRID']	3
NFKBIA	TBK1	['BioGRID']	1
NFKBIA	IKBKE	['BioGRID']	1
NFKBIA	CSNK2B	['BioGRID']	1
NFKBIA	ARRB1	['BioGRID']	1
NFKBIA	GRK2	['IntAct']	1
NFKBIA	IKBKB	['IntAct', 'BioGRID']	2
RUNX1	HDAC1	['BioGRID']	1
RUNX1	BAG3	['IntAct', 'HuRI']	2
RUNX1	NEDD4	['BioGRID']	1
RUNX1	EP300	['BioGRID']	1
RUNX1	CEBPB	['BioGRID']	1
RUNX1	JUN	['BioGRID']	1
RUNX1	MYC	['BioGRID']	1
RUNX1	AKT1	['IntAct']	1
RUNX1	HGS	['IntAct', 'HuRI']	2
RUNX1	CTBP2	['BioGRID']	1
RUNX1	SMAD3	['BioGRID']	1
RUNX1	GPR55	['BioPlex_HCT116']	1
CNGA3	SNX14	['BioPlex_293T']	1
CNGA3	ATP2A3	['BioPlex_293T']	1
CNGA3	PDZD8	['BioPlex_293T']	1
CNGA3	TMX2	['BioPlex_293T']	1
CNGA3	C1orf43	['BioPlex_293T']	1
CNGA3	STX5	['BioPlex_293T']	1
CNGA3	ADCY3	['BioPlex_293T']	1
CNGA3	ANKLE2	['BioPlex_293T']	1
CNGA3	C2CD2L	['BioPlex_293T']	1
VLDLR	DAB1	['BioGRID']	1
VLDLR	RELN	['BioGRID']	1
VLDLR	LRP8	['BioGRID']	1
CYP19A1	SNX14	['BioPlex_HCT116']	1
CYP19A1	PDZD8	['BioPlex_HCT116']	1
CYP19A1	PCNX3	['BioPlex_HCT116']	1
CYP19A1	UBAC2	['BioPlex_HCT116']	1
CYP19A1	TMX2	['BioPlex_HCT116']	1
CYP19A1	PDE3B	['BioPlex_HCT116']	1
CYP19A1	ATP13A3	['BioPlex_HCT116']	1
CYP19A1	LRRC8E	['BioPlex_HCT116']	1
CYP19A1	ATG9A	['BioPlex_HCT116']	1
CYP19A1	FAAH	['BioPlex_HCT116']	1
CYP19A1	ADCY3	['BioPlex_HCT116']	1
CYP19A1	TMEM201	['BioPlex_HCT116']	1
CYP19A1	CYP2S1	['BioPlex_HCT116']	1
CTSS	TP53	['BioGRID']	1
CTSS	CKAP4	['BioGRID']	1
CTSS	SERPINH1	['BioGRID']	1
CTSS	ACTN1	['BioGRID']	1
CTSS	HYOU1	['BioGRID']	1
CTSS	PRKDC	['BioGRID']	1
CTSS	SDF2L1	['BioGRID']	1
CTSS	CNPY3	['BioGRID']	1
CTSS	OS9	['BioGRID']	1
CSF2RB	JAK1	['BioGRID']	1
CSF2RB	YWHAZ	['BioGRID']	1
CSF2RB	PTPN6	['BioGRID']	1
CSF2RB	LYN	['BioGRID']	1
CSF2RB	SHC1	['BioGRID']	1
CSF2RB	RACK1	['BioGRID']	1
CSF2RB	PTPN11	['BioGRID']	1
CSF2RB	JAK2	['IntAct', 'BioGRID']	2
CSF2RB	CSF2	['IntAct']	1
LRP1	APP	['IntAct']	1
LRP1	TUBA1A	['BioPlex_293T']	1
LRP1	DLG4	['BioGRID']	1
LRP1	EGFR	['IntAct', 'BioGRID']	2
LRP1	S100B	['IntAct']	1
LRP1	APOE	['IntAct']	1
LRP1	HSPA5	['BioPlex_293T']	1
LRP1	DAB1	['BioGRID']	1
LRP1	SHC1	['BioGRID']	1
LRP1	GIPC1	['BioGRID']	1
LRP1	HARS2	['BioPlex_293T']	1
LRP1	TUBB8	['BioPlex_293T']	1
LRP1	HSP90AA1	['BioGRID']	1
LRP1	NPRL3	['BioPlex_293T']	1
LRP1	CLU	['BioGRID']	1
LRP1	PTPN11	['BioGRID']	1
LRP1	TRMT44	['BioPlex_293T']	1
ACTBL2	ACTB	['BioPlex_293T', 'BioPlex_HCT116', 'BioGRID']	3
ACTBL2	RNF31	['BioPlex_293T']	1
ACTBL2	POTEF	['BioPlex_293T', 'BioPlex_HCT116']	2
ACTBL2	GSN	['BioPlex_293T']	1
ACTBL2	VHL	['BioPlex_293T']	1
ACTBL2	PRKN	['BioGRID']	1
ACTBL2	AGR2	['BioGRID']	1
ACTBL2	DPP4	['BioGRID']	1
ACTBL2	VIP	['BioPlex_293T']	1
ACTBL2	KCTD9	['BioPlex_293T']	1
ACTBL2	VAV1	['BioPlex_293T']	1
ACTBL2	ACTA2	['BioPlex_293T', 'BioGRID']	2
ACTBL2	OPRL1	['BioPlex_293T']	1
ACTBL2	CUL4B	['BioGRID']	1
ACTBL2	SRD5A1	['IntAct', 'BioPlex_293T']	2
TMEM179B	TMEM237	['IntAct', 'HuRI']	2
TMEM179B	TTYH1	['BioPlex_293T']	1
TMEM179B	CCDC167	['IntAct', 'HuRI']	2
TMEM179B	APOL2	['IntAct', 'HuRI']	2
TMEM179B	FATE1	['IntAct', 'HuRI']	2
TMEM179B	SIDT2	['BioPlex_293T', 'BioPlex_HCT116']	2
TMEM179B	CHRNA4	['BioPlex_293T']	1
TMEM179B	FCER1G	['HuRI']	1
TMEM179B	KCNK18	['BioPlex_293T']	1
TMEM179B	TTMP	['IntAct', 'HuRI']	2
TMEM179B	NMUR2	['BioPlex_293T']	1
TMEM179B	CANX	['BioGRID']	1
TMEM179B	C2CD2L	['IntAct', 'HuRI']	2
TMEM179B	LGALS3	['BioPlex_293T', 'BioPlex_HCT116']	2
TMEM179B	TMEM242	['IntAct', 'HuRI']	2
TMEM179B	PTGIR	['BioPlex_293T']	1
TMEM179B	TMEM14A	['IntAct', 'HuRI']	2
TMEM179B	ERGIC3	['IntAct', 'HuRI']	2
PTPRZ1	SPECC1L	['BioPlex_293T']	1
PTPRZ1	FYN	['BioGRID']	1
PTPRZ1	LGALS3	['BioPlex_293T']	1
PTPRZ1	LGALS1	['BioPlex_293T', 'BioGRID']	2
PTPRZ1	ACTA2	['BioPlex_293T']	1
PTPRZ1	ALK	['IntAct']	1
PTPRZ1	CDK5R1	['BioGRID']	1
PTPRZ1	PTN	['BioGRID']	1
PTPRZ1	VEGFA	['BioGRID']	1
CKAP4	CCR1	['BioPlex_HCT116']	1
CKAP4	PRKN	['BioGRID']	1
CKAP4	ANLN	['BioGRID']	1
CKAP4	FFAR1	['BioPlex_HCT116']	1
CKAP4	NRSN1	['BioPlex_HCT116']	1
CKAP4	CD274	['BioGRID']	1
CKAP4	HSPA5	['BioGRID']	1
CKAP4	CTSB	['BioGRID']	1
CKAP4	RANBP9	['BioGRID']	1
CKAP4	SAAL1	['BioPlex_293T']	1
CKAP4	SARAF	['BioPlex_HCT116']	1
CKAP4	DPP4	['BioGRID']	1
CKAP4	CANX	['BioGRID']	1
CKAP4	CUL3	['BioGRID']	1
CKAP4	GRIA1	['BioPlex_293T']	1
CKAP4	HMOX2	['BioPlex_HCT116', 'BioGRID']	2
CKAP4	NTRK1	['BioGRID']	1
CKAP4	TOR3A	['BioPlex_HCT116']	1
CKAP4	LPAR1	['BioPlex_293T', 'BioPlex_HCT116']	2
CKAP4	MYC	['BioGRID']	1
CKAP4	VAPB	['BioGRID']	1
ADCYAP1R1	APP	['IntAct']	1
ADCYAP1R1	CLU	['BioGRID']	1
ADCYAP1R1	ZDHHC15	['IntAct', 'HuRI']	2
ADCYAP1R1	ADCYAP1	['IntAct']	1
SERPINH1	PRKN	['BioGRID']	1
SERPINH1	ANLN	['BioGRID']	1
SERPINH1	ATXN1	['IntAct']	1
SERPINH1	MYC	['BioGRID']	1
SERPINH1	ESR1	['BioGRID']	1
SERPINH1	AGR2	['BioGRID']	1
SERPINH1	DPP4	['BioGRID']	1
SERPINH1	CDH1	['IntAct']	1
SERPINH1	YY1	['IntAct']	1
SERPINH1	ACE2	['BioGRID']	1
SERPINH1	OS9	['BioGRID']	1
SERPINH1	COL1A1	['IntAct']	1
SERPINH1	CSNK1D	['IntAct']	1
SERPINH1	SIGMAR1	['IntAct']	1
SERPINH1	CTSB	['BioGRID']	1
SERPINH1	NTRK1	['BioGRID']	1
SERPINH1	PTN	['IntAct']	1
SERPINH1	ARFGAP3	['IntAct']	1
ACP3	CCR1	['BioPlex_HCT116']	1
ACP3	RHBDD1	['BioPlex_HCT116']	1
ACP3	SARAF	['BioPlex_HCT116']	1
ACP3	ERBB2	['IntAct']	1
ACP3	NPPA	['BioPlex_293T']	1
ACP3	STX17	['BioPlex_293T']	1
ATXN1	YWHAQ	['IntAct', 'BioGRID']	2
ATXN1	RNF31	['IntAct']	1
ATXN1	LNX1	['IntAct']	1
ATXN1	APP	['IntAct']	1
ATXN1	YWHAG	['BioPlex_293T', 'BioGRID']	2
ATXN1	TRAF2	['IntAct', 'BioGRID', 'HuRI']	3
ATXN1	PRKN	['IntAct']	1
ATXN1	CEP70	['IntAct']	1
ATXN1	TLE5	['IntAct']	1
ATXN1	RELA	['BioGRID']	1
ATXN1	CTBP2	['IntAct']	1
ATXN1	GAPDH	['BioGRID']	1
ATXN1	PRKACA	['IntAct']	1
ATXN1	AP2B1	['IntAct']	1
ATXN1	HPCAL1	['IntAct']	1
ATXN1	TRIP6	['IntAct']	1
ATXN1	TRIM23	['IntAct']	1
ATXN1	ASIC4	['IntAct']	1
ATXN1	PIK3CA	['IntAct']	1
ATXN1	KAT5	['IntAct']	1
ATXN1	TOLLIP	['IntAct']	1
ATXN1	CUL4A	['IntAct']	1
ATXN1	REL	['IntAct', 'HuRI']	2
ATXN1	ELAVL1	['IntAct']	1
ATXN1	UBQLN4	['IntAct', 'BioGRID']	2
ATXN1	HSPA1B	['IntAct', 'BioGRID']	2
ATXN1	RBBP4	['IntAct']	1
ATXN1	RPL15	['IntAct']	1
ATXN1	AKT1	['IntAct']	1
ATXN1	CDC23	['IntAct']	1
ATXN1	ATP5PB	['IntAct']	1
ATXN1	SQSTM1	['IntAct']	1
ATXN1	FTL	['IntAct']	1
ATXN1	TGFBR2	['IntAct']	1
ATXN1	CRK	['IntAct', 'BioGRID']	2
ATXN1	FYN	['IntAct']	1
ATXN1	SNCA	['BioGRID']	1
ATXN1	PTGDS	['IntAct']	1
ATXN1	YWHAH	['IntAct', 'BioPlex_293T', 'BioGRID']	3
ATXN1	HSPA8	['IntAct', 'BioGRID']	2
ATXN1	LGALS9C	['IntAct']	1
ATXN1	YWHAE	['IntAct', 'BioGRID']	2
ATXN1	POGZ	['IntAct', 'HuRI']	2
ATXN1	YWHAB	['IntAct', 'BioGRID']	2
ATXN1	CDC26	['IntAct']	1
ATXN1	ATP5F1B	['IntAct']	1
ATXN1	CREBBP	['BioGRID']	1
ATXN1	BECN1	['IntAct']	1
ATXN1	SDCBP	['IntAct']	1
ATXN1	SIAH1	['IntAct']	1
ATXN1	YWHAZ	['IntAct', 'BioGRID']	2
ATXN1	VCP	['IntAct', 'BioGRID']	2
F2R	CAV1	['BioGRID']	1
F2R	ARMC6	['BioPlex_HCT116']	1
F2R	SNX1	['BioGRID']	1
F2R	GNA13	['BioGRID']	1
F2R	ARRDC3	['BioGRID']	1
F2R	PROCR	['IntAct']	1
HPCAL4	SPRED1	['IntAct', 'HuRI']	2
HPCAL4	NUFIP1	['BioPlex_293T']	1
HPCAL4	DNAAF2	['BioPlex_293T']	1
HPCAL4	GPM6A	['BioPlex_293T']	1
HPCAL4	DGUOK	['BioPlex_293T']	1
HPCAL4	DTX2	['IntAct', 'HuRI']	2
HPCAL4	AQP4	['IntAct', 'HuRI']	2
PCDH10	SRC	['BioPlex_HCT116']	1
PCDH10	CISD2	['BioPlex_293T']	1
PCDH10	DLG4	['BioGRID']	1
PCDH10	UPK2	['BioPlex_293T']	1
PCDH10	ATP1A3	['BioPlex_293T']	1
PCDH10	NRSN1	['BioPlex_293T']	1
PCDH10	SPSB4	['BioPlex_293T']	1
PCDH10	RHBDD1	['BioPlex_293T']	1
PCDH10	BRK1	['IntAct']	1
PCDH10	LMAN2L	['BioPlex_293T', 'BioPlex_HCT116']	2
PCDH10	FBXW11	['BioPlex_293T', 'BioPlex_HCT116']	2
PCDH10	BET1	['BioPlex_293T']	1
PCDH10	TRAF3	['BioPlex_293T']	1
PCDH10	RYK	['BioPlex_293T']	1
PCDH10	TMEM63B	['BioPlex_HCT116']	1
PCDH10	CACNA1H	['BioPlex_293T']	1
PCDH10	FBXO45	['BioPlex_293T']	1
PCDH10	PTGIR	['BioPlex_293T']	1
COPS3	DCAF6	['BioPlex_HCT116']	1
COPS3	SPECC1L	['BioPlex_HCT116']	1
COPS3	NHERF2	['BioPlex_293T']	1
COPS3	POTEF	['BioPlex_HCT116']	1
COPS3	PRKN	['IntAct']	1
COPS3	BSCL2	['IntAct']	1
COPS3	LMNA	['IntAct']	1
COPS3	APPBP2	['BioPlex_293T', 'BioPlex_HCT116']	2
COPS3	HTT	['IntAct']	1
COPS3	VCP	['BioGRID']	1
COPS3	CUL3	['BioPlex_293T', 'BioGRID']	2
COPS3	UCHL1	['IntAct']	1
COPS3	CUL4A	['BioPlex_293T', 'BioPlex_HCT116', 'BioGRID']	3
COPS3	DDB1	['IntAct', 'BioPlex_HCT116', 'BioGRID']	3
COPS3	CUL2	['BioPlex_293T', 'BioPlex_HCT116', 'BioGRID']	3
COPS3	IKBKG	['IntAct']	1
COPS3	A2M	['IntAct']	1
COPS3	NOS3	['IntAct']	1
COPS3	HSPB1	['IntAct']	1
COPS3	SNCA	['IntAct']	1
COPS3	RBX1	['BioGRID']	1
COPS3	DCAF1	['BioGRID']	1
COPS3	IKBKB	['BioGRID']	1
COPS3	COPS5	['IntAct', 'BioPlex_293T', 'BioPlex_HCT116', 'BioGRID']	4
COPS3	HBB	['BioPlex_293T']	1
COPS3	DBH	['IntAct']	1
COPS3	PPP1R9B	['BioPlex_HCT116']	1
COPS3	CUL4B	['BioPlex_293T', 'BioPlex_HCT116', 'BioGRID']	3
COPS3	COPS2	['IntAct', 'BioPlex_293T', 'BioPlex_HCT116', 'BioGRID']	4
SGTB	CD99L2	['IntAct', 'HuRI']	2
SGTB	LMO2	['IntAct', 'HuRI']	2
SGTB	AGR2	['IntAct', 'HuRI']	2
SGTB	SGTA	['IntAct', 'HuRI']	2
SGTB	ASPH	['IntAct', 'HuRI']	2
SGTB	ZG16B	['IntAct']	1
SGTB	SDF2L1	['IntAct', 'HuRI']	2
SGTB	IL6ST	['IntAct', 'HuRI']	2
SGTB	PPIB	['IntAct', 'HuRI']	2
SGTB	IL6R	['IntAct', 'HuRI']	2
SGTB	SPP1	['IntAct', 'HuRI']	2
SGTB	GYPA	['IntAct', 'HuRI']	2
SGTB	RNF170	['IntAct', 'HuRI']	2
SGTB	ACTA2	['BioPlex_293T']	1
SGTB	COLQ	['IntAct', 'HuRI']	2
SGTB	LCN2	['IntAct', 'HuRI']	2
KRT31	CEP70	['IntAct', 'HuRI']	2
KRT31	TLE5	['IntAct', 'BioGRID', 'HuRI']	3
KRT31	SPG21	['IntAct', 'HuRI']	2
KRT31	KDM1A	['IntAct', 'HuRI']	2
KRT31	ENKD1	['IntAct', 'HuRI']	2
KRT31	PRKAB2	['IntAct', 'HuRI']	2
KRT31	CYSRT1	['IntAct']	1
KRT31	NTAQ1	['IntAct', 'HuRI']	2
KRT31	KLHL38	['IntAct', 'HuRI']	2
KRT31	COMT	['IntAct', 'HuRI']	2
KRT31	SIRPA	['HuRI']	1
KRT31	HGS	['IntAct', 'BioPlex_293T', 'BioGRID', 'HuRI']	4
KRT31	TRIP6	['BioPlex_HCT116']	1
KRT31	CLDN19	['IntAct', 'HuRI']	2
KRT31	KCTD9	['IntAct', 'HuRI']	2
KRT31	AQP1	['IntAct', 'HuRI']	2
KRT31	HOXA1	['IntAct', 'HuRI']	2
KRT31	GFAP	['IntAct', 'HuRI']	2
KRT31	ITGB4	['IntAct', 'HuRI']	2
KRT31	DTNB	['IntAct', 'HuRI']	2
KRT31	NEK6	['IntAct', 'HuRI']	2
KRT31	AGR2	['IntAct', 'HuRI']	2
KRT31	ATG9A	['IntAct', 'HuRI']	2
KRT31	PIN1	['IntAct', 'HuRI']	2
KRT31	PRKAA2	['IntAct', 'HuRI']	2
KRT31	PTGER3	['IntAct']	1
MGST3	STX7	['IntAct', 'HuRI']	2
MGST3	APOD	['IntAct', 'HuRI']	2
MGST3	ATP2A3	['BioPlex_HCT116']	1
MGST3	CYBC1	['IntAct', 'HuRI']	2
MGST3	HMOX2	['IntAct', 'HuRI']	2
MGST3	CREB3L1	['IntAct', 'HuRI']	2
MGST3	FFAR1	['BioPlex_HCT116']	1
MGST3	APOL2	['IntAct', 'HuRI']	2
MGST3	CMTM5	['IntAct', 'HuRI']	2
MGST3	TSPAN15	['BioPlex_HCT116']	1
MGST3	TMX2	['IntAct', 'HuRI']	2
MGST3	AQP1	['IntAct', 'HuRI']	2
MGST3	TTMP	['IntAct', 'HuRI']	2
MGST3	GPR152	['IntAct', 'HuRI']	2
MGST3	SPPL2B	['BioPlex_HCT116']	1
MGST3	APLNR	['BioPlex_HCT116']	1
MGST3	TMEM120B	['IntAct', 'HuRI']	2
MGST3	LPAR3	['IntAct', 'HuRI']	2
MGST3	NRG1	['BioPlex_HCT116']	1
MGST3	HRAS	['BioPlex_293T']	1
MGST3	EDNRA	['BioPlex_HCT116']	1
MGST3	PLP1	['IntAct', 'HuRI']	2
MGST3	GRM2	['IntAct', 'HuRI']	2
MGST3	BET1	['IntAct', 'HuRI']	2
MGST3	VAMP3	['IntAct', 'HuRI']	2
MGST3	NKG7	['IntAct', 'HuRI']	2
NTS	SORT1	['IntAct']	1
NTS	NTSR1	['IntAct']	1
NTS	MFF	['IntAct', 'HuRI']	2
NTS	ACE2	['IntAct']	1
S100B	LNX1	['IntAct', 'HuRI']	2
S100B	JAK1	['BioPlex_293T']	1
S100B	APP	['IntAct']	1
S100B	TP53	['IntAct', 'BioGRID']	2
S100B	MAPT	['BioGRID']	1
S100B	SPG21	['IntAct', 'HuRI']	2
S100B	SDCBP	['IntAct', 'HuRI']	2
S100B	MDM2	['IntAct', 'BioGRID']	2
S100B	A2M	['IntAct']	1
S100B	NR2C2	['BioPlex_293T']	1
S100B	IQGAP1	['BioPlex_293T', 'BioGRID']	2
S100B	AGER	['IntAct']	1
S100B	VAV1	['BioGRID']	1
S100B	DAB1	['IntAct']	1
S100B	RAC1	['IntAct']	1
S100B	PRKACA	['IntAct']	1
S100B	MAP7	['BioPlex_293T']	1
S100B	CSNK1D	['IntAct']	1
S100B	S100A2	['IntAct', 'HuRI']	2
S100B	APLP2	['IntAct']	1
S100B	TRAF6	['IntAct']	1
S100B	CANX	['IntAct']	1
S100B	RABAC1	['IntAct', 'HuRI']	2
BAMBI	TGFBR1	['BioGRID']	1
BAMBI	NKG7	['IntAct', 'HuRI']	2
BAMBI	SOX30	['HuRI']	1
CLEC2D	WFS1	['IntAct']	1
CLEC2D	TUBA1A	['BioPlex_HCT116']	1
CLEC2D	ATP2A3	['BioPlex_HCT116']	1
CLEC2D	IRAK1	['BioPlex_HCT116']	1
CLEC2D	GPRC5C	['BioPlex_293T']	1
CLEC2D	NTSR1	['BioPlex_HCT116']	1
CLEC2D	ATP1A3	['BioPlex_293T', 'BioPlex_HCT116']	2
CLEC2D	POTEE	['BioPlex_HCT116']	1
CLEC2D	SEC22A	['IntAct', 'HuRI']	2
CLEC2D	ATP12A	['BioPlex_293T', 'BioPlex_HCT116']	2
CLEC2D	GPR42	['IntAct', 'HuRI']	2
CLEC2D	CXCL9	['IntAct', 'HuRI']	2
CLEC2D	SPPL2B	['BioPlex_293T']	1
CLEC2D	TM9SF4	['BioPlex_HCT116']	1
CLEC2D	LRRC8E	['BioPlex_HCT116']	1
CLEC2D	DIPK1A	['BioPlex_293T']	1
CLEC2D	TMEM120B	['BioPlex_293T']	1
CLEC2D	CLDN19	['IntAct', 'HuRI']	2
CLEC2D	GLRB	['BioPlex_293T']	1
CLEC2D	HLA-DQB1	['BioPlex_HCT116']	1
CLEC2D	SGCB	['BioPlex_HCT116']	1
CLEC2D	FAM3C	['IntAct', 'BioGRID', 'HuRI']	3
CLEC2D	BACE2	['BioPlex_293T', 'BioPlex_HCT116']	2
CLEC2D	BRICD5	['IntAct', 'HuRI']	2
CLEC2D	LMAN2L	['BioPlex_HCT116']	1
CLEC2D	TM9SF3	['BioPlex_HCT116']	1
CLEC2D	ADGRL1	['BioPlex_293T', 'BioPlex_HCT116']	2
CLEC2D	PTDSS2	['BioPlex_HCT116']	1
CLEC2D	KLRC1	['IntAct', 'HuRI']	2
CLEC2D	GPR89A	['BioPlex_293T']	1
CLEC2D	PLP1	['IntAct', 'HuRI']	2
CLEC2D	IL1RL1	['IntAct', 'HuRI']	2
CLEC2D	NKG7	['IntAct', 'HuRI']	2
UBQLN1	FN1	['IntAct', 'HuRI']	2
UBQLN1	COL2A1	['IntAct']	1
UBQLN1	APP	['IntAct', 'BioGRID']	2
UBQLN1	CD99L2	['IntAct', 'HuRI']	2
UBQLN1	UBQLN2	['IntAct', 'BioGRID', 'HuRI']	3
UBQLN1	GABRD	['IntAct', 'BioGRID', 'HuRI']	3
UBQLN1	PRKAB2	['IntAct']	1
UBQLN1	BAG6	['IntAct', 'BioGRID', 'HuRI']	3
UBQLN1	ZG16B	['HuRI']	1
UBQLN1	PSMA5	['BioGRID']	1
UBQLN1	OR6T1	['BioPlex_293T']	1
UBQLN1	MYC	['IntAct']	1
UBQLN1	PPIB	['IntAct', 'HuRI']	2
UBQLN1	IL6ST	['IntAct']	1
UBQLN1	CHRNB2	['BioPlex_293T']	1
UBQLN1	GABRA1	['BioGRID']	1
UBQLN1	LCN2	['IntAct', 'HuRI']	2
UBQLN1	P4HB	['BioGRID']	1
UBQLN1	UBQLN4	['IntAct', 'BioGRID']	2
UBQLN1	KCTD17	['IntAct']	1
UBQLN1	NPPA	['IntAct']	1
UBQLN1	PIAS2	['IntAct', 'HuRI']	2
UBQLN1	UBC	['IntAct', 'HuRI']	2
UBQLN1	TRIM23	['IntAct', 'HuRI']	2
UBQLN1	GYPB	['IntAct', 'HuRI']	2
UBQLN1	LAMB1	['IntAct', 'HuRI']	2
UBQLN1	NR2C2	['IntAct']	1
UBQLN1	LNPEP	['IntAct', 'HuRI']	2
UBQLN1	AGR2	['IntAct', 'HuRI']	2
UBQLN1	KLHL42	['IntAct', 'HuRI']	2
UBQLN1	RELA	['IntAct']	1
UBQLN1	IGF1R	['BioGRID']	1
UBQLN1	JUN	['IntAct']	1
UBQLN1	NR1H2	['IntAct']	1
UBQLN1	GAL	['IntAct', 'HuRI']	2
UBQLN1	PER1	['IntAct']	1
UBQLN1	HGS	['BioGRID', 'HuRI']	2
UBQLN1	VCP	['BioGRID']	1
UBQLN1	GRM2	['IntAct', 'HuRI']	2
YWHAQ	ACTB	['BioGRID']	1
YWHAQ	SPECC1L	['BioPlex_293T']	1
YWHAQ	NEDD4	['BioGRID']	1
YWHAQ	MAP2K1	['BioGRID']	1
YWHAQ	ATG9A	['BioPlex_293T']	1
YWHAQ	LYST	['BioGRID']	1
YWHAQ	CYLD	['BioGRID']	1
YWHAQ	EGFR	['IntAct', 'BioGRID']	2
YWHAQ	MAPT	['IntAct', 'BioGRID']	2
YWHAQ	YWHAH	['BioPlex_293T', 'BioGRID']	2
YWHAQ	NEDD4L	['BioGRID']	1
YWHAQ	YWHAE	['IntAct', 'BioPlex_293T', 'BioGRID']	3
YWHAQ	ANO1	['BioGRID']	1
YWHAQ	ESR1	['BioGRID']	1
YWHAQ	ANLN	['BioGRID']	1
YWHAQ	APP	['BioGRID']	1
YWHAQ	CDC37	['BioGRID']	1
YWHAQ	HSPA8	['BioGRID']	1
YWHAQ	FGG	['BioPlex_293T']	1
YWHAQ	ESR2	['BioGRID']	1
YWHAQ	HSPB1	['BioGRID']	1
YWHAQ	PRKN	['BioGRID']	1
YWHAQ	ARRB1	['IntAct', 'BioGRID']	2
YWHAQ	RAF1	['IntAct', 'BioPlex_293T', 'BioGRID']	3
YWHAQ	YWHAZ	['BioPlex_293T', 'BioGRID']	2
YWHAQ	MDM2	['BioGRID']	1
YWHAQ	HBB	['BioPlex_293T']	1
YWHAQ	PRKDC	['BioGRID']	1
YWHAQ	LMNA	['BioGRID']	1
YWHAQ	DMWD	['BioPlex_293T']	1
YWHAQ	VTN	['BioPlex_293T']	1
YWHAQ	HNRNPK	['BioGRID']	1
YWHAQ	ATP5F1A	['BioGRID']	1
YWHAQ	KIF1B	['BioPlex_293T', 'BioGRID']	2
YWHAQ	DISC1	['IntAct']	1
YWHAQ	YWHAG	['IntAct', 'BioPlex_293T', 'BioGRID']	3
YWHAQ	IQGAP1	['BioGRID']	1
YWHAQ	ARRB2	['IntAct', 'BioGRID']	2
YWHAQ	YWHAB	['IntAct', 'BioPlex_293T', 'BioGRID']	3
YWHAQ	MYC	['BioGRID']	1
YWHAQ	EPB41L1	['BioPlex_293T', 'BioGRID']	2
YWHAQ	VIRMA	['BioPlex_293T', 'BioGRID']	2
YWHAQ	AGR2	['BioGRID']	1
GNG8	FN1	['BioPlex_293T']	1
GNG8	POTEF	['BioPlex_293T']	1
GNG8	GSN	['BioPlex_293T']	1
GNG8	VTN	['BioPlex_293T']	1
GNG8	CYBB	['BioPlex_293T']	1
GNG8	ANXA1	['BioPlex_293T']	1
GNG8	KCTD2	['BioPlex_293T']	1
GNG8	MUC5B	['BioPlex_293T']	1
GNG8	GNA13	['BioPlex_293T']	1
GNG8	LCN2	['BioPlex_293T']	1
GNG8	MMP9	['BioPlex_293T']	1
GNG8	KCTD17	['BioPlex_293T']	1
GNG8	A2M	['BioPlex_293T']	1
GNG8	BPIFB1	['BioPlex_293T']	1
GNG8	JCHAIN	['BioPlex_293T']	1
GNG8	GNB1	['BioPlex_293T', 'BioGRID']	2
GNG8	FGG	['BioPlex_293T']	1
GNG8	CLU	['BioPlex_293T']	1
GNG8	GNAZ	['BioPlex_293T']	1
GNG8	HBB	['BioPlex_293T']	1
GNG8	GOLM1	['BioPlex_293T']	1
GNG8	IGHA2	['BioPlex_293T']	1
GNG8	ZG16B	['BioPlex_293T']	1
GNG8	GNB5	['BioPlex_293T']	1
GNG8	TUBB8	['BioPlex_293T']	1
GNG8	TF	['BioPlex_293T']	1
GNG8	GNAQ	['BioPlex_293T']	1
SNX1	PRKN	['BioGRID']	1
SNX1	SDCBP	['IntAct', 'HuRI']	2
SNX1	HGS	['BioGRID']	1
SNX1	SYNGR1	['IntAct', 'HuRI']	2
SNX1	CMTM5	['IntAct', 'HuRI']	2
SNX1	TMEM87A	['BioPlex_293T']	1
SNX1	TMOD1	['BioPlex_293T']	1
SNX1	HYOU1	['BioPlex_293T']	1
SNX1	WASHC3	['BioPlex_HCT116']	1
SNX1	HSPA8	['BioPlex_HCT116']	1
SNX1	SH3GLB1	['IntAct', 'HuRI']	2
SNX1	RABAC1	['IntAct', 'HuRI']	2
KCNA2	CISD2	['BioPlex_293T']	1
KCNA2	SNX14	['BioPlex_293T']	1
KCNA2	DLG4	['BioGRID']	1
KCNA2	PCNX3	['BioPlex_293T']	1
KCNA2	UBAC2	['BioPlex_293T']	1
KCNA2	TMX2	['BioPlex_293T']	1
KCNA2	SARAF	['BioPlex_293T']	1
KCNA2	DHRS7	['BioPlex_293T']	1
KCNA2	RHBDD1	['BioPlex_293T']	1
KCNA2	C1orf43	['BioPlex_293T']	1
KCNA2	TMEM120B	['BioPlex_293T']	1
KCNA2	CD320	['BioPlex_293T']	1
KCNA2	PDE3B	['BioPlex_293T']	1
KCNA2	LRRC8E	['BioPlex_293T']	1
KCNA2	USP33	['BioPlex_293T']	1
KCNA2	GOLM1	['BioPlex_293T']	1
KCNA2	LEMD2	['BioPlex_293T']	1
KCNA2	FAM3C	['IntAct', 'HuRI']	2
KCNA2	TMEM63B	['BioPlex_293T']	1
KCNA2	C2CD2L	['BioPlex_293T']	1
KCNA2	KCNA1	['BioGRID']	1
KCNA2	DNAJC18	['BioPlex_293T']	1
ABCC4	CRELD1	['BioPlex_293T']	1
ABCC4	NHERF2	['BioPlex_293T', 'BioGRID']	2
ABCC4	EDAR	['BioPlex_293T']	1
ABCC4	TTYH1	['BioPlex_293T']	1
ABCC4	CMTM5	['BioPlex_293T']	1
ABCC4	TTMP	['BioPlex_293T', 'BioPlex_HCT116']	2
ABCC4	PIGH	['BioPlex_HCT116']	1
ABCC4	NHERF1	['BioGRID']	1
ABCC4	LGALS3	['BioPlex_293T', 'BioPlex_HCT116']	2
ABCC4	LGALS9C	['BioPlex_293T', 'BioPlex_HCT116']	2
ABCC4	OPRL1	['BioPlex_293T']	1
ABCC4	LGALS8	['BioPlex_293T']	1
ABCC4	LGALS9B	['BioPlex_293T', 'BioPlex_HCT116']	2
ABCC4	PDZK1P1	['BioPlex_293T']	1
ABCC4	RXFP1	['BioPlex_293T']	1
ABCC4	ATP2B2	['BioPlex_293T']	1
OPTN	WFS1	['IntAct']	1
OPTN	RETREG3	['IntAct']	1
OPTN	YWHAG	['BioGRID']	1
OPTN	PRKN	['BioGRID']	1
OPTN	DNM2	['IntAct']	1
OPTN	BSCL2	['IntAct']	1
OPTN	PICK1	['IntAct', 'HuRI']	2
OPTN	SDCBP	['IntAct', 'HuRI']	2
OPTN	HSF2BP	['IntAct', 'HuRI']	2
OPTN	HTT	['IntAct', 'BioGRID']	2
OPTN	UBC	['BioGRID']	1
OPTN	GABARAPL1	['BioGRID']	1
OPTN	VCP	['IntAct', 'BioGRID']	2
OPTN	BTNL2	['IntAct']	1
OPTN	IRAK1	['BioGRID']	1
OPTN	YWHAH	['BioGRID']	1
OPTN	SQSTM1	['IntAct', 'BioGRID']	2
OPTN	TAX1BP1	['BioGRID']	1
OPTN	SOD1	['BioGRID']	1
OPTN	ZDHHC17	['IntAct', 'BioGRID']	2
OPTN	MFF	['BioGRID']	1
OPTN	RFFL	['BioGRID']	1
OPTN	CDC23	['IntAct', 'HuRI']	2
OPTN	WASHC3	['IntAct', 'HuRI']	2
OPTN	ATP2B4	['BioPlex_HCT116']	1
OPTN	TBK1	['IntAct', 'BioGRID']	2
OPTN	THADA	['IntAct']	1
OPTN	ATG9A	['BioGRID']	1
OPTN	TNF	['BioGRID']	1
OPTN	CYLD	['BioGRID']	1
OPTN	ST8SIA1	['IntAct']	1
OPTN	PEX16	['IntAct']	1
OPTN	IRF8	['IntAct']	1
OPTN	SPHK2	['IntAct']	1
OPTN	ARRDC3	['IntAct', 'HuRI']	2
OPTN	TNIP1	['IntAct', 'BioPlex_293T', 'BioPlex_HCT116', 'BioGRID', 'HuRI']	5
CCL5	CCR1	['IntAct', 'BioGRID']	2
CCL5	CCR5	['IntAct', 'BioGRID']	2
CCL5	CXCL9	['IntAct']	1
CCL5	CCL17	['IntAct']	1
GGA3	ARF6	['IntAct', 'BioGRID']	2
GGA3	UBC	['BioGRID']	1
GGA3	EGFR	['BioGRID']	1
GGA3	ARF1	['BioGRID']	1
GGA3	PTGDS	['BioGRID']	1
GGA3	P4HA3	['IntAct', 'HuRI']	2
GGA3	BACE1	['IntAct', 'BioGRID']	2
GGA3	PTGDR	['IntAct', 'BioGRID']	2
GGA3	NTRK1	['BioGRID']	1
GGA3	TRIM23	['IntAct', 'HuRI']	2
KCNA1	DLG4	['IntAct', 'BioGRID']	2
KCNA1	TMEM14B	['IntAct', 'HuRI']	2
KCNA1	APOL2	['IntAct', 'HuRI']	2
KCNA1	SGTA	['IntAct', 'HuRI']	2
KCNA1	FCER1G	['HuRI']	1
KCNA1	GPR42	['IntAct', 'HuRI']	2
KCNA1	GPR152	['IntAct', 'HuRI']	2
KCNA1	MAL	['IntAct', 'HuRI']	2
KCNA1	JAGN1	['IntAct', 'HuRI']	2
MFSD8	BSCL2	['BioPlex_293T']	1
MFSD8	TNFSF8	['BioPlex_293T']	1
MFSD8	CXCR4	['BioPlex_293T']	1
MFSD8	CMTM5	['BioPlex_293T']	1
MFSD8	TSPAN15	['BioPlex_293T']	1
MFSD8	YIPF3	['BioPlex_293T']	1
MFSD8	SLC22A4	['BioPlex_293T']	1
MFSD8	LPAR1	['BioPlex_293T']	1
MFSD8	HTR2C	['BioPlex_293T']	1
MFSD8	C5AR1	['BioPlex_293T']	1
MFSD8	SPPL2B	['BioPlex_293T']	1
MFSD8	ASGR2	['BioPlex_293T']	1
MFSD8	P2RY12	['BioPlex_293T']	1
MFSD8	OPRL1	['BioPlex_293T']	1
MFSD8	PTGIR	['BioPlex_293T']	1
MFSD8	HLA-DQA1	['BioPlex_293T']	1
MFSD8	GABBR1	['BioPlex_293T']	1
DLG4	DLG3	['BioGRID']	1
DLG4	APP	['IntAct']	1
DLG4	PRKN	['IntAct']	1
DLG4	LRP2	['BioGRID']	1
DLG4	MDM2	['IntAct', 'BioGRID']	2
DLG4	GRIN2A	['IntAct', 'BioGRID']	2
DLG4	HGS	['BioGRID']	1
DLG4	ERBB2	['BioGRID']	1
DLG4	GRIN1	['BioGRID']	1
DLG4	NOS1	['BioGRID']	1
DLG4	GRIN2B	['IntAct', 'BioGRID']	2
DLG4	LRP8	['BioGRID']	1
DLG4	KIF1B	['IntAct']	1
DLG4	ACTN2	['BioGRID']	1
DLG4	DLG2	['BioGRID']	1
DLG4	GRIK1	['BioGRID']	1
DLG4	DRD1	['BioGRID']	1
DLG4	GRIN2C	['IntAct', 'BioGRID']	2
DLG4	CACNG2	['BioGRID']	1
DLG4	LGI1	['BioGRID']	1
DLG4	FYN	['BioGRID']	1
LRP6	CAV1	['IntAct', 'BioGRID']	2
LRP6	PRG2	['BioPlex_HCT116']	1
LRP6	F2RL1	['BioGRID']	1
LRP6	BTNL2	['BioPlex_HCT116']	1
LRP6	CTNNB1	['BioGRID']	1
LRP6	GRIN2A	['BioPlex_293T']	1
LRP6	KCNE3	['BioPlex_293T']	1
LRP6	CBLN4	['BioPlex_HCT116']	1
LRP6	SDF2L1	['BioPlex_HCT116']	1
LRP6	TAFAZZIN	['BioPlex_293T']	1
LRP6	RHOB	['BioGRID']	1
LRP6	RASD2	['BioPlex_293T', 'BioPlex_HCT116']	2
LRP6	SYT9	['BioPlex_293T']	1
LRP6	ADAM33	['BioPlex_293T']	1
LRP6	P2RX2	['BioPlex_HCT116']	1
GJA1	CAV1	['BioGRID']	1
GJA1	NEDD4	['BioGRID']	1
GJA1	TTYH1	['BioPlex_293T']	1
GJA1	AKT1	['BioGRID']	1
GJA1	SQSTM1	['BioGRID']	1
GJA1	GJA8	['BioPlex_293T']	1
GJA1	GPR182	['BioPlex_293T']	1
GJA1	SIDT2	['BioPlex_293T']	1
GJA1	CHRNA4	['BioPlex_293T']	1
GJA1	MAPK1	['BioGRID']	1
GJA1	HTR3A	['BioPlex_293T']	1
GJA1	TTMP	['BioPlex_293T']	1
GJA1	CREB3	['IntAct']	1
GJA1	RHOB	['BioGRID']	1
GJA1	CSNK1D	['IntAct', 'BioGRID']	2
GJA1	NT5E	['BioPlex_293T']	1
GJA1	RXFP1	['BioPlex_293T']	1
GJA1	UBQLN4	['BioGRID']	1
GJA1	ARFGAP3	['IntAct']	1
CREBBP	SRC	['BioGRID']	1
CREBBP	HDAC1	['BioGRID']	1
CREBBP	BRCA1	['BioGRID']	1
CREBBP	FGFR1	['BioGRID']	1
CREBBP	TP53	['IntAct', 'BioGRID']	2
CREBBP	RELA	['IntAct', 'BioGRID']	2
CREBBP	TGM1	['BioPlex_293T']	1
CREBBP	HTT	['IntAct', 'BioGRID']	2
CREBBP	EP300	['BioGRID']	1
CREBBP	JUN	['BioGRID']	1
CREBBP	MYC	['BioGRID']	1
CREBBP	RBBP4	['BioGRID']	1
CREBBP	ESR1	['BioGRID']	1
CREBBP	AKT1	['IntAct', 'BioGRID']	2
CREBBP	NCOR1	['BioGRID']	1
CREBBP	SERTAD1	['BioGRID']	1
CREBBP	CTNNB1	['IntAct', 'BioGRID']	2
CREBBP	CSNK2A1	['BioGRID']	1
CREBBP	REL	['BioGRID']	1
CREBBP	CEBPA	['BioGRID']	1
CREBBP	SP1	['BioGRID']	1
CREBBP	ANAPC5	['BioGRID']	1
CREBBP	IQGAP1	['BioGRID']	1
CREBBP	MAPK1	['BioGRID']	1
CREBBP	CDH1	['BioGRID']	1
CREBBP	IKBKG	['BioGRID']	1
CREBBP	CSNK2A2	['BioGRID']	1
CREBBP	YY1	['BioGRID']	1
CREBBP	STAT3	['BioGRID']	1
CREBBP	CTBP1	['BioGRID']	1
CREBBP	MAPK3	['BioGRID']	1
CREBBP	MDM2	['BioGRID']	1
CREBBP	IKBKB	['BioGRID']	1
CREBBP	CHUK	['BioGRID']	1
CREBBP	SMAD3	['BioGRID']	1
CREBBP	NFE2L2	['BioGRID']	1
CREBBP	ATF2	['BioGRID']	1
CREBBP	EGR1	['BioGRID']	1
CREBBP	PRLR	['BioGRID']	1
CREBBP	CDC27	['BioGRID']	1
SYNGR1	RUSF1	['BioPlex_HCT116']	1
SYNGR1	WFS1	['BioPlex_HCT116']	1
SYNGR1	RETREG3	['IntAct', 'HuRI']	2
SYNGR1	SPG21	['IntAct', 'HuRI']	2
SYNGR1	AQP6	['IntAct', 'HuRI']	2
SYNGR1	SDCBP	['IntAct', 'HuRI']	2
SYNGR1	TMEM14B	['IntAct', 'HuRI']	2
SYNGR1	EBP	['IntAct', 'HuRI']	2
SYNGR1	CREB3L1	['IntAct', 'HuRI']	2
SYNGR1	CERS6	['BioPlex_HCT116']	1
SYNGR1	ATP13A1	['BioPlex_HCT116']	1
SYNGR1	CMTM5	['BioPlex_293T']	1
SYNGR1	FATE1	['IntAct', 'HuRI']	2
SYNGR1	GPRC5C	['BioPlex_HCT116']	1
SYNGR1	YIPF3	['BioPlex_293T', 'BioPlex_HCT116']	2
SYNGR1	PCNX3	['BioPlex_HCT116']	1
SYNGR1	SCAMP2	['BioPlex_HCT116']	1
SYNGR1	ATP1A3	['BioPlex_HCT116']	1
SYNGR1	GPR42	['IntAct', 'HuRI']	2
SYNGR1	CREB3	['IntAct', 'BioGRID', 'HuRI']	3
SYNGR1	ATP2B2	['BioPlex_HCT116']	1
SYNGR1	ADORA2A	['IntAct', 'HuRI']	2
SYNGR1	ERGIC3	['IntAct', 'BioPlex_HCT116', 'BioGRID', 'HuRI']	4
SYNGR1	TMEM87A	['BioPlex_HCT116']	1
SYNGR1	GOLGA5	['BioPlex_HCT116']	1
SYNGR1	FAM209A	['IntAct', 'HuRI']	2
NHERF2	KCTD17	['BioPlex_293T']	1
NHERF2	COPS5	['BioPlex_293T']	1
NHERF2	CD40	['BioPlex_293T']	1
NHERF2	KCTD2	['BioPlex_293T']	1
NHERF2	ADRB2	['BioGRID']	1
NHERF2	SIAH1	['IntAct']	1
NHERF2	NHERF1	['BioPlex_293T']	1
NHERF2	DPH2	['BioPlex_293T']	1
NHERF2	PLCB3	['BioPlex_293T', 'BioGRID']	2
NHERF2	EZR	['IntAct', 'BioPlex_293T', 'BioGRID']	3
NHERF2	ARRB2	['BioPlex_293T']	1
NHERF2	LGALS1	['BioPlex_293T', 'BioPlex_HCT116']	2
NHERF2	GRM2	['BioGRID']	1
NHERF2	COPS2	['BioPlex_293T']	1
NHERF2	RNF41	['BioPlex_293T']	1
GRB2	ADAMTSL4	['IntAct']	1
GRB2	ACTB	['BioGRID']	1
GRB2	SRC	['BioGRID']	1
GRB2	FN1	['BioGRID']	1
GRB2	PDGFRA	['BioGRID']	1
GRB2	LNX1	['IntAct', 'HuRI']	2
GRB2	JAK1	['BioGRID']	1
GRB2	YWHAG	['BioGRID']	1
GRB2	CLTC	['BioGRID']	1
GRB2	MAPT	['BioGRID']	1
GRB2	PRKN	['BioGRID']	1
GRB2	HNRNPK	['IntAct', 'BioGRID', 'HuRI']	3
GRB2	TLE5	['IntAct', 'HuRI']	2
GRB2	DNM2	['IntAct', 'BioPlex_293T', 'BioGRID']	3
GRB2	PLCG1	['IntAct', 'BioGRID']	2
GRB2	BAG3	['BioGRID']	1
GRB2	HTT	['BioGRID']	1
GRB2	VCP	['IntAct', 'BioGRID']	2
GRB2	EGFR	['IntAct', 'BioGRID']	2
GRB2	ADRB2	['BioGRID']	1
GRB2	YWHAZ	['BioGRID']	1
GRB2	FGFR3	['BioGRID']	1
GRB2	HSPA5	['BioGRID']	1
GRB2	BCR	['BioPlex_293T', 'BioPlex_HCT116', 'BioGRID']	3
GRB2	ALK	['BioGRID']	1
GRB2	CSK	['BioGRID']	1
GRB2	PTPN11	['IntAct', 'BioPlex_293T', 'BioGRID']	3
GRB2	LMO2	['IntAct', 'HuRI']	2
GRB2	TNFRSF1A	['BioGRID']	1
GRB2	AGER	['IntAct']	1
GRB2	REL	['IntAct', 'HuRI']	2
GRB2	PIK3CA	['IntAct', 'BioPlex_293T', 'BioGRID']	3
GRB2	RET	['BioGRID']	1
GRB2	ERBB2	['IntAct', 'BioGRID']	2
GRB2	RAC1	['BioGRID']	1
GRB2	ALOX5	['BioGRID']	1
GRB2	MAPK9	['BioGRID']	1
GRB2	CYLD	['BioPlex_293T']	1
GRB2	YWHAE	['BioGRID']	1
GRB2	VAV1	['IntAct', 'BioGRID']	2
GRB2	PPARA	['IntAct', 'BioGRID']	2
GRB2	NFE2L2	['IntAct', 'BioGRID']	2
GRB2	PTPN6	['IntAct', 'BioGRID']	2
GRB2	SYN1	['BioGRID']	1
GRB2	KIT	['IntAct', 'BioGRID']	2
GRB2	EIF2B4	['IntAct']	1
GRB2	HSP90AB1	['BioGRID']	1
GRB2	IL6ST	['BioGRID']	1
GRB2	NTRK1	['BioGRID']	1
GRB2	SHC1	['IntAct', 'BioPlex_HCT116', 'BioGRID']	3
GRB2	BECN1	['IntAct']	1
GRB2	PIK3R1	['IntAct', 'BioGRID']	2
GRB2	AGR2	['IntAct', 'HuRI']	2
GRB2	KPRP	['IntAct']	1
GRB2	CRK	['BioGRID']	1
GRB2	HSPA8	['BioGRID']	1
GRB2	JAK2	['BioGRID']	1
GRB2	YWHAB	['BioGRID']	1
GRB2	PPP3CA	['IntAct']	1
GRB2	IQGAP1	['BioGRID']	1
CNNM1	HTR3A	['BioPlex_293T']	1
CNNM1	DIPK1A	['BioPlex_293T']	1
CNNM1	RYK	['BioPlex_293T']	1
CNNM1	ZDHHC12	['BioPlex_293T']	1
CNNM1	HSF2BP	['IntAct', 'HuRI']	2
CNNM1	CHRNB4	['BioPlex_293T']	1
CNNM1	CHRNB2	['BioPlex_293T']	1
CNNM1	RNF149	['BioPlex_293T']	1
CNNM1	TTYH1	['BioPlex_293T']	1
CNNM1	BRICD5	['BioPlex_293T']	1
CNNM1	HLA-DRA	['BioPlex_293T']	1
CNNM1	GLRA2	['BioPlex_293T']	1
CNNM1	SIDT2	['BioPlex_293T']	1
CNNM1	ASIC4	['BioPlex_293T']	1
NPTX1	MAPT	['BioGRID']	1
NPTX1	LRP2	['BioPlex_293T']	1
NPTX1	HSPA5	['BioPlex_293T']	1
NPTX1	LY86	['BioPlex_293T']	1
NPTX1	GPIHBP1	['BioPlex_293T']	1
NPTX1	OS9	['BioPlex_293T']	1
NPTX1	IDUA	['BioPlex_HCT116']	1
NPTX1	FUT8	['BioPlex_HCT116']	1
TIMP3	PDGFRA	['BioPlex_293T']	1
TIMP3	APP	['BioPlex_293T']	1
TIMP3	LRP2	['BioPlex_293T']	1
TIMP3	SORL1	['BioPlex_293T', 'BioPlex_HCT116']	2
TIMP3	LRP5	['BioPlex_293T']	1
TIMP3	ASGR2	['BioPlex_293T']	1
TIMP3	PRKAR1B	['BioPlex_293T']	1
TIMP3	COL6A1	['BioPlex_HCT116']	1
TIMP3	P4HB	['BioPlex_HCT116']	1
TIMP3	TOR3A	['BioPlex_293T']	1
TIMP3	AGTR2	['IntAct', 'BioGRID']	2
DERL1	LNX1	['IntAct', 'HuRI']	2
DERL1	RETREG3	['IntAct', 'HuRI']	2
DERL1	BSCL2	['BioPlex_293T']	1
DERL1	CAV1	['BioGRID']	1
DERL1	AQP6	['IntAct', 'HuRI']	2
DERL1	POR	['BioGRID']	1
DERL1	VCP	['BioGRID']	1
DERL1	FFAR1	['BioPlex_HCT116']	1
DERL1	TMX2	['IntAct', 'HuRI']	2
DERL1	RNF185	['BioGRID']	1
DERL1	GAD2	['IntAct', 'HuRI']	2
DERL1	CANX	['BioGRID']	1
DERL1	ASGR2	['BioGRID']	1
DERL1	P2RY2	['BioPlex_HCT116']	1
DERL1	PTGS2	['BioGRID']	1
ADRB2	SRC	['IntAct']	1
ADRB2	CLTC	['BioGRID']	1
ADRB2	HNRNPK	['IntAct', 'BioGRID']	2
ADRB2	NEDD4	['BioGRID']	1
ADRB2	VCP	['BioGRID']	1
ADRB2	PRNP	['IntAct', 'BioGRID']	2
ADRB2	GRK2	['BioGRID']	1
ADRB2	ARRDC3	['IntAct', 'BioGRID']	2
ADRB2	TMEM259	['BioGRID']	1
ADRB2	ADCY3	['BioGRID']	1
ADRB2	CD4	['BioGRID']	1
ADRB2	HGS	['BioGRID']	1
ADRB2	TSHR	['BioGRID']	1
ADRB2	ARRB2	['IntAct', 'BioGRID']	2
ADRB2	RACK1	['BioGRID']	1
ADRB2	GNB1	['BioGRID']	1
ADRB2	USP33	['BioGRID']	1
ADRB2	OPRD1	['BioGRID']	1
ADRB2	NHERF1	['IntAct', 'BioGRID']	2
ADRB2	RAN	['BioGRID']	1
ADRB2	MGLL	['IntAct', 'BioGRID']	2
ADRB2	RNF41	['BioGRID']	1
ADRB2	CCKBR	['BioGRID']	1
ADRB2	KCNJ5	['BioGRID']	1
ADRB2	GPR37	['BioGRID']	1
ADRB2	IL6R	['BioGRID']	1
ADRB2	ADORA1	['IntAct']	1
TRMT44	THBS3	['BioPlex_293T']	1
TRMT44	LY86	['BioPlex_HCT116']	1
TRMT44	FEM1A	['BioPlex_293T']	1
TRMT44	TSHR	['BioPlex_293T']	1
TRMT44	TMEM87A	['BioPlex_293T']	1
TRMT44	ASIC4	['BioPlex_HCT116']	1
TRMT44	HLA-DQB2	['BioPlex_293T']	1
ADCY3	TTYH1	['BioPlex_293T']	1
ADCY3	ZDHHC12	['BioPlex_293T', 'BioPlex_HCT116']	2
ADCY3	KCNE3	['BioPlex_293T']	1
ADCY3	TTMP	['BioPlex_293T']	1
ADCY3	PIGH	['BioPlex_HCT116']	1
ADCY3	C1orf43	['BioPlex_HCT116']	1
ADCY3	LGALS3	['BioPlex_293T', 'BioPlex_HCT116']	2
ADCY3	RHOB	['BioGRID']	1
ADCY3	CHRNB4	['BioPlex_293T']	1
ADCY3	RXFP1	['BioPlex_293T']	1
ADCY3	ASIC4	['BioPlex_293T']	1
TIMM8A	WFS1	['IntAct']	1
TIMM8A	SPRED1	['IntAct']	1
TIMM8A	HTT	['IntAct']	1
TIMM8A	BRK1	['IntAct']	1
TIMM8A	TIMM13	['IntAct', 'BioPlex_293T', 'BioGRID']	3
TIMM8A	PDYN	['BioPlex_293T']	1
POMC	HSF2BP	['IntAct', 'HuRI']	2
POMC	NTAQ1	['IntAct', 'HuRI']	2
POMC	MKRN3	['IntAct', 'HuRI']	2
POMC	AMD1	['BioPlex_293T']	1
POMC	KLHL42	['IntAct', 'HuRI']	2
ZDHHC17	DNAJC5	['IntAct', 'BioPlex_293T', 'BioGRID']	3
ZDHHC17	WFS1	['IntAct']	1
ZDHHC17	DNM2	['IntAct']	1
ZDHHC17	BSCL2	['BioPlex_293T']	1
ZDHHC17	SPRED1	['IntAct', 'BioGRID']	2
ZDHHC17	HTT	['IntAct', 'BioGRID']	2
ZDHHC17	F2RL1	['BioPlex_HCT116']	1
ZDHHC17	MDFI	['BioPlex_293T']	1
ZDHHC17	TSPAN15	['BioPlex_293T', 'BioPlex_HCT116']	2
ZDHHC17	GPR182	['BioPlex_HCT116']	1
ZDHHC17	ARFGAP3	['IntAct', 'BioGRID']	2
ZDHHC17	GABBR1	['BioPlex_293T']	1
ZDHHC17	RFFL	['IntAct']	1
ZDHHC17	PTH2R	['BioPlex_293T']	1
ZDHHC17	LPAR1	['BioPlex_293T', 'BioPlex_HCT116']	2
ZDHHC17	GPR55	['BioPlex_HCT116']	1
ZDHHC17	GPM6A	['IntAct', 'BioGRID']	2
ZDHHC17	NRG1	['BioPlex_293T']	1
ZDHHC17	PIK3R1	['IntAct', 'BioGRID']	2
ZDHHC17	CSNK1D	['IntAct', 'BioGRID']	2
ZDHHC17	GOLGA2	['IntAct', 'BioGRID']	2
ZDHHC17	ATF2	['IntAct', 'BioGRID']	2
PIAS2	TP53	['IntAct', 'BioGRID']	2
PIAS2	TRAF2	['IntAct', 'BioGRID', 'HuRI']	3
PIAS2	LMNA	['BioGRID']	1
PIAS2	PRKAB2	['IntAct', 'BioGRID', 'HuRI']	3
PIAS2	JUN	['BioGRID']	1
PIAS2	MYC	['IntAct', 'BioGRID']	2
PIAS2	AKT1	['BioGRID']	1
PIAS2	MAPK8	['BioGRID']	1
PIAS2	GFAP	['IntAct', 'HuRI']	2
PIAS2	TH	['IntAct', 'HuRI']	2
PIAS2	GOLGA2	['IntAct']	1
PIAS2	TRIM23	['IntAct', 'HuRI']	2
PIAS2	ZBTB16	['IntAct', 'HuRI']	2
PIAS2	ATF2	['IntAct', 'HuRI']	2
PIAS2	TRAF3	['IntAct', 'HuRI']	2
PIAS2	NAV2	['IntAct', 'BioGRID', 'HuRI']	3
CHRNA4	ADAMTSL4	['IntAct']	1
CHRNA4	CISD2	['BioPlex_293T']	1
CHRNA4	APP	['IntAct']	1
CHRNA4	BSCL2	['BioPlex_293T']	1
CHRNA4	GABARAPL1	['BioPlex_293T']	1
CHRNA4	CERS6	['BioPlex_293T']	1
CHRNA4	SIDT2	['BioPlex_293T']	1
CHRNA4	DNAJC18	['BioPlex_293T']	1
CHRNA4	ERGIC3	['BioPlex_293T']	1
CHRNA4	FUT8	['BioPlex_293T']	1
CHRNA4	WLS	['BioPlex_293T']	1
CHRNA4	RHBDD1	['BioPlex_293T']	1
CHRNA4	MANEA	['BioPlex_293T']	1
CHRNA4	LMAN2L	['BioPlex_293T']	1
CHRNA4	SORL1	['IntAct']	1
CHRNA4	LPAR3	['BioPlex_293T']	1
CHRNA4	POMGNT2	['BioPlex_293T']	1
CHRNA4	C1orf43	['BioPlex_293T']	1
CHRNA4	RNF167	['BioPlex_293T']	1
CHRNA4	TMX2	['BioPlex_293T']	1
CHRNA4	GOLM1	['BioPlex_293T']	1
CHRNA4	ABHD14A	['BioPlex_293T']	1
CHRNA4	LRRC8E	['BioPlex_293T']	1
CHRNA4	SGCB	['BioPlex_293T']	1
CHRNA4	CHRNB2	['IntAct']	1
CHRNA4	LEMD2	['BioPlex_293T']	1
CHRNA4	GLRB	['BioPlex_293T']	1
CHRNA4	KIAA2013	['BioPlex_293T']	1
CHRNA4	SPPL2B	['BioPlex_293T']	1
CHRNA4	TMEM63B	['BioPlex_293T']	1
CHRNA4	DIPK1A	['BioPlex_293T']	1
TRPV1	EGFR	['BioGRID']	1
TRPV1	AKAP5	['BioGRID']	1
TRPV1	SYT9	['BioGRID']	1
YWHAB	APP	['IntAct']	1
YWHAB	YWHAG	['IntAct', 'BioPlex_293T', 'BioGRID']	3
YWHAB	MAPT	['BioGRID']	1
YWHAB	PRKN	['BioGRID']	1
YWHAB	SKP2	['BioGRID']	1
YWHAB	RAF1	['IntAct', 'BioPlex_293T', 'BioGRID']	3
YWHAB	HTT	['IntAct']	1
YWHAB	NEDD4	['BioGRID']	1
YWHAB	EGFR	['IntAct', 'BioGRID']	2
YWHAB	MYC	['BioGRID']	1
YWHAB	YWHAZ	['BioPlex_293T', 'BioGRID']	2
YWHAB	HSPA5	['BioGRID']	1
YWHAB	YWHAH	['BioPlex_293T', 'BioGRID']	2
YWHAB	CSNK2A1	['IntAct', 'BioGRID']	2
YWHAB	AGR2	['BioGRID']	1
YWHAB	BECN1	['BioPlex_293T']	1
YWHAB	KIF1B	['BioPlex_293T', 'BioGRID']	2
YWHAB	BCR	['BioPlex_293T', 'BioGRID']	2
YWHAB	C1QBP	['BioGRID']	1
YWHAB	HPCAL1	['BioPlex_293T']	1
YWHAB	KCNK3	['IntAct', 'BioGRID']	2
YWHAB	HSP90AB1	['BioGRID']	1
YWHAB	EPB41L1	['BioPlex_293T']	1
YWHAB	DMWD	['BioPlex_293T']	1
YWHAB	HSP90AA1	['BioGRID']	1
YWHAB	LYST	['BioGRID']	1
YWHAB	CYLD	['BioGRID']	1
YWHAB	IGF1R	['IntAct']	1
YWHAB	NEDD4L	['BioGRID']	1
YWHAB	VIRMA	['BioPlex_293T', 'BioGRID']	2
YWHAB	YWHAE	['IntAct', 'BioPlex_293T', 'BioGRID']	3
YWHAB	TNFAIP3	['BioGRID']	1
YWHAB	MAP2K1	['BioGRID']	1
YWHAB	ATG9A	['BioPlex_293T']	1
CERS2	SRC	['BioPlex_293T']	1
CERS2	RETREG3	['BioPlex_HCT116']	1
CERS2	PRKCA	['BioPlex_293T']	1
CERS2	HTR1B	['BioPlex_HCT116']	1
CERS2	TTYH1	['BioPlex_293T']	1
CERS2	TSPAN15	['BioPlex_HCT116']	1
CERS2	LYN	['BioPlex_293T']	1
CERS2	GNAQ	['BioPlex_293T']	1
CERS2	P2RY1	['BioPlex_HCT116']	1
CERS2	ATP5F1A	['BioPlex_293T']	1
CERS2	HSP90AA1	['IntAct']	1
CERS2	TACR1	['BioPlex_293T', 'BioPlex_HCT116']	2
CERS2	PRKAA2	['BioPlex_293T']	1
CERS2	ASGR2	['IntAct', 'BioGRID']	2
CERS2	HTR2C	['BioPlex_293T']	1
CERS2	GNAZ	['BioPlex_293T']	1
CERS2	ATP5PB	['BioPlex_293T', 'BioPlex_HCT116']	2
CERS2	NFE2L2	['IntAct', 'BioGRID']	2
CERS2	LPAR1	['BioPlex_293T', 'BioPlex_HCT116']	2
CERS2	PTPN11	['BioPlex_293T']	1
CERS2	C5AR1	['BioPlex_HCT116']	1
CERS2	FYN	['BioPlex_293T']	1
CERS2	SPTAN1	['BioPlex_293T']	1
CERS2	ULBP3	['BioPlex_293T']	1
CERS2	NCAM1	['BioPlex_293T']	1
CERS2	NEDD4L	['BioPlex_293T']	1
CERS2	HRAS	['BioPlex_293T']	1
CERS2	CACNA2D1	['BioPlex_293T']	1
CERS2	ATP5F1B	['BioPlex_293T']	1
CERS2	OPRL1	['BioPlex_293T']	1
CERS2	DLG1	['BioPlex_293T']	1
ATP13A1	AQP6	['IntAct', 'HuRI']	2
ATP13A1	APPBP2	['IntAct', 'HuRI']	2
ATP13A1	TMEM14B	['IntAct', 'HuRI']	2
ATP13A1	EBP	['IntAct', 'HuRI']	2
ATP13A1	TMEM237	['IntAct', 'HuRI']	2
ATP13A1	GABRG2	['BioPlex_293T']	1
ATP13A1	ASIC4	['BioPlex_293T']	1
ATP13A1	TSPAN15	['BioPlex_HCT116']	1
ATP13A1	TTMP	['BioPlex_293T', 'BioPlex_HCT116']	2
ATP13A1	TXNDC15	['BioPlex_293T']	1
ATP13A1	GPR42	['IntAct', 'HuRI']	2
ATP13A1	PIGH	['BioPlex_HCT116']	1
ATP13A1	CANX	['BioGRID']	1
ATP13A1	FAM209A	['IntAct', 'HuRI']	2
ATP13A1	GLP1R	['BioGRID']	1
ATP13A1	CD40	['BioPlex_HCT116']	1
SLC6A4	HSPA1B	['BioGRID']	1
SLC6A4	VAMP2	['BioGRID']	1
SLC6A4	SCAMP2	['BioGRID']	1
SLC6A4	STX1A	['BioGRID']	1
SLC6A4	SNCA	['BioGRID']	1
SLC6A4	PPP3CA	['BioGRID']	1
SLC6A4	GPM6B	['BioGRID']	1
NRTN	GFRA2	['BioGRID']	1
EPHA7	TUBA1A	['BioPlex_HCT116']	1
EPHA7	PICK1	['BioPlex_293T']	1
EPHA7	HSPA1B	['BioGRID']	1
EPHA7	CDC37	['BioGRID']	1
EPHA7	HSPA5	['BioPlex_293T', 'BioPlex_HCT116', 'BioGRID']	3
EPHA7	AKT1	['IntAct']	1
EPHA7	CSTL1	['BioPlex_293T']	1
EPHA7	KCNE3	['BioPlex_293T']	1
EPHA7	CHRNA5	['BioPlex_HCT116']	1
EPHA7	TUBB8	['BioPlex_HCT116']	1
EPHA7	BRICD5	['BioPlex_293T']	1
EPHA7	RHOB	['BioGRID']	1
EPHA7	RYK	['BioPlex_293T', 'BioGRID']	2
EPHA7	COL6A1	['BioPlex_HCT116']	1
EPHA7	CACNG2	['BioPlex_293T']	1
EPHA7	PCSK6	['BioPlex_HCT116']	1
NPPA	UBQLN2	['IntAct']	1
NPPA	TGM1	['BioPlex_293T']	1
NPPA	HSF2BP	['IntAct']	1
NPPA	SERPINB4	['BioPlex_293T']	1
NPPA	LCN2	['BioPlex_293T']	1
NPPA	PMPCB	['BioPlex_293T']	1
NPPA	VGF	['BioPlex_HCT116']	1
NPPA	NPR3	['BioGRID']	1
NPPA	NPR2	['BioGRID']	1
PIGH	SNX14	['BioPlex_HCT116']	1
PIGH	ATP2A3	['BioPlex_HCT116']	1
PIGH	POR	['BioPlex_HCT116']	1
PIGH	PDZD8	['BioPlex_HCT116']	1
PIGH	SLC12A6	['BioPlex_HCT116']	1
PIGH	PCNX3	['BioPlex_HCT116']	1
PIGH	UBAC2	['BioPlex_HCT116']	1
PIGH	RNF185	['BioPlex_HCT116']	1
PIGH	DHRS7	['BioPlex_HCT116']	1
PIGH	SLC12A7	['BioPlex_HCT116']	1
PIGH	STX5	['BioPlex_HCT116']	1
PIGH	ATG9A	['BioPlex_293T', 'BioPlex_HCT116']	2
PIGH	STOM	['BioPlex_HCT116']	1
PIGH	TMEM63B	['BioPlex_HCT116']	1
PIGH	PTGDS	['BioPlex_293T']	1
PIGH	BMPR1A	['BioPlex_HCT116']	1
PIGH	GOLGA2	['BioPlex_HCT116']	1
PIGH	TBL2	['BioPlex_HCT116']	1
PIGH	PDE3B	['BioPlex_HCT116']	1
PIGH	TLR3	['BioPlex_293T']	1
PIGH	PRKAR1B	['BioPlex_HCT116']	1
PIGH	NDFIP1	['BioPlex_293T']	1
PIGH	ATP13A3	['BioPlex_HCT116']	1
PIGH	FAAH	['BioPlex_HCT116']	1
PIGH	C1orf43	['BioPlex_HCT116']	1
PIGH	SLC12A2	['BioPlex_HCT116']	1
PIGH	P2RX4	['BioPlex_293T']	1
PIGH	TMEM201	['BioPlex_HCT116']	1
PIGH	CYP2S1	['BioPlex_HCT116']	1
PIGH	LRRC8E	['BioPlex_HCT116']	1
PIGH	ANKLE2	['BioPlex_HCT116']	1
PIGH	ERBB2	['BioPlex_HCT116']	1
CACNG2	GOPC	['BioPlex_293T', 'BioPlex_HCT116']	2
CACNG2	STAT3	['BioPlex_293T']	1
CACNG2	CSNK1E	['BioPlex_293T']	1
CACNG2	CSNK1D	['BioPlex_293T']	1
CACNG2	GRIA1	['BioGRID']	1
CACNG2	GRIA2	['BioGRID']	1
IFNG	ACTB	['BioPlex_HCT116']	1
IFNG	NEDD4	['BioPlex_HCT116']	1
IFNG	GOPC	['BioPlex_293T']	1
IFNG	HLA-DRA	['BioPlex_HCT116']	1
IFNG	PEX5	['BioPlex_HCT116']	1
IFNG	ACTA2	['BioPlex_HCT116']	1
IFNG	IFNGR1	['IntAct', 'BioPlex_293T', 'BioPlex_HCT116', 'BioGRID']	4
ATP12A	CCR1	['BioPlex_HCT116']	1
ATP12A	RETREG3	['BioPlex_293T']	1
ATP12A	F2RL1	['BioPlex_HCT116']	1
ATP12A	UPK2	['BioPlex_293T']	1
ATP12A	RNF149	['BioPlex_293T']	1
ATP12A	FFAR1	['BioPlex_HCT116']	1
ATP12A	GPR182	['BioPlex_HCT116']	1
ATP12A	NTSR1	['BioPlex_293T']	1
ATP12A	SARAF	['BioPlex_HCT116']	1
ATP12A	GRIN2C	['BioPlex_293T']	1
ATP12A	APLNR	['BioPlex_HCT116']	1
ATP12A	BRICD5	['BioPlex_293T']	1
ATP12A	P2RY2	['BioPlex_HCT116']	1
ATP12A	CHRNB4	['BioPlex_293T']	1
ATP12A	TACR1	['BioPlex_293T']	1
ATP12A	SPPL2B	['BioPlex_HCT116']	1
ATP12A	C5AR1	['BioPlex_293T', 'BioPlex_HCT116']	2
ATP12A	AGTR1	['BioPlex_293T']	1
ATP12A	PTGFR	['BioPlex_293T']	1
ATP12A	OPRL1	['BioPlex_293T']	1
ERBB2	ACTB	['BioGRID']	1
ERBB2	SRC	['BioGRID']	1
ERBB2	PDGFRA	['BioGRID']	1
ERBB2	PICK1	['BioGRID']	1
ERBB2	HSPA1B	['BioGRID']	1
ERBB2	PLCG1	['BioGRID']	1
ERBB2	EGFR	['IntAct', 'BioGRID']	2
ERBB2	CDC37	['IntAct', 'BioGRID']	2
ERBB2	HSPA5	['IntAct', 'BioGRID']	2
ERBB2	GAPDH	['IntAct']	1
ERBB2	PTPN6	['BioGRID']	1
ERBB2	CTNNB1	['BioGRID']	1
ERBB2	BECN1	['BioGRID']	1
ERBB2	LYN	['BioGRID']	1
ERBB2	EFNB1	['IntAct', 'BioPlex_HCT116']	2
ERBB2	IQGAP1	['IntAct']	1
ERBB2	PRNP	['BioGRID']	1
ERBB2	FYN	['IntAct']	1
ERBB2	STAT3	['IntAct', 'BioGRID']	2
ERBB2	HYOU1	['BioGRID']	1
ERBB2	VAPB	['BioGRID']	1
ERBB2	EZR	['BioGRID']	1
ERBB2	TGFBR2	['BioPlex_293T']	1
ERBB2	CRK	['BioGRID']	1
ERBB2	PTPN11	['IntAct', 'BioGRID']	2
ERBB2	HAX1	['BioGRID']	1
ERBB2	VAV1	['BioGRID']	1
ERBB2	HSP90AB1	['IntAct', 'BioGRID']	2
ERBB2	IGF1R	['BioGRID']	1
ERBB2	SHC1	['IntAct', 'BioGRID']	2
ERBB2	HDAC6	['IntAct', 'BioGRID']	2
ERBB2	CANX	['BioGRID']	1
ERBB2	PIK3R1	['IntAct', 'BioGRID']	2
ERBB2	BLK	['BioGRID']	1
ERBB2	NTRK1	['BioGRID']	1
ERBB2	SORL1	['BioGRID']	1
ERBB2	HSP90AA1	['IntAct', 'BioGRID']	2
FMR1	ANLN	['BioGRID']	1
FMR1	CCNF	['BioGRID']	1
FMR1	PICK1	['IntAct']	1
FMR1	RANBP9	['BioGRID']	1
FMR1	ESR1	['BioGRID']	1
FMR1	CTNNB1	['BioGRID']	1
FMR1	NUFIP1	['BioGRID']	1
FMR1	APLP2	['IntAct']	1
FMR1	SPPL2B	['IntAct']	1
FMR1	FBXW7	['BioGRID']	1
FMR1	TBK1	['BioGRID']	1
FMR1	MAP7	['BioPlex_293T']	1
FMR1	MME	['IntAct']	1
FMR1	HCN1	['IntAct']	1
FMR1	TNIP1	['BioGRID']	1
DMWD	ADAMTSL4	['IntAct']	1
DMWD	LNX1	['IntAct']	1
DMWD	YWHAG	['BioPlex_293T']	1
DMWD	VHL	['IntAct']	1
DMWD	CASP1	['BioPlex_293T']	1
DMWD	CEP70	['IntAct']	1
DMWD	CNPY3	['IntAct']	1
DMWD	SDCBP	['IntAct']	1
DMWD	PRKAB2	['IntAct']	1
DMWD	YWHAH	['BioPlex_293T', 'BioGRID']	2
DMWD	CTNNB1	['IntAct']	1
DMWD	ALOX5	['BioPlex_293T']	1
DMWD	KAT5	['IntAct']	1
DMWD	BAG6	['IntAct']	1
DMWD	HSPA8	['BioPlex_HCT116']	1
DMWD	GNAZ	['BioPlex_293T']	1
DMWD	GPR3	['BioPlex_293T']	1
DMWD	DPP8	['BioPlex_293T']	1
DMWD	YY1	['IntAct']	1
DMWD	CDC23	['IntAct']	1
DMWD	HOXA1	['IntAct']	1
DMWD	KCTD17	['IntAct']	1
DMWD	BRK1	['IntAct']	1
DMWD	WWOX	['IntAct']	1
DMWD	NR1H2	['IntAct']	1
DMWD	RXRG	['IntAct']	1
DMWD	PPARA	['IntAct']	1
SLC17A8	DNAJC5	['BioGRID']	1
SLC17A8	SARAF	['BioPlex_293T']	1
SLC17A8	RHBDD1	['BioPlex_293T']	1
SLC17A8	TMEM120B	['IntAct', 'HuRI']	2
SLC17A8	YIPF6	['IntAct', 'HuRI']	2
SLC17A8	CYP4F2	['IntAct', 'HuRI']	2
HYOU1	FGFR1	['BioGRID']	1
HYOU1	PRKN	['BioGRID']	1
HYOU1	ANLN	['BioGRID']	1
HYOU1	EGFR	['BioGRID']	1
HYOU1	HSPA5	['IntAct', 'BioPlex_293T', 'BioGRID']	3
HYOU1	AGR2	['BioGRID']	1
HYOU1	LNPEP	['BioPlex_293T']	1
HYOU1	FBXO2	['BioPlex_293T', 'BioPlex_HCT116']	2
HYOU1	DPP4	['BioGRID']	1
HYOU1	HSPA8	['BioGRID']	1
HYOU1	IGF1R	['BioGRID']	1
HYOU1	OS9	['BioPlex_293T', 'BioGRID']	2
HYOU1	CANX	['BioGRID']	1
HYOU1	TMPRSS2	['BioGRID']	1
HYOU1	VIRMA	['BioGRID']	1
HYOU1	CACNA2D1	['BioPlex_293T']	1
HYOU1	COL1A1	['IntAct']	1
HYOU1	BACE1	['BioGRID']	1
HYOU1	CLU	['BioGRID']	1
HYOU1	ALK	['BioGRID']	1
HYOU1	GLRB	['BioPlex_293T']	1
HYOU1	LCN1	['BioPlex_HCT116']	1
HYOU1	FAT4	['BioPlex_293T']	1
HYOU1	CTSB	['BioGRID']	1
CASP1	BRCA1	['BioGRID']	1
CASP1	RNF31	['BioGRID']	1
CASP1	WFS1	['IntAct']	1
CASP1	APP	['IntAct']	1
CASP1	PRKN	['IntAct']	1
CASP1	GFAP	['IntAct']	1
CASP1	SMAD3	['IntAct']	1
CASP1	CEBPB	['BioGRID']	1
CASP1	PIK3R1	['IntAct']	1
CASP1	HTT	['IntAct']	1
CASP1	TIRAP	['IntAct']	1
CASP1	CARD16	['BioPlex_293T', 'BioGRID']	2
BMPR1A	EDAR	['BioPlex_293T']	1
BMPR1A	RNF149	['BioPlex_293T']	1
BMPR1A	KCNE3	['BioPlex_293T', 'BioPlex_HCT116']	2
BMPR1A	NEDD4L	['BioGRID']	1
BMPR1A	KCNK18	['BioPlex_293T']	1
BMPR1A	TTMP	['BioPlex_293T']	1
BMPR1A	TGFBR2	['BioPlex_293T', 'BioPlex_HCT116']	2
BMPR1A	CANX	['BioGRID']	1
BMPR1A	HSP90AA1	['BioGRID']	1
BMPR1A	APLNR	['BioPlex_HCT116']	1
BMPR1A	SLC31A1	['BioPlex_293T']	1
BMPR1A	MARCHF1	['BioPlex_293T']	1
BMPR1A	RET	['BioPlex_HCT116']	1
BMPR1A	TLR2	['BioPlex_293T']	1
BMPR1A	ARRDC3	['BioPlex_293T']	1
BMPR1A	IFNGR1	['BioPlex_293T']	1
ARMC6	CCNF	['BioGRID']	1
ARMC6	EEF1AKMT3	['BioPlex_HCT116']	1
ARMC6	LCN1	['BioPlex_HCT116']	1
ARMC6	ADGRL1	['BioPlex_HCT116']	1
ARMC6	SLC20A2	['BioPlex_293T']	1
ARMC6	F2RL1	['BioPlex_HCT116']	1
ARMC6	TUBB8	['BioPlex_HCT116']	1
ARMC6	TRIP6	['BioPlex_HCT116']	1
ARMC6	SSTR5	['BioPlex_HCT116']	1
ATG9A	ADAMTSL4	['IntAct', 'HuRI']	2
ATG9A	SRC	['BioGRID']	1
ATG9A	CISD2	['BioPlex_293T', 'BioPlex_HCT116', 'BioGRID']	3
ATG9A	YWHAG	['BioPlex_293T']	1
ATG9A	NOTCH2NLC	['IntAct']	1
ATG9A	MEOX2	['HuRI']	1
ATG9A	AP2M1	['IntAct', 'BioGRID']	2
ATG9A	CYSRT1	['IntAct']	1
ATG9A	YWHAZ	['BioPlex_293T', 'BioGRID']	2
ATG9A	ZDHHC12	['BioPlex_293T']	1
ATG9A	YWHAH	['BioPlex_293T']	1
ATG9A	NOTCH2NLA	['IntAct', 'HuRI']	2
ATG9A	SQSTM1	['BioGRID']	1
ATG9A	B4GALT5	['BioPlex_HCT116']	1
ATG9A	GOPC	['IntAct', 'BioGRID', 'HuRI']	3
ATG9A	REL	['IntAct', 'HuRI']	2
ATG9A	UBAC2	['BioPlex_HCT116']	1
ATG9A	HTR3A	['BioPlex_293T']	1
ATG9A	SARAF	['BioPlex_293T']	1
ATG9A	KRTAP10-8	['IntAct', 'HuRI']	2
ATG9A	GNA13	['BioPlex_HCT116']	1
ATG9A	TTMP	['BioPlex_293T']	1
ATG9A	KPRP	['IntAct', 'HuRI']	2
ATG9A	TCF4	['IntAct', 'HuRI']	2
ATG9A	KRT34	['IntAct', 'HuRI']	2
ATG9A	TBK1	['IntAct', 'BioGRID']	2
ATG9A	LGALS3	['BioPlex_293T', 'BioPlex_HCT116']	2
ATG9A	LGALS1	['BioPlex_293T']	1
ATG9A	ATP2B2	['BioPlex_293T']	1
ATG9A	LGALS9C	['BioPlex_293T', 'BioPlex_HCT116']	2
ATG9A	LGALS9B	['BioPlex_293T', 'BioPlex_HCT116']	2
ATG9A	LGALS8	['BioPlex_293T', 'BioPlex_HCT116']	2
ATG9A	GABRD	['BioPlex_293T']	1
ATG9A	PTGIR	['BioPlex_293T']	1
CACNA1H	USP5	['BioGRID']	1
CACNA1H	TTYH1	['BioPlex_293T']	1
CACNA1H	VIRMA	['BioGRID']	1
CRNN	LY86	['BioPlex_HCT116']	1
CRNN	SCAMP2	['BioPlex_HCT116']	1
CRNN	RAG2	['BioPlex_293T']	1
CRNN	WDR59	['BioPlex_293T']	1
CRNN	NPB	['BioPlex_293T']	1
CRNN	UCP2	['BioPlex_293T']	1
CRNN	PRXL2A	['BioPlex_293T']	1
SAMM50	RETREG3	['BioPlex_293T']	1
SAMM50	PRKN	['BioGRID']	1
SAMM50	ANLN	['BioGRID']	1
SAMM50	MEOX2	['HuRI']	1
SAMM50	FFAR1	['BioPlex_HCT116']	1
SAMM50	SQSTM1	['BioGRID']	1
SAMM50	SPSB4	['BioPlex_293T', 'BioPlex_HCT116']	2
SAMM50	MFF	['BioGRID']	1
SAMM50	GPR3	['BioPlex_HCT116']	1
CTBP1	DCAF6	['BioGRID']	1
CTBP1	HDAC1	['BioGRID']	1
CTBP1	BRCA1	['BioGRID']	1
CTBP1	PRKN	['BioGRID']	1
CTBP1	TERF2IP	['IntAct']	1
CTBP1	KDM1A	['BioPlex_293T', 'BioGRID']	2
CTBP1	EP300	['BioGRID']	1
CTBP1	JUN	['BioGRID']	1
CTBP1	ESR1	['BioGRID']	1
CTBP1	NTAQ1	['IntAct']	1
CTBP1	CTNNB1	['BioGRID']	1
CTBP1	MAPK9	['IntAct', 'HuRI']	2
CTBP1	SP1	['BioGRID']	1
CTBP1	TCF4	['BioGRID']	1
CTBP1	CTBP2	['IntAct', 'BioPlex_293T', 'BioGRID', 'HuRI']	4
CTBP1	NCOR2	['BioGRID']	1
CTBP1	ZEB2	['BioPlex_293T', 'BioGRID']	2
CTBP1	PLCB1	['IntAct', 'HuRI']	2
CTBP1	MDM2	['BioGRID']	1
CTBP1	CUL4B	['BioGRID']	1
TF	CCR1	['BioPlex_HCT116']	1
TF	RETREG3	['BioPlex_293T']	1
TF	MYC	['BioGRID']	1
TF	SORT1	['IntAct', 'HuRI']	2
TF	NRSN1	['BioPlex_HCT116']	1
TF	STX17	['BioPlex_293T']	1
TF	SARAF	['BioPlex_HCT116']	1
TF	GPR42	['IntAct', 'HuRI']	2
TF	RHBDD1	['BioPlex_HCT116']	1
TF	MATN2	['BioPlex_HCT116']	1
TF	LGALS3	['BioPlex_HCT116']	1
TF	ERGIC3	['IntAct', 'HuRI']	2
TF	GLRA2	['BioPlex_293T']	1
TF	HCN1	['BioPlex_293T']	1
TF	KLK10	['BioPlex_HCT116']	1
TF	GOLM1	['IntAct', 'HuRI']	2
MATN2	VTN	['BioPlex_HCT116']	1
MATN2	A2M	['BioPlex_HCT116']	1
MATN2	S100A2	['BioPlex_293T']	1
MATN2	IGHA2	['BioPlex_HCT116']	1
MATN2	HBB	['BioPlex_HCT116']	1
MATN2	TRAF7	['BioPlex_293T']	1
MATN2	FGG	['BioPlex_HCT116']	1
MATN2	THBS4	['BioPlex_293T']	1
NOX4	JCHAIN	['BioPlex_293T']	1
NOX4	MUC5B	['BioPlex_293T']	1
NOX4	SIRPA	['BioGRID']	1
NOX4	BPIFB1	['BioPlex_293T']	1
NOX4	TLR4	['IntAct']	1
HRAS	SRC	['IntAct']	1
HRAS	CCR1	['BioPlex_HCT116']	1
HRAS	ANLN	['BioPlex_HCT116']	1
HRAS	CAV1	['IntAct']	1
HRAS	RAF1	['IntAct', 'BioGRID']	2
HRAS	NEDD4	['BioGRID']	1
HRAS	PIK3R1	['BioGRID']	1
HRAS	FBXW7	['IntAct']	1
HRAS	TRIM23	['IntAct']	1
HRAS	TRAF7	['BioGRID']	1
HRAS	RABGGTB	['BioPlex_293T', 'BioPlex_HCT116']	2
HRAS	RABGGTA	['BioPlex_HCT116']	1
HRAS	LGALS1	['BioGRID']	1
HRAS	PER1	['IntAct']	1
HRAS	CYP2S1	['BioPlex_293T']	1
HRAS	NR2C2	['IntAct']	1
HRAS	PIK3CA	['BioGRID']	1
HRAS	IL1RL1	['BioGRID']	1
KIF1B	ADAMTSL4	['IntAct']	1
KIF1B	APP	['IntAct']	1
KIF1B	YWHAG	['IntAct', 'BioPlex_293T', 'BioGRID']	3
KIF1B	VHL	['IntAct']	1
KIF1B	SDCBP	['IntAct']	1
KIF1B	SIAH1	['IntAct', 'HuRI']	2
KIF1B	PRKAB2	['IntAct']	1
KIF1B	YWHAZ	['BioPlex_293T', 'BioGRID']	2
KIF1B	YWHAH	['BioPlex_293T', 'BioGRID']	2
KIF1B	BECN1	['IntAct']	1
KIF1B	GOPC	['BioPlex_293T']	1
KIF1B	PER1	['IntAct']	1
KIF1B	SCRIB	['BioPlex_293T']	1
KIF1B	WWOX	['IntAct']	1
KIF1B	UBAC2	['IntAct']	1
KIF1B	ASIC4	['IntAct']	1
KIF1B	KCNE3	['BioPlex_293T']	1
KIF1B	DLG1	['IntAct']	1
KIF1B	CDC23	['IntAct']	1
KIF1B	SPPL2B	['IntAct']	1
KIF1B	BAG6	['IntAct']	1
KIF1B	TRIM23	['IntAct']	1
KIF1B	YWHAE	['IntAct', 'BioGRID']	2
KIF1B	ING5	['IntAct']	1
KIF1B	HSPA8	['BioGRID']	1
KIF1B	FTL	['BioPlex_293T']	1
KIF1B	HOXA1	['IntAct']	1
KIF1B	BRK1	['IntAct']	1
KIF1B	CRYAA	['IntAct']	1
KIF1B	GIPC1	['BioGRID']	1
KIF1B	KIF1A	['IntAct', 'BioPlex_293T', 'BioPlex_HCT116', 'BioGRID']	4
MARCHF1	JAK1	['BioPlex_293T']	1
MARCHF1	RNF149	['BioPlex_293T']	1
MARCHF1	MFAP3	['BioPlex_293T']	1
MARCHF1	TGFBR2	['BioPlex_293T']	1
MARCHF1	HLA-DRA	['BioGRID']	1
MARCHF1	CD320	['BioPlex_293T']	1
MARCHF1	SLC12A2	['BioPlex_293T']	1
MARCHF1	NOTCH1	['BioPlex_293T']	1
MARCHF1	ABCB1	['BioPlex_293T']	1
MARCHF1	NDFIP1	['BioPlex_293T']	1
MARCHF1	IFNGR1	['BioPlex_293T']	1
MARCHF1	TNFRSF10B	['BioPlex_293T']	1
VAMP3	RETREG3	['IntAct', 'HuRI']	2
VAMP3	YWHAG	['IntAct']	1
VAMP3	STX7	['BioPlex_293T', 'BioPlex_HCT116', 'BioGRID']	3
VAMP3	ANLN	['BioPlex_HCT116']	1
VAMP3	AQP6	['IntAct', 'HuRI']	2
VAMP3	EIF2B2	['BioPlex_293T']	1
VAMP3	RNF149	['BioPlex_293T', 'BioGRID']	2
VAMP3	EBP	['IntAct', 'HuRI']	2
VAMP3	TMEM237	['IntAct', 'HuRI']	2
VAMP3	VAMP2	['BioGRID']	1
VAMP3	KAT5	['IntAct']	1
VAMP3	NRSN1	['BioPlex_293T']	1
VAMP3	STX1A	['IntAct', 'HuRI']	2
VAMP3	TMX2	['IntAct', 'HuRI']	2
VAMP3	KCNE3	['BioPlex_293T', 'BioPlex_HCT116']	2
VAMP3	ASPH	['BioPlex_HCT116']	1
VAMP3	CD79A	['IntAct', 'HuRI']	2
VAMP3	CRYAA	['BioPlex_293T']	1
VAMP3	FAM209A	['IntAct', 'HuRI']	2
VAMP3	RHOB	['BioGRID']	1
VAMP3	COMT	['IntAct', 'HuRI']	2
VAMP3	TNFRSF10B	['BioPlex_293T']	1
VAMP3	ERGIC3	['IntAct', 'HuRI']	2
VAMP3	BSCL2	['IntAct', 'HuRI']	2
VAMP3	CD4	['BioPlex_293T']	1
VAMP3	FAM24B	['BioPlex_293T']	1
VAMP3	PTGES	['IntAct', 'HuRI']	2
BAG3	WFS1	['IntAct']	1
BAG3	YWHAG	['BioGRID']	1
BAG3	PRKN	['BioGRID']	1
BAG3	DNM2	['IntAct', 'HuRI']	2
BAG3	HSPA1B	['BioGRID', 'HuRI']	2
BAG3	PLCG1	['BioGRID']	1
BAG3	SIAH1	['IntAct', 'HuRI']	2
BAG3	YWHAH	['BioGRID']	1
BAG3	YWHAZ	['BioGRID']	1
BAG3	NRSN1	['BioPlex_293T']	1
BAG3	HSPA8	['BioPlex_HCT116', 'BioGRID', 'HuRI']	3
BAG3	KLK6	['IntAct']	1
BAG3	CRIP2	['BioGRID']	1
BAG3	MDFI	['IntAct', 'HuRI']	2
BAG3	TRIP6	['IntAct', 'HuRI']	2
BAG3	ARRDC3	['IntAct', 'HuRI']	2
BAG3	MYC	['BioGRID']	1
BAG3	CRYAA	['IntAct', 'BioPlex_HCT116']	2
BAG3	CRK	['BioGRID']	1
BAG3	HSPB1	['IntAct', 'BioGRID']	2
BAG3	KCND2	['BioPlex_293T']	1
BAG3	RBBP4	['IntAct']	1
BAG3	EZR	['BioGRID']	1
BAG3	SQSTM1	['IntAct', 'BioGRID']	2
BAG3	CYSRT1	['IntAct']	1
BAG3	BOD1	['IntAct']	1
BAG3	PRKAR1B	['IntAct', 'HuRI']	2
BAG3	HSPA5	['BioGRID']	1
BAG3	HSP90AB1	['BioGRID']	1
BAG3	PDLIM7	['IntAct', 'BioPlex_293T', 'BioPlex_HCT116', 'BioGRID', 'HuRI']	5
TRAF3	SRC	['BioGRID']	1
TRAF3	LNX1	['IntAct', 'HuRI']	2
TRAF3	TRAF2	['BioGRID']	1
TRAF3	CDC37	['IntAct', 'HuRI']	2
TRAF3	NTAQ1	['IntAct', 'HuRI']	2
TRAF3	PTPN6	['BioGRID']	1
TRAF3	TAX1BP1	['BioGRID']	1
TRAF3	MFF	['BioGRID']	1
TRAF3	NEDD4L	['BioGRID']	1
TRAF3	CSNK2A2	['BioGRID']	1
TRAF3	TNFRSF1B	['BioGRID']	1
TRAF3	CD40	['IntAct', 'BioGRID']	2
TRAF3	TBK1	['IntAct', 'BioGRID']	2
TRAF3	CSNK1E	['BioGRID']	1
TRAF3	IKBKE	['BioGRID']	1
TRAF3	TLR4	['BioGRID']	1
TRAF3	IRF1	['BioGRID']	1
PEX16	BSCL2	['BioPlex_293T']	1
PEX16	AQP6	['IntAct', 'HuRI']	2
PEX16	CREB3L1	['IntAct', 'HuRI']	2
PEX16	TTYH1	['BioPlex_293T']	1
PEX16	FCER1G	['HuRI']	1
PEX16	TMX2	['IntAct', 'HuRI']	2
PEX16	GPR152	['IntAct', 'HuRI']	2
PEX16	CD79A	['BioPlex_293T', 'BioGRID']	2
PEX16	APLNR	['BioPlex_293T']	1
PEX16	PTH2R	['BioPlex_293T']	1
PEX16	OPRL1	['BioPlex_293T']	1
PEX16	KCNJ6	['IntAct', 'HuRI']	2
PEX16	ERGIC3	['IntAct', 'HuRI']	2
PEX16	ZDHHC15	['IntAct', 'HuRI']	2
PEX16	ADCY8	['BioPlex_293T']	1
VIRMA	JAK1	['BioGRID']	1
VIRMA	YWHAG	['BioPlex_293T', 'BioGRID']	2
VIRMA	CLTC	['BioGRID']	1
VIRMA	ANLN	['BioGRID']	1
VIRMA	HSPA1B	['BioGRID']	1
VIRMA	VCP	['BioGRID']	1
VIRMA	EGFR	['BioGRID']	1
VIRMA	YWHAZ	['IntAct', 'BioGRID']	2
VIRMA	CUL4A	['BioGRID']	1
VIRMA	HSPA5	['BioGRID']	1
VIRMA	YWHAH	['BioPlex_293T', 'BioGRID']	2
VIRMA	LNPEP	['BioGRID']	1
VIRMA	DDB1	['BioGRID']	1
VIRMA	IQGAP1	['BioGRID']	1
VIRMA	L1CAM	['BioGRID']	1
VIRMA	HNRNPCL2	['BioPlex_293T']	1
VIRMA	HSPA8	['BioGRID']	1
VIRMA	YWHAE	['BioGRID']	1
VIRMA	STAT3	['BioGRID']	1
VIRMA	HSP90AA1	['BioGRID']	1
VIRMA	DCAF1	['BioGRID']	1
VIRMA	AP2B1	['BioGRID']	1
VIRMA	SPTAN1	['BioGRID']	1
VIRMA	PRKDC	['BioGRID']	1
VIRMA	TRIM4	['BioGRID']	1
VIRMA	LAMB1	['BioGRID']	1
VIRMA	NCOR2	['BioGRID']	1
VIRMA	GPR89A	['BioGRID']	1
NFE2L2	KDM1A	['IntAct', 'HuRI']	2
NFE2L2	RELA	['IntAct', 'BioGRID']	2
NFE2L2	JUN	['BioGRID']	1
NFE2L2	CUL3	['BioGRID']	1
NFE2L2	MYC	['BioGRID']	1
NFE2L2	MAPK8	['BioGRID']	1
NFE2L2	REL	['IntAct', 'BioGRID']	2
NFE2L2	DDIT3	['IntAct', 'BioGRID']	2
NFE2L2	CDH1	['BioGRID']	1
NFE2L2	PIN1	['IntAct']	1
NFE2L2	STAT3	['IntAct', 'BioGRID']	2
NFE2L2	HSP90AA1	['BioGRID']	1
NFE2L2	FBXW11	['BioGRID']	1
NFE2L2	NCOR2	['BioGRID']	1
NFE2L2	FOSB	['IntAct', 'BioGRID']	2
NFE2L2	IRF1	['IntAct', 'BioGRID']	2
ATP2B2	APOD	['BioPlex_293T']	1
ATP2B2	EIF2B2	['BioPlex_293T']	1
ATP2B2	SLC4A2	['BioPlex_293T']	1
ATP2B2	TTYH1	['BioPlex_293T']	1
ATP2B2	CXCR4	['BioPlex_293T']	1
ATP2B2	CERS6	['BioPlex_293T']	1
ATP2B2	CMTM5	['BioPlex_293T']	1
ATP2B2	PCNX3	['BioPlex_293T']	1
ATP2B2	GPR182	['BioPlex_293T', 'BioPlex_HCT116']	2
ATP2B2	NUFIP1	['BioPlex_293T']	1
ATP2B2	HTR3A	['BioPlex_293T']	1
ATP2B2	CLEC12B	['BioPlex_293T']	1
ATP2B2	DHRS7	['BioPlex_293T', 'BioPlex_HCT116']	2
ATP2B2	HTR2C	['BioPlex_293T']	1
ATP2B2	GPM6A	['BioPlex_293T']	1
ATP2B2	C5AR1	['BioPlex_293T']	1
ATP2B2	ATP2B4	['BioPlex_293T', 'BioPlex_HCT116']	2
ATP2B2	TMEM63B	['BioPlex_293T']	1
ATP2B2	VAV1	['BioPlex_293T']	1
ATP2B2	PTH2R	['BioPlex_293T']	1
ATP2B2	RXFP1	['BioPlex_293T']	1
ATP2B2	TNPO3	['BioPlex_293T', 'BioPlex_HCT116']	2
ATP2B2	CLU	['BioPlex_293T']	1
ATP2B2	OPRL1	['BioPlex_293T']	1
ATP2B2	PTGIR	['BioPlex_293T']	1
ATP2B2	GOLM1	['BioPlex_293T']	1
ATP2B2	ATP2B3	['BioPlex_293T']	1
ATP2B2	GPR89A	['BioPlex_293T']	1
ATP2B2	LGALS8	['BioPlex_293T']	1
ATP2B2	EDNRB	['BioPlex_293T']	1
ATP2B2	CALCA	['IntAct']	1
ATP2B2	LEMD2	['BioPlex_293T', 'BioPlex_HCT116']	2
ATP2B2	PTGFR	['BioPlex_293T']	1
ATP2B2	ADORA2B	['BioPlex_HCT116']	1
ATP2B2	GOLGA5	['BioPlex_293T']	1
ATP2B2	GINM1	['BioPlex_293T']	1
ATP2B2	ASIC4	['BioPlex_HCT116']	1
HSF2BP	LNX1	['IntAct', 'HuRI']	2
HSF2BP	SLC6A1	['IntAct', 'HuRI']	2
HSF2BP	VHL	['IntAct', 'HuRI']	2
HSF2BP	PICK1	['IntAct', 'HuRI']	2
HSF2BP	SPRED1	['IntAct', 'HuRI']	2
HSF2BP	SDCBP	['IntAct', 'HuRI']	2
HSF2BP	KAT5	['IntAct', 'HuRI']	2
HSF2BP	LEP	['IntAct', 'HuRI']	2
HSF2BP	ANAPC16	['IntAct', 'HuRI']	2
HSF2BP	SIRPA	['HuRI']	1
HSF2BP	PDLIM7	['IntAct', 'HuRI']	2
HSF2BP	CDC37	['IntAct', 'HuRI']	2
HSF2BP	POGZ	['IntAct', 'HuRI']	2
HSF2BP	BLK	['IntAct', 'HuRI']	2
HSF2BP	ENKD1	['IntAct', 'HuRI']	2
HSF2BP	ZBTB16	['IntAct', 'HuRI']	2
HSF2BP	MKRN3	['IntAct', 'HuRI']	2
HSF2BP	NTAQ1	['IntAct', 'HuRI']	2
GRM7	PICK1	['BioGRID']	1
ANLN	HDAC1	['BioGRID']	1
ANLN	SPECC1L	['BioPlex_HCT116', 'BioGRID']	2
ANLN	YWHAG	['BioGRID']	1
ANLN	CLTC	['BioGRID']	1
ANLN	GSN	['BioGRID']	1
ANLN	RNPS1	['BioGRID']	1
ANLN	PRKN	['BioGRID']	1
ANLN	HNRNPK	['BioGRID']	1
ANLN	DDB1	['BioGRID']	1
ANLN	SQSTM1	['BioGRID']	1
ANLN	CSNK1D	['BioGRID']	1
ANLN	YWHAH	['BioGRID']	1
ANLN	PPP1R9B	['BioGRID']	1
ANLN	RPL15	['BioGRID']	1
ANLN	FYN	['BioGRID']	1
ANLN	CAV1	['BioGRID']	1
ANLN	EZR	['BioGRID']	1
ANLN	AP2B1	['BioGRID']	1
ANLN	GNB1	['BioGRID']	1
ANLN	HSPA8	['BioGRID']	1
ANLN	EGFR	['BioGRID']	1
ANLN	SCRIB	['BioGRID']	1
ANLN	HSPB1	['BioGRID']	1
ANLN	LGALS1	['BioGRID']	1
ANLN	NCL	['BioGRID']	1
ANLN	C1QBP	['BioGRID']	1
ANLN	MAP7	['BioGRID']	1
ANLN	ATP5F1B	['BioGRID']	1
ANLN	IQGAP1	['BioGRID']	1
ANLN	S100A2	['BioPlex_293T']	1
ANLN	PRKCA	['BioPlex_HCT116']	1
ANLN	RAN	['BioGRID']	1
ANLN	SPTAN1	['BioGRID']	1
ANLN	ASPH	['BioGRID']	1
ANLN	GNAQ	['BioPlex_HCT116']	1
ANLN	SNTB2	['BioGRID']	1
ANLN	PPP1CC	['BioGRID']	1
ANLN	LMNA	['BioGRID']	1
ANLN	RHOB	['BioGRID']	1
ANLN	PPIA	['BioGRID']	1
ANLN	GAPDH	['BioGRID']	1
ANLN	ATP5F1A	['BioGRID']	1
ANLN	HARS2	['BioPlex_HCT116', 'BioGRID']	2
ANLN	S100A10	['BioGRID']	1
ANLN	PUF60	['BioGRID']	1
ANLN	AP2M1	['BioGRID']	1
ANLN	ANXA1	['BioGRID']	1
ANLN	PRKDC	['BioGRID']	1
ANLN	ACTN1	['BioGRID']	1
ANLN	LYN	['BioPlex_HCT116', 'BioGRID']	2
ANLN	GNA13	['BioPlex_HCT116', 'BioGRID']	2
ANLN	MYC	['BioGRID']	1
ANLN	PPIB	['BioGRID']	1
ANLN	VAPB	['BioPlex_HCT116']	1
ANLN	HMOX2	['BioPlex_HCT116']	1
ANLN	CEBPA	['BioGRID']	1
ANLN	HSP90AB1	['BioGRID']	1
ANLN	RACK1	['BioGRID']	1
ANLN	CDH1	['BioPlex_HCT116', 'BioGRID']	2
ANLN	TMOD1	['BioGRID']	1
PRKAB2	ADAMTSL4	['IntAct', 'BioGRID', 'HuRI']	3
PRKAB2	GSN	['IntAct']	1
PRKAB2	TP53	['IntAct']	1
PRKAB2	TRAF2	['IntAct', 'BioGRID', 'HuRI']	3
PRKAB2	TLE5	['IntAct', 'HuRI']	2
PRKAB2	MEOX2	['IntAct', 'BioGRID', 'HuRI']	3
PRKAB2	SPRED1	['IntAct']	1
PRKAB2	KRT40	['IntAct', 'HuRI']	2
PRKAB2	HSPB1	['IntAct']	1
PRKAB2	PRKAA2	['IntAct', 'BioPlex_293T', 'BioPlex_HCT116', 'BioGRID', 'HuRI']	5
PRKAB2	REL	['IntAct', 'BioGRID', 'HuRI']	3
PRKAB2	KRTAP10-8	['IntAct', 'HuRI']	2
PRKAB2	CYSRT1	['IntAct']	1
PRKAB2	KRTAP10-7	['IntAct', 'HuRI']	2
PRKAB2	CSNK2B	['BioGRID']	1
PRKAB2	GRIN2C	['IntAct']	1
PRKAB2	DAO	['IntAct', 'BioGRID', 'HuRI']	3
PRKAB2	GOLGA2	['IntAct', 'BioGRID']	2
PRKAB2	FGFR3	['IntAct']	1
PRKAB2	MDFI	['IntAct', 'BioGRID', 'HuRI']	3
PRKAB2	CREB3L1	['IntAct', 'BioGRID', 'HuRI']	3
PRKAB2	SCRIB	['BioPlex_293T']	1
MAP2K1	YWHAG	['BioPlex_293T', 'BioGRID']	2
MAP2K1	PRKN	['BioGRID']	1
MAP2K1	RAF1	['IntAct', 'BioGRID']	2
MAP2K1	VCP	['BioGRID']	1
MAP2K1	YWHAZ	['BioGRID']	1
MAP2K1	YWHAH	['BioPlex_293T', 'BioGRID']	2
MAP2K1	PLEKHF2	['IntAct', 'HuRI']	2
MAP2K1	NUFIP1	['BioPlex_293T']	1
MAP2K1	IQGAP1	['BioGRID']	1
MAP2K1	MAPK1	['IntAct', 'BioGRID']	2
MAP2K1	PIN1	['IntAct']	1
MAP2K1	DGUOK	['BioPlex_293T']	1
MAP2K1	HSPA8	['BioGRID']	1
MAP2K1	YWHAE	['BioGRID']	1
MAP2K1	HSPB1	['BioGRID']	1
MAP2K1	MAPK3	['IntAct', 'BioGRID']	2
MAP2K1	MAP3K8	['BioGRID']	1
COL9A1	FN1	['BioGRID']	1
COL9A1	COL2A1	['BioPlex_293T', 'BioGRID']	2
COL9A1	VHL	['BioPlex_293T']	1
COL9A1	GIPC1	['IntAct']	1
COL9A1	CRYAA	['IntAct']	1
COL9A1	KLK6	['IntAct']	1
COL9A1	COL6A1	['IntAct', 'BioPlex_293T', 'BioPlex_HCT116']	3
HTR2B	LNX1	['BioGRID']	1
HTR2B	HTR2C	['IntAct']	1
HTR2B	HTR2A	['IntAct']	1
NTAQ1	ADAMTSL4	['IntAct', 'HuRI']	2
NTAQ1	ACTB	['IntAct', 'BioGRID', 'HuRI']	3
NTAQ1	TRAF2	['BioPlex_293T', 'BioPlex_HCT116']	2
NTAQ1	CEP70	['IntAct', 'HuRI']	2
NTAQ1	TLE5	['IntAct', 'HuRI']	2
NTAQ1	DNM2	['IntAct']	1
NTAQ1	TOLLIP	['IntAct', 'HuRI']	2
NTAQ1	NECAB2	['IntAct', 'HuRI']	2
NTAQ1	CASP6	['IntAct', 'HuRI']	2
NTAQ1	SIAH1	['IntAct', 'HuRI']	2
NTAQ1	VCP	['IntAct', 'HuRI']	2
NTAQ1	KRTAP10-7	['IntAct', 'HuRI']	2
NTAQ1	CYSRT1	['IntAct']	1
NTAQ1	NUP35	['BioPlex_293T', 'BioPlex_HCT116']	2
NTAQ1	AGR2	['IntAct', 'HuRI']	2
NTAQ1	SLC15A2	['IntAct', 'HuRI']	2
NTAQ1	CDA	['IntAct', 'HuRI']	2
NTAQ1	MYD88	['IntAct']	1
NTAQ1	MDFI	['HuRI']	1
NTAQ1	CSNK2B	['IntAct', 'HuRI']	2
NTAQ1	FTL	['IntAct', 'HuRI']	2
NTAQ1	ARFGAP3	['BioPlex_293T']	1
NTAQ1	CMTM5	['IntAct', 'HuRI']	2
NTAQ1	GOLGA2	['IntAct']	1
NTAQ1	CRYAA	['IntAct', 'HuRI']	2
NTAQ1	MIF	['IntAct', 'HuRI']	2
NTAQ1	DAB1	['IntAct', 'HuRI']	2
NTAQ1	LGALS9B	['IntAct', 'HuRI']	2
NTAQ1	GFAP	['IntAct', 'HuRI']	2
NTAQ1	MTUS2	['IntAct', 'HuRI']	2
NTAQ1	PRKAR1B	['IntAct', 'HuRI']	2
NTAQ1	ASPH	['BioPlex_293T']	1
NTAQ1	TAX1BP1	['IntAct', 'HuRI']	2
NTAQ1	RABAC1	['IntAct', 'HuRI']	2
NTAQ1	LMO2	['IntAct', 'HuRI']	2
NTAQ1	ACTN2	['IntAct', 'HuRI']	2
NTAQ1	TRIM23	['IntAct', 'HuRI']	2
NTAQ1	KCTD9	['IntAct', 'HuRI']	2
BOD1	PLEKHF2	['IntAct', 'HuRI']	2
BOD1	CTSB	['IntAct']	1
BOD1	PCSK2	['IntAct']	1
BOD1	CALB1	['IntAct']	1
ARRDC3	UBQLN2	['IntAct', 'HuRI']	2
ARRDC3	TOLLIP	['IntAct', 'HuRI']	2
ARRDC3	UBE2D1	['IntAct', 'HuRI']	2
ARRDC3	UBE2D2	['IntAct', 'HuRI']	2
ARRDC3	NEDD4	['IntAct', 'BioPlex_293T', 'BioGRID']	3
ARRDC3	RNF149	['BioPlex_293T']	1
ARRDC3	FGFR3	['BioPlex_293T']	1
ARRDC3	HGS	['IntAct']	1
ARRDC3	NEDD4L	['IntAct', 'BioPlex_293T', 'BioGRID', 'HuRI']	4
ARRDC3	ARRB2	['BioGRID']	1
ARRDC3	PHF1	['IntAct', 'HuRI']	2
ARRDC3	RACK1	['IntAct', 'HuRI']	2
ARRDC3	WWOX	['IntAct', 'BioPlex_293T', 'BioGRID', 'HuRI']	4
ARRDC3	CD320	['BioPlex_293T']	1
ARRDC3	PRKAA2	['IntAct', 'HuRI']	2
ARRDC3	ITGB4	['IntAct']	1
ARRDC3	TNFRSF10B	['BioPlex_293T']	1
ARRDC3	CDA	['IntAct', 'HuRI']	2
ARRDC3	TNFAIP3	['IntAct', 'HuRI']	2
LEP	HSPA5	['BioPlex_HCT116']	1
LEP	POMGNT2	['BioPlex_HCT116']	1
LEP	IDUA	['BioPlex_HCT116']	1
LEP	LEPR	['IntAct', 'BioPlex_293T', 'BioPlex_HCT116']	3
LEP	COL6A1	['BioPlex_HCT116']	1
LEP	TOR3A	['BioPlex_HCT116']	1
RNF181	PICK1	['BioPlex_293T']	1
RNF181	UBE2D1	['IntAct', 'BioGRID', 'HuRI']	3
RNF181	UBE2D2	['BioGRID']	1
RNF181	SIDT2	['BioPlex_293T']	1
RNF181	MAPK3	['BioPlex_293T']	1
RNF181	SLC32A1	['BioPlex_293T']	1
RNF181	ICA1	['BioPlex_293T']	1
RNF181	CDA	['BioPlex_293T']	1
RNF181	WDR45B	['BioPlex_293T']	1
RNF181	TRPV3	['BioPlex_293T']	1
TLR5	APP	['IntAct']	1
TLR5	SNX14	['BioPlex_293T']	1
TLR5	CNPY3	['BioPlex_293T']	1
TLR5	TMX2	['BioPlex_293T']	1
TLR5	DHRS7	['BioPlex_293T']	1
TLR5	PRXL2A	['BioPlex_293T']	1
TLR5	CTDNEP1	['BioPlex_293T']	1
TMEM259	CD3E	['BioPlex_HCT116']	1
TMEM259	CCKBR	['BioPlex_HCT116']	1
TMEM259	OR6T1	['BioPlex_293T']	1
TMEM259	P2RY2	['BioPlex_HCT116']	1
TMEM259	ABHD14A	['BioPlex_HCT116']	1
TMEM259	YIPF3	['BioPlex_293T', 'BioPlex_HCT116']	2
TMEM259	SPSB4	['BioPlex_293T', 'BioPlex_HCT116']	2
TMEM259	HLA-DQA1	['BioPlex_HCT116']	1
TMEM259	BCL2	['BioPlex_HCT116']	1
TMEM259	GPR182	['BioPlex_HCT116']	1
TMEM259	P2RX2	['BioPlex_HCT116']	1
TMEM259	DIPK1A	['BioPlex_293T', 'BioPlex_HCT116']	2
TMEM259	C5AR1	['BioPlex_HCT116']	1
TMEM259	CANX	['BioGRID']	1
TMEM259	RNF185	['BioPlex_293T', 'BioPlex_HCT116', 'BioGRID']	3
TMEM259	ASPH	['BioPlex_HCT116']	1
MUC5B	AGR2	['BioGRID']	1
MUC5B	KLK10	['BioPlex_HCT116']	1
MUC5B	JAK2	['BioPlex_293T']	1
PLCB3	RNF31	['BioPlex_HCT116']	1
PLCB3	CTNNA3	['BioPlex_HCT116']	1
PLCB3	ANAPC16	['BioPlex_HCT116']	1
PLCB3	KCNE3	['BioPlex_HCT116']	1
PLCB3	NHERF1	['IntAct', 'BioPlex_293T']	2
PLCB3	FTL	['BioPlex_HCT116']	1
PLCB3	ATP5PB	['BioPlex_HCT116']	1
ATP5PB	RETREG3	['BioPlex_293T', 'BioPlex_HCT116']	2
ATP5PB	PRKN	['BioGRID']	1
ATP5PB	OPRM1	['BioPlex_293T']	1
ATP5PB	HTR1B	['BioPlex_HCT116']	1
ATP5PB	HTT	['IntAct']	1
ATP5PB	F2RL1	['BioPlex_HCT116']	1
ATP5PB	CERS6	['BioPlex_293T', 'BioPlex_HCT116']	2
ATP5PB	NTSR1	['BioPlex_293T', 'BioPlex_HCT116']	2
ATP5PB	SCAMP2	['BioPlex_HCT116']	1
ATP5PB	FYN	['BioPlex_HCT116']	1
ATP5PB	HTR2C	['BioPlex_293T']	1
ATP5PB	CANX	['BioGRID']	1
ATP5PB	ATP5F1B	['IntAct', 'BioPlex_293T', 'BioPlex_HCT116', 'BioGRID']	4
ATP5PB	BLK	['BioGRID']	1
ATP5PB	P2RY12	['BioPlex_293T']	1
ATP5PB	OPRL1	['BioPlex_293T']	1
ATP5PB	EPB41L1	['BioPlex_HCT116']	1
ATP5PB	ATP5F1A	['IntAct', 'BioPlex_293T', 'BioPlex_HCT116', 'BioGRID']	4
ATP5PB	TACR1	['BioPlex_293T']	1
ATP5PB	P2RY1	['BioPlex_HCT116']	1
NEDD4L	DLG3	['BioPlex_293T']	1
NEDD4L	YWHAG	['BioPlex_293T', 'BioGRID']	2
NEDD4L	PRKN	['BioGRID']	1
NEDD4L	UBE2D1	['BioGRID']	1
NEDD4L	RAF1	['BioGRID']	1
NEDD4L	UBC	['BioGRID']	1
NEDD4L	UBE2D2	['BioGRID']	1
NEDD4L	NEDD4	['BioPlex_293T']	1
NEDD4L	EGFR	['BioGRID']	1
NEDD4L	YWHAZ	['BioGRID']	1
NEDD4L	HSPA5	['BioGRID']	1
NEDD4L	YWHAH	['BioPlex_293T', 'BioGRID']	2
NEDD4L	HGS	['BioGRID']	1
NEDD4L	SP1	['BioGRID']	1
NEDD4L	SNCA	['BioGRID']	1
NEDD4L	ARRB1	['BioGRID']	1
NEDD4L	SPHK2	['BioGRID']	1
NEDD4L	ARRB2	['BioGRID']	1
NEDD4L	SMAD3	['BioGRID']	1
NEDD4L	TNFAIP3	['BioPlex_293T']	1
NEDD4L	PIK3CA	['BioGRID']	1
NEDD4L	YY1	['BioGRID']	1
NEDD4L	RHOB	['BioGRID']	1
NEDD4L	IL6ST	['BioGRID']	1
NEDD4L	YWHAE	['IntAct', 'BioGRID']	2
NEDD4L	SLC31A1	['BioGRID']	1
NEDD4L	LPAR1	['BioGRID']	1
TCF4	YWHAG	['IntAct']	1
TCF4	TP53	['IntAct', 'BioGRID']	2
TCF4	TLE5	['IntAct', 'HuRI']	2
TCF4	SPG21	['IntAct', 'HuRI']	2
TCF4	PRKCA	['IntAct']	1
TCF4	RELA	['IntAct']	1
TCF4	SDCBP	['IntAct', 'HuRI']	2
TCF4	CDC37	['IntAct', 'HuRI']	2
TCF4	MYC	['BioGRID']	1
TCF4	CTNNB1	['IntAct', 'BioGRID']	2
TCF4	LNPEP	['IntAct', 'HuRI']	2
TCF4	KAT5	['IntAct']	1
TCF4	PPIA	['IntAct', 'HuRI']	2
TCF4	AQP1	['IntAct', 'HuRI']	2
TCF4	PIN1	['IntAct', 'HuRI']	2
TCF4	NEUROG3	['IntAct', 'BioPlex_293T', 'BioGRID', 'HuRI']	4
TCF4	PRKAA2	['IntAct', 'HuRI']	2
TCF4	MSC	['IntAct', 'BioGRID', 'HuRI']	3
TCF4	NOXA1	['IntAct', 'HuRI']	2
TCF4	KLHL38	['IntAct', 'HuRI']	2
TCF4	PTGER3	['IntAct']	1
TCF4	NEK6	['IntAct', 'BioGRID', 'HuRI']	3
TCF4	TRIM68	['IntAct', 'HuRI']	2
TCF4	NMUR2	['IntAct', 'HuRI']	2
TIMM10B	MBD3	['IntAct', 'HuRI']	2
TIMM10B	HGS	['IntAct', 'HuRI']	2
TIMM10B	KLHL38	['IntAct', 'HuRI']	2
TIMM10B	PRKCE	['BioPlex_293T']	1
TIMM10B	ADCYAP1	['BioPlex_293T']	1
TIMM10B	PNOC	['BioPlex_293T']	1
TRIM23	LNX1	['IntAct', 'HuRI']	2
TRIM23	WFS1	['IntAct']	1
TRIM23	GSN	['IntAct']	1
TRIM23	SPG21	['IntAct', 'HuRI']	2
TRIM23	UBE2D1	['BioGRID']	1
TRIM23	UBE2D2	['BioGRID']	1
TRIM23	CASP6	['IntAct']	1
TRIM23	SIAH1	['IntAct', 'HuRI']	2
TRIM23	ENKD1	['IntAct', 'HuRI']	2
TRIM23	FGFR3	['IntAct']	1
TRIM23	LMO2	['IntAct', 'HuRI']	2
TRIM23	SQSTM1	['BioGRID']	1
TRIM23	HGS	['IntAct', 'HuRI']	2
TRIM23	KAT5	['IntAct', 'HuRI']	2
TRIM23	AQP1	['IntAct', 'HuRI']	2
TRIM23	HSPB1	['IntAct']	1
TRIM23	RAN	['IntAct']	1
TRIM23	PHF1	['IntAct', 'HuRI']	2
TRIM23	HSP90AA1	['BioGRID']	1
TRIM23	NOXA1	['IntAct', 'HuRI']	2
TRIM23	ZBTB16	['IntAct', 'HuRI']	2
TRIM23	LGALS8	['IntAct', 'BioGRID', 'HuRI']	3
TRIM23	POLL	['HuRI']	1
TRIM23	TBK1	['BioGRID']	1
TRIM23	NEK6	['IntAct', 'HuRI']	2
TRIM23	SIRPA	['HuRI']	1
TRIM23	KLHL42	['IntAct', 'HuRI']	2
TRIM23	GRIN2C	['IntAct']	1
TRIM23	ANO1	['BioGRID']	1
TRIM23	TNFAIP3	['IntAct', 'HuRI']	2
ASIC4	CISD2	['BioPlex_293T']	1
ASIC4	WFS1	['IntAct']	1
ASIC4	GSN	['IntAct']	1
ASIC4	PMP22	['IntAct']	1
ASIC4	DNM2	['IntAct']	1
ASIC4	BSCL2	['BioPlex_293T', 'BioPlex_HCT116']	2
ASIC4	KLF11	['IntAct']	1
ASIC4	SPRED1	['IntAct']	1
ASIC4	ATP2A3	['BioPlex_293T']	1
ASIC4	HMOX2	['BioPlex_HCT116']	1
ASIC4	HTT	['IntAct']	1
ASIC4	FGFR3	['IntAct']	1
ASIC4	FBXO2	['BioPlex_293T', 'BioPlex_HCT116']	2
ASIC4	TMX2	['BioPlex_293T']	1
ASIC4	BAG6	['IntAct']	1
ASIC4	NOS3	['IntAct']	1
ASIC4	GFAP	['IntAct']	1
ASIC4	HSPB1	['IntAct']	1
ASIC4	LMAN2L	['BioPlex_HCT116']	1
ASIC4	MAP2K3	['BioPlex_HCT116']	1
ASIC4	PTDSS2	['BioPlex_HCT116']	1
ASIC4	HLA-DQB1	['BioPlex_HCT116']	1
ASIC4	NLGN2	['BioPlex_HCT116']	1
ASIC4	DIPK1A	['BioPlex_293T']	1
ASIC4	TXNDC15	['BioPlex_293T']	1
ASIC4	GRIN2C	['IntAct']	1
ASIC4	GLRB	['BioPlex_293T']	1
CNPY3	WFS1	['IntAct']	1
CNPY3	LY86	['BioPlex_HCT116']	1
CNPY3	RXFP1	['BioPlex_293T']	1
CNPY3	FAM209A	['IntAct', 'HuRI']	2
CNPY3	KLK6	['IntAct']	1
CNPY3	SPRED1	['IntAct']	1
CNPY3	BRICD5	['BioPlex_293T', 'BioPlex_HCT116']	2
CNPY3	SCRIB	['BioPlex_293T', 'BioPlex_HCT116']	2
CNPY3	KCNJ6	['IntAct', 'HuRI']	2
CNPY3	GOLM1	['IntAct', 'HuRI']	2
CNPY3	COL6A1	['BioPlex_HCT116']	1
CNPY3	CREB3	['HuRI']	1
NUP85	PRKN	['BioGRID']	1
NUP85	CCNF	['BioGRID']	1
NUP85	CUL3	['BioGRID']	1
NUP85	EFNB1	['BioPlex_293T']	1
NUP85	CD40	['BioPlex_293T', 'BioPlex_HCT116']	2
NUP85	CCR2	['IntAct']	1
CSNK1E	YWHAG	['BioGRID']	1
CSNK1E	POTEF	['BioPlex_293T']	1
CSNK1E	TLE5	['BioGRID']	1
CSNK1E	UBE2D2	['BioPlex_HCT116']	1
CSNK1E	RNF149	['BioPlex_293T']	1
CSNK1E	YWHAH	['IntAct', 'BioGRID']	2
CSNK1E	TNFRSF1B	['BioPlex_293T']	1
CSNK1E	HSPA8	['BioPlex_293T']	1
CSNK1E	YWHAE	['IntAct']	1
CSNK1E	HSP90AB1	['IntAct']	1
CSNK1E	FTL	['BioPlex_293T', 'BioPlex_HCT116']	2
CSNK1E	CSNK1D	['BioPlex_293T', 'BioGRID']	2
CSNK1E	CLOCK	['BioGRID']	1
CSNK1E	MDM2	['IntAct']	1
CSNK1E	PER1	['BioPlex_293T', 'BioPlex_HCT116', 'BioGRID']	3
CSNK1E	TAFAZZIN	['BioGRID']	1
CSNK1E	TNFRSF1A	['BioPlex_293T']	1
CSNK1E	RYK	['BioPlex_HCT116']	1
CSNK1E	KLHL42	['BioPlex_293T']	1
DCAF1	HDAC1	['BioGRID']	1
DCAF1	TP53	['BioGRID']	1
DCAF1	VTN	['BioPlex_293T']	1
DCAF1	MYC	['BioGRID']	1
DCAF1	CUL4A	['BioGRID']	1
DCAF1	ESR1	['BioGRID']	1
DCAF1	RPL15	['BioPlex_293T', 'BioPlex_HCT116']	2
DCAF1	DDB1	['IntAct', 'BioGRID']	2
DCAF1	CD274	['BioGRID']	1
DCAF1	RBX1	['BioGRID']	1
DCAF1	RAG1	['BioGRID']	1
DCAF1	COPS5	['BioPlex_HCT116', 'BioGRID']	2
DCAF1	ZNF747	['BioPlex_HCT116']	1
DCAF1	CUL4B	['BioGRID']	1
DCAF1	COPS2	['BioPlex_HCT116', 'BioGRID']	2
DCAF1	IRF1	['BioGRID']	1
ANAPC5	CCT8L2	['BioPlex_293T']	1
ANAPC5	ANAPC16	['BioPlex_293T', 'BioPlex_HCT116', 'BioGRID']	3
ANAPC5	ANAPC4	['BioPlex_293T', 'BioPlex_HCT116', 'BioGRID']	3
ANAPC5	HSPA8	['BioPlex_293T']	1
ANAPC5	CDC23	['BioPlex_293T', 'BioPlex_HCT116', 'BioGRID']	3
ANAPC5	CDC26	['BioPlex_293T', 'BioPlex_HCT116', 'BioGRID']	3
ANAPC5	UBXN6	['BioPlex_HCT116']	1
ANAPC5	ANAPC1	['BioPlex_293T', 'BioPlex_HCT116', 'BioGRID']	3
ANAPC5	PENK	['BioPlex_293T']	1
ANAPC5	CDC27	['BioPlex_293T', 'BioPlex_HCT116', 'BioGRID']	3
HLA-DQA1	APOL2	['BioPlex_293T']	1
HLA-DQA1	B4GALT5	['BioPlex_293T']	1
HLA-DQA1	GPRC5C	['BioPlex_HCT116']	1
HLA-DQA1	TMEM106A	['BioPlex_293T']	1
HLA-DQA1	EFNB1	['BioPlex_293T', 'BioPlex_HCT116']	2
HLA-DQA1	LNPEP	['BioPlex_HCT116']	1
HLA-DQA1	HLA-DRA	['BioPlex_HCT116']	1
HLA-DQA1	PRXL2A	['BioPlex_293T']	1
HLA-DQA1	LMAN2L	['BioPlex_HCT116']	1
HLA-DQA1	POMGNT2	['BioPlex_HCT116']	1
HLA-DQA1	HLA-DQB1	['BioPlex_HCT116']	1
HLA-DQA1	NLGN2	['BioPlex_HCT116']	1
HLA-DQA1	DIPK1A	['BioPlex_293T']	1
HLA-DQA1	SLC12A7	['BioPlex_HCT116']	1
HLA-DQA1	CYP2S1	['BioPlex_HCT116']	1
HLA-DQA1	TMEM201	['BioPlex_HCT116']	1
HLA-DQA1	CD14	['BioPlex_293T']	1
HLA-DQA1	HCRT	['BioPlex_293T']	1
HLA-DQA1	CCL17	['BioPlex_293T']	1
NMUR2	ADAMTSL4	['IntAct', 'HuRI']	2
NMUR2	SMPD2	['BioPlex_293T']	1
NMUR2	TRAF2	['IntAct', 'HuRI']	2
NMUR2	SLC4A2	['BioPlex_293T']	1
NMUR2	SLC12A6	['BioPlex_293T']	1
NMUR2	NOTCH2NLA	['IntAct', 'HuRI']	2
NMUR2	ATP2B4	['BioPlex_293T']	1
NMUR2	IGHA2	['BioPlex_293T']	1
NMUR2	LRRC8E	['BioPlex_293T']	1
NMUR2	SLC12A7	['BioPlex_293T']	1
NMUR2	DNAJC18	['BioPlex_293T']	1
NMUR2	TAOK2	['BioPlex_293T']	1
SORT1	APP	['IntAct']	1
SORT1	NTRK2	['BioGRID']	1
SORT1	BDNF	['IntAct', 'BioGRID', 'HuRI']	3
SORT1	UPK2	['BioPlex_HCT116']	1
SORT1	LY86	['BioPlex_HCT116']	1
SORT1	GLA	['IntAct']	1
SORT1	NTRK1	['IntAct', 'BioGRID']	2
SORT1	NGF	['IntAct', 'BioGRID']	2
SORT1	IL6	['IntAct']	1
SORT1	FAM3C	['IntAct', 'HuRI']	2
SORT1	NGFR	['BioGRID']	1
SORT1	BRICD5	['IntAct', 'HuRI']	2
MAPK10	RELA	['BioGRID']	1
MAPK10	JUN	['IntAct', 'BioGRID']	2
MAPK10	ARRB2	['BioGRID']	1
MAPK10	CDKN2A	['BioGRID']	1
MAPK10	HAX1	['BioGRID']	1
MAPK10	EZR	['BioGRID']	1
MAPK10	ARRB1	['IntAct', 'BioGRID']	2
MAPK10	ATF2	['BioGRID']	1
CUL2	VHL	['IntAct', 'BioPlex_293T', 'BioPlex_HCT116', 'BioGRID']	4
CUL2	PRKN	['BioGRID']	1
CUL2	HNRNPK	['BioGRID']	1
CUL2	CCNF	['BioGRID']	1
CUL2	HSPA1B	['BioGRID']	1
CUL2	RELA	['BioGRID']	1
CUL2	APPBP2	['BioPlex_293T', 'BioPlex_HCT116', 'BioGRID']	3
CUL2	UBE2D1	['BioGRID']	1
CUL2	UBC	['BioGRID']	1
CUL2	VCP	['BioGRID']	1
CUL2	CUL3	['BioGRID']	1
CUL2	HSPA5	['BioGRID']	1
CUL2	SQSTM1	['BioGRID']	1
CUL2	RBX1	['IntAct', 'BioPlex_293T', 'BioGRID', 'HuRI']	4
CUL2	GCNT3	['BioPlex_293T']	1
CUL2	CDKN2A	['BioGRID']	1
CUL2	HSPA8	['BioGRID']	1
CUL2	COPS5	['BioGRID']	1
CUL2	COPS2	['BioPlex_293T', 'BioPlex_HCT116', 'BioGRID']	3
CUL2	HSP90AB1	['IntAct']	1
CUL2	HSP90AA1	['BioGRID']	1
CUL2	FEM1A	['BioPlex_293T', 'BioPlex_HCT116', 'BioGRID']	3
ARF6	AP2B1	['BioGRID']	1
ARF6	ARRB1	['BioGRID']	1
ARF6	EGFR	['IntAct', 'BioGRID']	2
ARF6	HTR2A	['BioGRID']	1
ARF6	MEOX2	['HuRI']	1
ARF6	IQGAP1	['BioGRID']	1
ARF6	CLTC	['BioGRID']	1
ARF6	CYTH2	['BioGRID']	1
ARF6	PIP5K1C	['BioGRID']	1
LMNA	ACTB	['BioGRID']	1
LMNA	TP53	['BioGRID']	1
LMNA	PRKN	['BioGRID']	1
LMNA	CUL3	['BioGRID']	1
LMNA	F2RL1	['BioPlex_293T', 'BioGRID']	2
LMNA	MYC	['BioGRID']	1
LMNA	FBXW7	['BioGRID']	1
LMNA	CTNNB1	['BioGRID']	1
LMNA	RBBP4	['BioGRID']	1
LMNA	SIRT1	['BioGRID']	1
LMNA	TMEM201	['BioGRID']	1
LMNA	CYLD	['BioGRID']	1
LMNA	LEMD2	['BioGRID']	1
LMNA	EGFR	['BioGRID']	1
LMNA	ALOX12	['IntAct', 'BioGRID']	2
LMNA	HMOX2	['BioGRID']	1
LMNA	KRTAP10-7	['IntAct', 'HuRI']	2
LMNA	HDAC6	['BioGRID']	1
LMNA	C1QBP	['BioGRID']	1
LMNA	BAG6	['IntAct']	1
LMNA	YWHAZ	['IntAct', 'BioGRID']	2
LMNA	VCP	['BioGRID']	1
LMNA	SPRED1	['IntAct']	1
LMNA	STX5	['BioGRID']	1
LMNA	NCL	['BioGRID']	1
LMNA	TRIM21	['BioGRID']	1
LMNA	PPP1CC	['BioGRID']	1
LMNA	PRKDC	['BioGRID']	1
CDH1	SRC	['IntAct', 'BioGRID']	2
CDH1	HDAC1	['BioGRID']	1
CDH1	FGFR1	['IntAct', 'BioGRID']	2
CDH1	SKP2	['BioGRID']	1
CDH1	CTNNA3	['BioPlex_293T', 'BioPlex_HCT116']	2
CDH1	EGFR	['IntAct', 'BioGRID']	2
CDH1	MYC	['IntAct']	1
CDH1	HSPA5	['BioGRID']	1
CDH1	CTNNB1	['IntAct', 'BioPlex_293T', 'BioPlex_HCT116', 'BioGRID']	4
CDH1	IQGAP1	['BioGRID']	1
CDH1	MDM2	['BioGRID']	1
CDH1	PIP5K1C	['BioGRID']	1
CDH1	FYN	['BioGRID']	1
CDH1	HSPA8	['BioGRID']	1
CDH1	TGFBR2	['IntAct']	1
CDH1	CDC27	['BioGRID']	1
CDH1	EZR	['BioGRID']	1
CDH1	PRKACA	['IntAct']	1
CDH1	NEK6	['IntAct']	1
CDH1	ACTN1	['BioGRID']	1
CDH1	HSP90AA1	['IntAct']	1
CDH1	ARFGAP3	['IntAct']	1
DNAJC18	TTYH1	['BioPlex_293T']	1
DNAJC18	GABRG2	['BioPlex_293T']	1
DNAJC18	GRIN2A	['BioPlex_293T']	1
DNAJC18	SIDT2	['BioPlex_293T']	1
DNAJC18	CHRNB2	['BioPlex_293T']	1
DNAJC18	RXFP1	['BioPlex_293T']	1
DNAJC18	PTGIR	['BioPlex_293T']	1
DNAJC18	GABRD	['BioPlex_293T']	1
RBBP4	HDAC1	['IntAct', 'BioPlex_293T', 'BioPlex_HCT116', 'BioGRID']	4
RBBP4	BRCA1	['BioGRID']	1
RBBP4	TP53	['BioGRID']	1
RBBP4	PRKN	['BioGRID']	1
RBBP4	KDM1A	['BioGRID']	1
RBBP4	CASP6	['IntAct']	1
RBBP4	EP300	['BioGRID']	1
RBBP4	VCP	['BioGRID']	1
RBBP4	NR2C2	['BioGRID']	1
RBBP4	MYC	['BioGRID']	1
RBBP4	CUL4A	['BioGRID']	1
RBBP4	ESR1	['BioGRID']	1
RBBP4	RAN	['IntAct']	1
RBBP4	SOD1	['IntAct']	1
RBBP4	CSNK2A1	['BioGRID']	1
RBBP4	ZEB2	['BioGRID']	1
RBBP4	P4HB	['IntAct']	1
RBBP4	CHRNA7	['IntAct']	1
RBBP4	SP1	['BioGRID']	1
RBBP4	PLP1	['IntAct']	1
RBBP4	CUL4B	['BioGRID']	1
RBBP4	DDB1	['BioGRID']	1
RBBP4	MBD3	['BioPlex_293T', 'BioPlex_HCT116', 'BioGRID']	3
RBBP4	PHF1	['BioGRID']	1
RBBP4	SIRT1	['BioGRID']	1
RBBP4	SH3GLB1	['IntAct']	1
RBBP4	CSNK2A2	['BioGRID']	1
STOM	HMOX2	['IntAct', 'HuRI']	2
STOM	TMEM14B	['IntAct', 'HuRI']	2
STOM	F2RL1	['BioPlex_HCT116']	1
STOM	ESR1	['BioGRID']	1
STOM	CMTM5	['IntAct', 'HuRI']	2
STOM	TMEM106A	['BioPlex_HCT116']	1
STOM	YIPF3	['BioPlex_HCT116']	1
STOM	LNPEP	['IntAct', 'HuRI']	2
STOM	EMP1	['IntAct', 'HuRI']	2
STOM	SARAF	['BioPlex_HCT116']	1
STOM	TTMP	['IntAct', 'HuRI']	2
STOM	LPAR1	['BioPlex_HCT116']	1
STOM	RHBDD1	['BioPlex_HCT116']	1
STOM	PMP22	['IntAct', 'HuRI']	2
STOM	RAC1	['BioGRID']	1
STOM	TMEM120B	['IntAct', 'HuRI']	2
STOM	YIPF6	['IntAct', 'HuRI']	2
STOM	RHOB	['BioGRID']	1
STOM	LGALS1	['BioPlex_HCT116']	1
STOM	TNF	['IntAct', 'HuRI']	2
STOM	KLK10	['BioPlex_HCT116']	1
STOM	NKG7	['IntAct', 'HuRI']	2
STOM	MGLL	['IntAct', 'HuRI']	2
STOM	GRM2	['IntAct', 'HuRI']	2
STOM	CLDN19	['IntAct', 'HuRI']	2
STOM	GPM6B	['BioPlex_HCT116']	1
CXCR3	CXCR4	['IntAct']	1
CXCR3	FATE1	['IntAct', 'HuRI']	2
CXCR3	CXCL9	['BioGRID']	1
CXCR3	CLDN19	['IntAct', 'HuRI']	2
CXCR3	TMEM14A	['IntAct', 'HuRI']	2
CXCR3	C2CD2L	['IntAct', 'HuRI']	2
NPR3	NPPC	['BioGRID']	1
AP2B1	APP	['IntAct']	1
AP2B1	CLTC	['BioGRID']	1
AP2B1	TP53	['BioGRID']	1
AP2B1	PRKN	['IntAct']	1
AP2B1	PMP22	['IntAct']	1
AP2B1	TERF2IP	['HuRI']	1
AP2B1	CCNF	['BioGRID']	1
AP2B1	AP2M1	['IntAct', 'BioPlex_293T', 'BioPlex_HCT116', 'BioGRID', 'HuRI']	5
AP2B1	HTT	['IntAct']	1
AP2B1	UBC	['BioGRID']	1
AP2B1	EGFR	['BioGRID']	1
AP2B1	MYC	['BioGRID']	1
AP2B1	UCHL1	['IntAct']	1
AP2B1	ESR1	['BioGRID']	1
AP2B1	SQSTM1	['BioGRID']	1
AP2B1	LNPEP	['BioGRID']	1
AP2B1	SOD1	['IntAct']	1
AP2B1	A2M	['IntAct']	1
AP2B1	NOS3	['IntAct']	1
AP2B1	GFAP	['IntAct']	1
AP2B1	SHC1	['BioGRID']	1
AP2B1	TGFBR2	['BioGRID']	1
AP2B1	ARRB2	['BioGRID']	1
AP2B1	SNCA	['IntAct']	1
AP2B1	VAPB	['IntAct']	1
AP2B1	DBH	['IntAct']	1
AP2B1	ARRB1	['IntAct', 'HuRI']	2
AP2B1	TNIP1	['BioGRID']	1
NGFR	APP	['IntAct', 'BioGRID']	2
NGFR	TP53	['BioGRID']	1
NGFR	TRAF2	['BioGRID']	1
NGFR	SPRED1	['IntAct']	1
NGFR	SQSTM1	['BioGRID']	1
NGFR	TRAF6	['BioGRID']	1
NGFR	MDM2	['BioGRID']	1
NGFR	IKBKB	['BioGRID']	1
NGFR	EGR1	['BioGRID']	1
NGFR	NTRK1	['BioGRID']	1
NGFR	NGF	['IntAct', 'BioGRID']	2
CEBPA	HDAC1	['BioGRID']	1
CEBPA	TP53	['BioGRID']	1
CEBPA	SKP2	['BioGRID']	1
CEBPA	EP300	['BioGRID']	1
CEBPA	CEBPB	['BioGRID']	1
CEBPA	JUN	['BioGRID']	1
CEBPA	MAPK8	['BioGRID']	1
CEBPA	GOPC	['BioGRID']	1
CEBPA	ELAVL1	['BioGRID']	1
CEBPA	DDIT3	['IntAct', 'BioPlex_293T', 'BioGRID']	3
CEBPA	GRIN3A	['BioGRID']	1
CEBPA	YY1	['BioGRID']	1
CEBPA	ZEB2	['BioGRID']	1
CEBPA	KAT5	['BioGRID']	1
CEBPA	ATF2	['BioGRID']	1
CEBPA	SPI1	['BioGRID']	1
CEBPA	ACTN1	['BioGRID']	1
CEBPA	ZBTB16	['BioGRID']	1
HTR1A	FGFR1	['IntAct', 'BioGRID']	2
HTR1A	TRIM21	['BioGRID']	1
HTR1A	PSMD7	['BioGRID']	1
HTR1A	GPR39	['IntAct']	1
CUL3	ACTB	['BioGRID']	1
CUL3	APP	['BioGRID']	1
CUL3	CLTC	['BioGRID']	1
CUL3	RNPS1	['BioGRID']	1
CUL3	PRKN	['BioGRID']	1
CUL3	HNRNPK	['BioGRID']	1
CUL3	HSPA1B	['BioGRID']	1
CUL3	AP2M1	['BioGRID']	1
CUL3	HTT	['IntAct']	1
CUL3	UBC	['BioGRID']	1
CUL3	GABARAPL1	['BioGRID']	1
CUL3	EP300	['BioGRID']	1
CUL3	VCP	['BioGRID']	1
CUL3	COPS5	['IntAct', 'BioPlex_293T', 'BioGRID']	3
CUL3	COPS2	['BioPlex_293T', 'BioGRID']	2
CUL3	TIMM13	['BioGRID']	1
CUL3	CLGN	['BioGRID']	1
CUL3	ENO1	['BioGRID']	1
CUL3	PPIA	['BioGRID']	1
CUL3	GAPDH	['BioGRID']	1
CUL3	ATP5F1A	['BioGRID']	1
CUL3	RACK1	['BioGRID']	1
CUL3	PRKACA	['BioGRID']	1
CUL3	NOTCH1	['BioGRID']	1
CUL3	DDB1	['BioGRID']	1
CUL3	PRKDC	['BioGRID']	1
CUL3	THADA	['BioGRID']	1
CUL3	DDIT3	['BioGRID']	1
CUL3	YWHAE	['BioGRID']	1
CUL3	COPB2	['BioGRID']	1
CUL3	ELAVL1	['BioGRID']	1
CUL3	HSP90AB1	['IntAct', 'BioGRID']	2
CUL3	P4HB	['BioGRID']	1
CUL3	NPEPPS	['BioGRID']	1
CUL3	RBX1	['IntAct', 'BioGRID']	2
CUL3	NSF	['BioGRID']	1
CUL3	ANAPC1	['BioGRID']	1
CUL3	CSNK2B	['BioGRID']	1
CUL3	SDF2L1	['BioGRID']	1
CUL3	PIK3R1	['BioGRID']	1
CUL3	SQSTM1	['BioGRID']	1
CUL3	HAX1	['BioGRID']	1
CUL3	KAT5	['BioGRID']	1
CUL3	KCTD9	['IntAct', 'BioPlex_293T', 'BioGRID', 'HuRI']	4
CUL3	NCL	['BioGRID']	1
CUL3	HSP90AA1	['BioGRID']	1
CUL3	RPL15	['BioGRID']	1
CUL3	KCTD2	['BioGRID']	1
CUL3	CYLD	['BioGRID']	1
CUL3	HSPA8	['BioGRID']	1
CUL3	PUF60	['BioGRID']	1
CUL3	IRAK1	['BioGRID']	1
CUL3	HSPB1	['BioGRID']	1
CUL3	KCTD17	['BioPlex_HCT116', 'BioGRID']	2
CUL3	TNFRSF10B	['BioGRID']	1
CUL3	TNFAIP3	['BioGRID']	1
CUL3	HSPA5	['BioGRID']	1
CUL3	IKBKB	['BioGRID']	1
CUL3	C1QBP	['BioGRID']	1
CUL3	ATP5F1B	['BioGRID']	1
CUL3	DICER1	['BioGRID']	1
CUL3	CANX	['BioGRID']	1
CUL3	CD274	['BioGRID']	1
CUL3	PRKAR1B	['BioGRID']	1
CUL3	ASPH	['BioGRID']	1
CUL3	KLHL42	['BioPlex_293T', 'BioGRID']	2
CUL3	CUL4B	['BioGRID']	1
IAPP	TRIP6	['BioPlex_293T']	1
IAPP	BACE2	['IntAct']	1
IAPP	BACE1	['IntAct']	1
IAPP	IDE	['IntAct']	1
IKBKG	SRC	['IntAct', 'BioGRID']	2
IKBKG	RNF31	['IntAct', 'BioGRID']	2
IKBKG	TNIP2	['IntAct', 'BioGRID']	2
IKBKG	TRAF2	['BioGRID']	1
IKBKG	PRKN	['BioGRID']	1
IKBKG	RELA	['BioGRID']	1
IKBKG	NFKB1	['BioGRID']	1
IKBKG	HTT	['BioGRID']	1
IKBKG	UBC	['IntAct', 'BioGRID']	2
IKBKG	ENKD1	['IntAct', 'HuRI']	2
IKBKG	EGFR	['IntAct', 'BioGRID']	2
IKBKG	EEF1AKMT3	['BioPlex_HCT116']	1
IKBKG	CDC37	['IntAct', 'BioPlex_293T', 'BioPlex_HCT116', 'BioGRID']	4
IKBKG	AKT1	['BioGRID']	1
IKBKG	IRAK1	['BioGRID']	1
IKBKG	SQSTM1	['IntAct', 'BioGRID']	2
IKBKG	CCT8L2	['BioPlex_293T']	1
IKBKG	TNF	['IntAct', 'BioGRID']	2
IKBKG	TNFRSF1A	['BioGRID']	1
IKBKG	TNFAIP3	['IntAct', 'BioGRID']	2
IKBKG	IKBKB	['IntAct', 'BioPlex_293T', 'BioPlex_HCT116', 'BioGRID']	4
IKBKG	S100A2	['BioPlex_293T']	1
IKBKG	TRAF6	['BioGRID']	1
IKBKG	FADD	['BioGRID']	1
IKBKG	HSP90AB1	['IntAct', 'BioPlex_HCT116', 'BioGRID']	3
IKBKG	ANXA1	['BioGRID']	1
IKBKG	HNRNPCL2	['BioPlex_293T']	1
IKBKG	PRKDC	['BioGRID']	1
IKBKG	UBXN6	['BioPlex_HCT116']	1
IKBKG	HSP90AA1	['IntAct', 'BioPlex_HCT116', 'BioGRID']	3
IKBKG	IKBKE	['BioGRID']	1
IKBKG	CYLD	['BioGRID']	1
IKBKG	TBK1	['IntAct', 'BioPlex_293T', 'BioGRID']	3
IKBKG	CHUK	['IntAct', 'BioPlex_293T', 'BioPlex_HCT116', 'BioGRID']	4
IKBKG	CALB1	['IntAct', 'BioGRID']	2
IKBKG	TNIP1	['BioGRID']	1
GINM1	RUSF1	['BioPlex_293T']	1
GINM1	FGFR1	['BioPlex_293T']	1
GINM1	CSTL1	['BioPlex_293T']	1
GINM1	FATE1	['IntAct', 'HuRI']	2
GINM1	APLP2	['BioPlex_293T']	1
GINM1	NDFIP1	['BioPlex_293T']	1
GINM1	TNFRSF10B	['BioPlex_293T']	1
GINM1	BDKRB2	['BioPlex_HCT116']	1
TEC	KIT	['BioGRID']	1
TEC	JAK2	['BioGRID']	1
TEC	PRLR	['BioGRID']	1
FGFR3	ADAMTSL4	['IntAct']	1
FGFR3	PDGFRA	['BioPlex_HCT116']	1
FGFR3	COL2A1	['IntAct']	1
FGFR3	FGFR1	['BioGRID']	1
FGFR3	PRKN	['IntAct']	1
FGFR3	HSPA1B	['BioGRID']	1
FGFR3	PLCG1	['BioGRID']	1
FGFR3	PRG2	['BioPlex_HCT116']	1
FGFR3	RELA	['IntAct']	1
FGFR3	JUN	['IntAct']	1
FGFR3	CDC37	['IntAct', 'BioPlex_HCT116', 'BioGRID']	3
FGFR3	MYC	['IntAct']	1
FGFR3	KCTD17	['IntAct']	1
FGFR3	CBLN4	['BioPlex_HCT116']	1
FGFR3	TIMM13	['BioGRID']	1
FGFR3	GPIHBP1	['BioPlex_HCT116']	1
FGFR3	FBXO2	['BioPlex_293T', 'BioPlex_HCT116']	2
FGFR3	HSP90AB1	['IntAct', 'BioGRID']	2
FGFR3	HSP90AA1	['BioGRID']	1
FGFR3	SDF2L1	['BioPlex_HCT116']	1
FGFR3	COMT	['IntAct']	1
FGFR3	NR2C2	['IntAct']	1
FGFR3	NR1H2	['IntAct']	1
FGFR3	PPARA	['IntAct']	1
FGFR3	PER1	['IntAct']	1
FGFR3	LY86	['BioPlex_HCT116']	1
FGFR3	DNAJB9	['BioPlex_HCT116']	1
FGFR3	TMEM87A	['BioPlex_HCT116']	1
HTR2A	HTR2C	['IntAct']	1
HTR2A	DLG1	['BioGRID']	1
HTR2A	ARF1	['BioGRID']	1
HTR2A	GRM2	['IntAct']	1
HTR2A	CNR1	['IntAct']	1
NDFIP1	NTRK2	['BioGRID']	1
NDFIP1	EDAR	['BioPlex_293T']	1
NDFIP1	NEDD4	['BioPlex_293T', 'BioGRID']	2
NDFIP1	RNF149	['BioPlex_293T', 'BioGRID']	2
NDFIP1	NRSN1	['BioPlex_293T']	1
NDFIP1	KCNK18	['BioPlex_293T']	1
NDFIP1	BACE2	['BioPlex_293T']	1
NDFIP1	IFNGR1	['BioPlex_293T']	1
NDFIP1	PTGIR	['BioPlex_293T']	1
NDFIP1	TNFRSF10B	['BioPlex_293T']	1
NDFIP1	PTGFR	['BioPlex_293T']	1
NFKB1	CCR1	['BioPlex_HCT116']	1
NFKB1	HDAC1	['IntAct', 'BioGRID']	2
NFKB1	TNIP2	['IntAct', 'BioGRID']	2
NFKB1	TP53	['BioGRID']	1
NFKB1	RELA	['IntAct', 'BioGRID']	2
NFKB1	IKBKB	['IntAct', 'BioGRID']	2
NFKB1	ESR1	['IntAct']	1
NFKB1	COPB2	['BioGRID']	1
NFKB1	COPS5	['BioGRID']	1
NFKB1	EP300	['BioGRID']	1
NFKB1	MAP3K8	['IntAct', 'BioGRID']	2
NFKB1	HTT	['IntAct']	1
NFKB1	STAT3	['BioGRID']	1
NFKB1	UBXN6	['BioPlex_HCT116']	1
NFKB1	YY1	['BioGRID']	1
NFKB1	CTNNB1	['IntAct', 'BioGRID']	2
NFKB1	NOTCH1	['BioGRID']	1
NFKB1	CEBPB	['BioGRID']	1
NFKB1	CHUK	['IntAct', 'BioGRID']	2
NFKB1	FBXW11	['BioPlex_293T', 'BioGRID']	2
NFKB1	KAT5	['BioGRID']	1
NFKB1	SP1	['BioGRID']	1
NFKB1	CUL4A	['BioGRID']	1
NFKB1	EEF1AKMT3	['BioPlex_HCT116']	1
NFKB1	REL	['IntAct', 'BioPlex_293T', 'BioPlex_HCT116', 'BioGRID']	4
NFKB1	TNIP1	['BioPlex_HCT116', 'BioGRID']	2
NFKB1	NFKB2	['IntAct', 'BioGRID']	2
PPT1	VCP	['BioGRID']	1
PPT1	CANX	['BioGRID']	1
PPT1	ATP5F1B	['BioGRID']	1
PPT1	VAPB	['BioGRID']	1
PPT1	ATP5F1A	['BioGRID']	1
PPT1	PRDX5	['BioGRID']	1
PPT1	VGF	['BioGRID']	1
PPT1	DBH	['BioGRID']	1
PPT1	CRIP2	['BioGRID']	1
PUF60	YWHAG	['IntAct']	1
PUF60	RNPS1	['IntAct', 'BioPlex_HCT116', 'BioGRID']	3
PUF60	PRKN	['BioGRID']	1
PUF60	SDCBP	['IntAct', 'HuRI']	2
PUF60	HTT	['IntAct']	1
PUF60	SIAH1	['IntAct', 'BioGRID', 'HuRI']	3
PUF60	EP300	['BioGRID']	1
PUF60	GAPDH	['IntAct', 'BioGRID']	2
PUF60	TH	['IntAct', 'HuRI']	2
PUF60	CACNA1A	['BioGRID']	1
SFTPC	FGFR1	['BioPlex_HCT116']	1
SFTPC	APP	['IntAct']	1
SFTPC	NEDD4	['BioGRID']	1
SFTPC	EGFR	['BioPlex_HCT116']	1
SFTPC	RNF149	['BioPlex_HCT116']	1
SFTPC	HSPA5	['BioPlex_HCT116', 'BioGRID']	2
SFTPC	GJA8	['IntAct', 'HuRI']	2
SFTPC	LNPEP	['BioPlex_HCT116']	1
SFTPC	APLP2	['BioPlex_HCT116']	1
SFTPC	SEC22A	['IntAct', 'HuRI']	2
SFTPC	MFAP3	['BioPlex_293T']	1
SFTPC	GPR152	['IntAct', 'HuRI']	2
SFTPC	CREB3	['IntAct']	1
SFTPC	FAM209A	['IntAct', 'HuRI']	2
SFTPC	CD79A	['IntAct', 'HuRI']	2
SFTPC	POMGNT2	['BioPlex_HCT116']	1
SFTPC	GOLM1	['IntAct', 'HuRI']	2
SFTPC	CXCL9	['IntAct', 'HuRI']	2
SFTPC	HLA-DQB1	['BioPlex_HCT116']	1
SFTPC	TGFBR1	['BioPlex_HCT116']	1
SFTPC	BSCL2	['IntAct', 'HuRI']	2
SFTPC	IDUA	['BioPlex_HCT116']	1
SFTPC	MMP15	['BioPlex_HCT116']	1
SFTPC	KIAA2013	['BioPlex_HCT116']	1
SFTPC	TMEM87A	['BioPlex_HCT116']	1
SFTPC	MGRN1	['BioPlex_HCT116']	1
SFTPC	NLGN2	['BioPlex_HCT116']	1
SFTPC	KCTD17	['BioPlex_293T']	1
SFTPC	IGF1R	['BioPlex_HCT116']	1
SFTPC	PTGS1	['BioPlex_HCT116']	1
SFTPC	TMPRSS2	['IntAct', 'HuRI']	2
SFTPC	KLRC1	['IntAct', 'HuRI']	2
SFTPC	CBX6	['BioPlex_293T', 'BioPlex_HCT116']	2
NGF	APP	['IntAct']	1
NGF	NTRK1	['IntAct', 'BioGRID']	2
AXDND1	SLC32A1	['BioPlex_293T']	1
SLC32A1	DNAJC5	['BioGRID']	1
AKAP5	PRKACA	['BioGRID']	1
AKAP5	PPP3CA	['IntAct', 'BioGRID', 'HuRI']	3
AKAP5	RHOB	['BioGRID']	1
VCP	ACTB	['BioGRID']	1
VCP	FN1	['BioGRID']	1
VCP	HDAC1	['BioGRID']	1
VCP	BRCA1	['BioGRID']	1
VCP	RNF31	['BioGRID']	1
VCP	LNX1	['IntAct', 'HuRI']	2
VCP	APP	['BioGRID']	1
VCP	YWHAG	['BioGRID']	1
VCP	UBQLN2	['BioGRID']	1
VCP	TP53	['BioGRID']	1
VCP	PRKN	['BioPlex_293T', 'BioGRID']	2
VCP	CCNF	['BioGRID']	1
VCP	DNM2	['BioGRID']	1
VCP	CAV1	['BioGRID']	1
VCP	HSPA1B	['BioGRID']	1
VCP	UBE2D1	['IntAct', 'BioGRID']	2
VCP	POR	['BioGRID']	1
VCP	RAF1	['BioGRID']	1
VCP	HTT	['IntAct', 'BioGRID']	2
VCP	UBC	['BioGRID']	1
VCP	AGR2	['BioGRID']	1
VCP	PPARA	['IntAct']	1
VCP	IFITM3	['BioGRID']	1
VCP	HSP90AB1	['BioGRID']	1
VCP	P4HB	['BioGRID']	1
VCP	ACE2	['BioGRID']	1
VCP	ASPH	['BioGRID']	1
VCP	TRIM21	['BioGRID']	1
VCP	SQSTM1	['BioGRID']	1
VCP	INSIG2	['BioGRID']	1
VCP	HINT1	['BioGRID']	1
VCP	OS9	['BioGRID']	1
VCP	HDAC6	['BioGRID']	1
VCP	HSP90AA1	['BioGRID']	1
VCP	MAPK1	['BioGRID']	1
VCP	YWHAE	['BioGRID']	1
VCP	COPS5	['BioGRID']	1
VCP	HSPA8	['BioGRID']	1
VCP	HSPB1	['IntAct', 'BioGRID']	2
VCP	RNF149	['BioGRID']	1
VCP	PRNP	['BioGRID']	1
VCP	COL1A1	['BioPlex_HCT116']	1
VCP	HSPA5	['BioGRID']	1
VCP	TRAF6	['IntAct']	1
VCP	ATP5F1B	['BioGRID']	1
VCP	IQGAP1	['BioGRID']	1
VCP	CANX	['BioGRID']	1
VCP	YWHAZ	['IntAct', 'BioGRID']	2
VCP	DTNB	['IntAct', 'HuRI']	2
VCP	RHBDD1	['BioGRID']	1
VCP	MDM2	['BioGRID']	1
VCP	SOD1	['BioGRID']	1
VCP	VAMP2	['IntAct']	1
VCP	UBXN6	['IntAct', 'BioPlex_293T', 'BioPlex_HCT116', 'BioGRID']	4
VCP	PPP1CC	['BioGRID']	1
VCP	BAG6	['BioGRID']	1
VCP	RBM25	['BioGRID']	1
VCP	AKT1	['BioGRID']	1
VCP	KCTD9	['BioGRID']	1
VCP	CUL4A	['IntAct']	1
VCP	ELAVL1	['BioGRID']	1
VCP	PSMA5	['BioGRID']	1
VCP	UBAC2	['BioGRID']	1
VCP	MYC	['BioGRID']	1
APOL2	CISD2	['IntAct', 'HuRI']	2
APOL2	CYBC1	['IntAct', 'HuRI']	2
APOL2	SOD1	['BioPlex_293T']	1
APOL2	PTH2R	['BioPlex_293T']	1
APOL2	HTR3A	['BioPlex_293T']	1
APOL2	FAM209A	['IntAct', 'HuRI']	2
APOL2	STX1A	['IntAct', 'HuRI']	2
APOL2	RXFP1	['BioPlex_293T']	1
APOL2	EMP1	['IntAct', 'HuRI']	2
APOL2	GNAZ	['BioPlex_293T']	1
APOL2	YIPF6	['IntAct', 'HuRI']	2
APOL2	MFF	['IntAct', 'HuRI']	2
APOL2	ERGIC3	['IntAct', 'HuRI']	2
KCNQ3	KCNQ2	['BioGRID']	1
RAF1	SRC	['BioGRID']	1
RAF1	APP	['IntAct']	1
RAF1	YWHAG	['IntAct', 'BioPlex_293T', 'BioGRID']	3
RAF1	PRDX5	['BioGRID']	1
RAF1	HSPB1	['BioGRID']	1
RAF1	HSPA5	['IntAct', 'BioGRID']	2
RAF1	HSP90AB1	['IntAct', 'BioGRID']	2
RAF1	ATP5F1B	['BioGRID']	1
RAF1	SQSTM1	['BioGRID']	1
RAF1	FYN	['BioGRID']	1
RAF1	CDC37	['IntAct', 'BioPlex_HCT116', 'BioGRID']	3
RAF1	AKT1	['IntAct', 'BioGRID']	2
RAF1	MYC	['BioGRID']	1
RAF1	RASD2	['BioGRID']	1
RAF1	YWHAH	['IntAct', 'BioPlex_293T', 'BioGRID']	3
RAF1	P4HB	['BioGRID']	1
RAF1	YWHAE	['IntAct', 'BioGRID']	2
RAF1	RANBP9	['BioGRID']	1
RAF1	A2M	['BioGRID']	1
RAF1	BCL2	['BioGRID']	1
RAF1	DICER1	['BioGRID']	1
RAF1	HSPA8	['BioGRID']	1
RAF1	MAPK3	['BioGRID']	1
RAF1	HAX1	['BioGRID']	1
RAF1	PPP1CC	['BioGRID']	1
RAF1	MAPK1	['BioGRID']	1
RAF1	YWHAZ	['IntAct', 'BioGRID']	2
RAF1	EEF1AKMT3	['BioPlex_HCT116']	1
RAF1	HSP90AA1	['IntAct', 'BioGRID']	2
RAF1	EGFR	['IntAct', 'BioGRID']	2
RAF1	EBP	['BioGRID']	1
RAF1	DDB1	['BioGRID']	1
RAF1	PIN1	['IntAct']	1
RAF1	RACK1	['BioGRID']	1
RAF1	ATP2B4	['BioGRID']	1
RAF1	ASPH	['BioGRID']	1
HLA-DQB1	TUBA1A	['BioPlex_HCT116']	1
HLA-DQB1	BTNL2	['BioPlex_HCT116']	1
HLA-DQB1	TMEM106A	['BioPlex_HCT116']	1
HLA-DQB1	SARAF	['BioPlex_HCT116']	1
HLA-DQB1	HLA-DRA	['BioPlex_HCT116']	1
HLA-DQB1	DNAJB9	['BioPlex_293T']	1
HLA-DQB1	SDF2L1	['BioPlex_HCT116']	1
HLA-DQB1	NR2F2	['BioPlex_293T']	1
HLA-DQB1	FANCD2	['BioPlex_HCT116']	1
HLA-DQB1	SGCB	['BioPlex_HCT116']	1
HLA-DQB1	TMEM87A	['BioPlex_HCT116']	1
GNB1	CTNNA3	['IntAct', 'HuRI']	2
GNB1	HTT	['IntAct']	1
GNB1	MYC	['BioGRID']	1
GNB1	ESR1	['BioGRID']	1
GNB1	AKT1	['BioGRID']	1
GNB1	DRD2	['IntAct']	1
GNB1	HSPA8	['BioPlex_HCT116', 'BioGRID']	2
GNB1	RACK1	['BioGRID']	1
GNB1	TUBB8	['BioPlex_HCT116']	1
GNB1	DISC1	['IntAct']	1
GNB1	KCTD17	['BioGRID']	1
GNB1	PPP1CC	['BioGRID']	1
GNB1	ARRB1	['BioGRID']	1
GNB1	P4HB	['IntAct']	1
GNB1	GABBR1	['BioGRID']	1
GNB1	TBXA2R	['BioGRID']	1
GNB1	GNAQ	['BioPlex_293T', 'BioGRID']	2
GNB1	CALCA	['IntAct']	1
GNB1	PRKCB	['BioGRID']	1
GNB1	KCTD2	['BioGRID']	1
GNB1	GRK2	['BioGRID']	1
USP4	RNPS1	['BioGRID']	1
USP4	TRAF2	['BioGRID']	1
USP4	PICK1	['BioPlex_293T']	1
USP4	UBC	['BioGRID']	1
USP4	EEF1AKMT3	['BioPlex_HCT116']	1
USP4	AKT1	['BioGRID']	1
USP4	CTNNB1	['BioGRID']	1
USP4	PPIA	['BioGRID']	1
USP4	TRIM21	['BioGRID']	1
USP4	UBXN6	['BioPlex_HCT116']	1
USP4	TGFBR1	['BioGRID']	1
USP4	TRAF6	['BioGRID']	1
USP4	ADORA2A	['IntAct']	1
CCR1	FN1	['BioPlex_HCT116']	1
CCR1	ANXA1	['BioPlex_HCT116']	1
CCR1	LCN2	['BioPlex_HCT116']	1
CCR1	DNM2	['BioPlex_HCT116']	1
CCR1	DHRS7	['BioPlex_HCT116']	1
CCR1	HMOX2	['BioPlex_HCT116']	1
CCR1	TGM1	['BioPlex_HCT116']	1
CCR1	A2M	['BioPlex_HCT116']	1
CCR1	KLK10	['BioPlex_HCT116']	1
CCR1	SIGMAR1	['BioPlex_HCT116']	1
CCR1	PRNP	['BioGRID']	1
CCR1	JCHAIN	['BioPlex_HCT116']	1
CCR1	MAP2K3	['BioPlex_HCT116']	1
CCR1	FGG	['BioPlex_HCT116']	1
CCR1	IGHA2	['BioPlex_HCT116']	1
CCR1	SERPINB4	['BioPlex_HCT116']	1
CCR1	S100A2	['BioPlex_HCT116']	1
CCR1	KLK6	['BioPlex_HCT116']	1
CCR1	POR	['BioPlex_HCT116']	1
CCR1	POF1B	['BioPlex_HCT116']	1
CCR1	CREB3	['IntAct']	1
CCR1	KPRP	['BioPlex_HCT116']	1
CCR1	STAT3	['BioPlex_HCT116']	1
CCR1	VTN	['BioPlex_HCT116']	1
ATF2	CEBPB	['BioGRID']	1
ATF2	JUN	['IntAct', 'BioPlex_293T', 'BioGRID']	3
ATF2	MAPK8	['BioGRID']	1
ATF2	CSNK2A1	['BioGRID']	1
ATF2	MAPK9	['IntAct', 'BioGRID', 'HuRI']	3
ATF2	DDIT3	['IntAct']	1
ATF2	MAPK1	['BioGRID']	1
ATF2	YY1	['BioGRID']	1
ATF2	SMAD3	['BioGRID']	1
ATF2	FOSB	['IntAct', 'BioPlex_293T', 'BioPlex_HCT116', 'BioGRID', 'HuRI']	5
ATF2	DPP8	['BioPlex_293T']	1
PHF1	HDAC1	['BioGRID']	1
PHF1	TP53	['BioPlex_293T', 'BioGRID']	2
PHF1	TLE5	['IntAct', 'HuRI']	2
PHF1	MEOX2	['HuRI']	1
PHF1	KRT40	['IntAct', 'HuRI']	2
PHF1	MDFI	['IntAct', 'HuRI']	2
PHF1	DDB1	['BioGRID']	1
PHF1	DICER1	['BioPlex_293T']	1
PHF1	DISC1	['IntAct']	1
PHF1	NEK6	['BioGRID']	1
PHF1	PDLIM7	['IntAct', 'HuRI']	2
PHF1	TFCP2	['IntAct', 'HuRI']	2
PHF1	CUL4B	['BioGRID']	1
PHF1	FOSB	['IntAct', 'HuRI']	2
PHF1	ZBTB16	['IntAct', 'HuRI']	2
PHF1	CALCA	['BioPlex_293T']	1
GRIN3A	GRIN3B	['BioPlex_293T']	1
GRIN3A	GRIN1	['BioGRID']	1
GRIN3A	PTPA	['BioGRID']	1
DAO	TRAF7	['BioPlex_293T']	1
DAO	HBB	['BioPlex_293T']	1
DAO	KLHL42	['IntAct', 'BioPlex_293T']	2
DAO	DAOA	['BioGRID']	1
PLP1	APP	['IntAct', 'BioGRID']	2
PLP1	AQP6	['IntAct', 'HuRI']	2
PLP1	CYBC1	['IntAct', 'HuRI']	2
PLP1	TMEM14B	['IntAct', 'HuRI']	2
PLP1	UPK2	['IntAct', 'HuRI']	2
PLP1	CREB3L1	['IntAct', 'BioGRID', 'HuRI']	3
PLP1	MFF	['IntAct', 'HuRI']	2
PLP1	STX1A	['IntAct', 'HuRI']	2
PLP1	GPR42	['IntAct', 'HuRI']	2
PLP1	CD40	['IntAct', 'HuRI']	2
PLP1	CREB3	['IntAct']	1
PLP1	TMPRSS2	['IntAct', 'HuRI']	2
PLP1	FAM209A	['IntAct', 'HuRI']	2
PLP1	KLRC1	['IntAct', 'HuRI']	2
PLP1	TMEM242	['IntAct', 'HuRI']	2
PLP1	ERGIC3	['IntAct', 'HuRI']	2
PLP1	BBS4	['IntAct']	1
PLP1	PER1	['IntAct']	1
PLP1	IFITM3	['IntAct', 'HuRI']	2
PLP1	NRG1	['IntAct', 'HuRI']	2
PLP1	JAGN1	['IntAct', 'HuRI']	2
RXRG	PICK1	['IntAct', 'HuRI']	2
RXRG	SPRED1	['IntAct']	1
RXRG	HTT	['IntAct']	1
RXRG	GIPC1	['IntAct']	1
RXRG	CRYAA	['IntAct']	1
RXRG	PPARA	['BioGRID']	1
RXRG	NR1H2	['IntAct']	1
NPB	ACTB	['BioPlex_293T']	1
NPB	HSPA5	['BioPlex_293T']	1
NPB	CST4	['BioPlex_293T']	1
NPB	ZG16B	['BioPlex_293T']	1
NPB	IGHA2	['BioPlex_293T']	1
NPB	AMY1C	['BioPlex_293T']	1
NPB	ACTA2	['BioPlex_293T']	1
NPB	JCHAIN	['BioPlex_293T']	1
NPB	CST2	['BioPlex_293T']	1
F2RL1	SRC	['BioPlex_HCT116']	1
F2RL1	RUSF1	['BioPlex_HCT116']	1
F2RL1	HSPA1B	['IntAct', 'BioGRID']	2
F2RL1	ATP2A3	['BioPlex_HCT116']	1
F2RL1	SLC4A2	['BioPlex_HCT116']	1
F2RL1	FANCD2	['BioPlex_HCT116']	1
F2RL1	PRNP	['IntAct', 'BioGRID']	2
F2RL1	ATP5F1A	['BioPlex_HCT116']	1
F2RL1	KIAA2013	['BioPlex_HCT116']	1
F2RL1	TMEM63B	['BioPlex_HCT116']	1
F2RL1	LYN	['BioPlex_HCT116']	1
F2RL1	COPS5	['BioGRID']	1
F2RL1	GOLGA5	['BioPlex_HCT116']	1
F2RL1	ATP13A3	['BioPlex_HCT116']	1
F2RL1	CXCR4	['BioPlex_HCT116']	1
F2RL1	GPR182	['BioPlex_HCT116']	1
F2RL1	THADA	['BioPlex_HCT116']	1
F2RL1	PTDSS2	['IntAct', 'BioPlex_HCT116', 'BioGRID']	3
F2RL1	TNPO3	['BioPlex_HCT116']	1
F2RL1	ASPH	['BioPlex_HCT116']	1
F2RL1	ATP1A3	['BioPlex_HCT116']	1
F2RL1	ATP5F1B	['BioPlex_HCT116']	1
F2RL1	YIPF3	['BioPlex_HCT116']	1
F2RL1	CYP2S1	['BioPlex_HCT116']	1
F2RL1	IFITM3	['BioPlex_HCT116']	1
DRD2	OPRM1	['BioGRID']	1
DRD2	NCS1	['BioGRID']	1
DRD2	GNB5	['BioGRID']	1
DRD2	ARRB2	['BioGRID']	1
DRD2	DISC1	['IntAct']	1
DRD2	EPB41L1	['BioGRID']	1
DRD2	SIGMAR1	['IntAct']	1
DRD2	FANCD2	['BioPlex_HCT116']	1
DRD2	ADORA2A	['BioGRID']	1
DRD2	PPP1R9B	['BioGRID']	1
DRD2	CNR1	['IntAct']	1
DRD2	ANKRD28	['BioPlex_HCT116']	1
FBXO38	RBX1	['BioPlex_293T', 'BioGRID']	2
FBXO38	KLF7	['BioGRID']	1
HMOX2	CISD2	['BioPlex_293T', 'BioPlex_HCT116']	2
HMOX2	APP	['IntAct']	1
HMOX2	RETREG3	['IntAct', 'HuRI']	2
HMOX2	AQP6	['IntAct', 'HuRI']	2
HMOX2	FYN	['IntAct']	1
HMOX2	EBP	['IntAct', 'HuRI']	2
HMOX2	TMX2	['IntAct', 'HuRI']	2
HMOX2	ATP5F1B	['BioGRID']	1
HMOX2	CANX	['BioGRID']	1
HMOX2	CD79A	['IntAct', 'HuRI']	2
HMOX2	TMEM14B	['IntAct', 'HuRI']	2
HMOX2	KCNJ6	['IntAct', 'HuRI']	2
HMOX2	POTEE	['BioPlex_293T']	1
HMOX2	FFAR1	['BioPlex_HCT116']	1
HMOX2	GPR152	['IntAct', 'HuRI']	2
HMOX2	ASGR2	['IntAct', 'HuRI']	2
HMOX2	ERGIC3	['IntAct', 'HuRI']	2
HMOX2	PRAF2	['BioPlex_293T']	1
HMOX2	HTR2C	['BioPlex_293T']	1
HMOX2	TSPAN15	['BioPlex_293T', 'BioPlex_HCT116']	2
HMOX2	FAM209A	['IntAct', 'HuRI']	2
PIN1	ADAMTSL4	['IntAct', 'HuRI']	2
PIN1	BRCA1	['BioGRID']	1
PIN1	APP	['IntAct']	1
PIN1	VHL	['BioGRID']	1
PIN1	UBQLN2	['IntAct', 'HuRI']	2
PIN1	TP53	['IntAct', 'BioGRID']	2
PIN1	MAPT	['BioGRID']	1
PIN1	TRAF2	['IntAct', 'HuRI']	2
PIN1	MEOX2	['IntAct', 'HuRI']	2
PIN1	KRT40	['IntAct', 'HuRI']	2
PIN1	KRTAP10-7	['IntAct', 'HuRI']	2
PIN1	JUN	['BioGRID']	1
PIN1	MYC	['IntAct', 'BioGRID']	2
PIN1	MDFI	['IntAct', 'HuRI']	2
PIN1	CSNK2A1	['IntAct', 'BioGRID']	2
PIN1	DAB1	['IntAct', 'HuRI']	2
PIN1	MTUS2	['IntAct', 'HuRI']	2
PIN1	DNAAF2	['BioPlex_293T']	1
PIN1	KRTAP10-8	['IntAct', 'HuRI']	2
PIN1	CSNK2A2	['BioGRID']	1
PIN1	MAP3K8	['IntAct']	1
PIN1	FADD	['BioGRID']	1
PIN1	TRIP6	['IntAct', 'HuRI']	2
PIN1	CDC27	['BioGRID']	1
PIN1	HOXA1	['IntAct', 'HuRI']	2
PIN1	NOTCH1	['IntAct']	1
PIN1	FBXW7	['BioGRID']	1
PIN1	TNIP1	['IntAct', 'BioGRID', 'HuRI']	3
PIN1	NCOR2	['BioGRID']	1
PIN1	FOXN1	['IntAct', 'HuRI']	2
PIN1	LCN2	['IntAct', 'HuRI']	2
PIN1	NEK6	['IntAct']	1
PIN1	NUP35	['IntAct', 'HuRI']	2
PIN1	SMAD3	['BioGRID']	1
PIN1	PDLIM7	['IntAct', 'HuRI']	2
PIN1	KRT34	['IntAct', 'HuRI']	2
PIN1	SNCA	['BioGRID']	1
PIN1	GPR152	['IntAct', 'HuRI']	2
PIN1	GOLGA2	['IntAct']	1
PIN1	CEP76	['IntAct', 'HuRI']	2
SP1	HDAC1	['IntAct', 'BioGRID']	2
SP1	BRCA1	['BioGRID']	1
SP1	VHL	['BioGRID']	1
SP1	TP53	['IntAct', 'BioGRID']	2
SP1	RELA	['BioGRID']	1
SP1	HTT	['IntAct', 'BioGRID']	2
SP1	EP300	['BioGRID']	1
SP1	CEBPB	['BioGRID']	1
SP1	JUN	['BioGRID']	1
SP1	MYC	['IntAct', 'BioGRID']	2
SP1	ESR1	['IntAct', 'BioGRID']	2
SP1	NCOR1	['BioGRID']	1
SP1	MAPK8	['BioGRID']	1
SP1	CTNNB1	['BioGRID']	1
SP1	POGZ	['IntAct']	1
SP1	SMAD3	['BioGRID']	1
SP1	ESR2	['BioGRID']	1
SP1	HSPA8	['BioGRID']	1
SP1	MAPK3	['BioGRID']	1
SP1	MAPK1	['BioGRID']	1
SP1	HSP90AA1	['BioGRID']	1
SP1	ABCB1	['BioGRID']	1
SP1	STAT3	['IntAct', 'BioGRID']	2
SP1	YY1	['BioGRID']	1
SP1	NCOR2	['BioGRID']	1
SP1	PRKCD	['BioGRID']	1
SP1	CDKN2A	['IntAct']	1
SP1	EGR1	['BioGRID']	1
CNR1	SSTR5	['BioGRID']	1
CNR1	ADORA2A	['IntAct']	1
TMEM87A	POTEF	['BioPlex_HCT116']	1
TMEM87A	ATP2A3	['BioPlex_HCT116']	1
TMEM87A	HTR1B	['BioPlex_HCT116']	1
TMEM87A	UPK2	['BioPlex_HCT116']	1
TMEM87A	TTYH1	['BioPlex_293T']	1
TMEM87A	TSPAN15	['BioPlex_293T', 'BioPlex_HCT116']	2
TMEM87A	GPR182	['BioPlex_HCT116']	1
TMEM87A	SLC22A4	['BioPlex_293T']	1
TMEM87A	CHRNA5	['BioPlex_HCT116']	1
TMEM87A	LPAR1	['BioPlex_293T', 'BioPlex_HCT116']	2
TMEM87A	APLNR	['BioPlex_HCT116']	1
TMEM87A	LRP5	['BioPlex_HCT116']	1
TMEM87A	POMGNT2	['BioPlex_HCT116']	1
TMEM87A	RHOB	['BioGRID']	1
TMEM87A	KLK6	['BioPlex_HCT116']	1
TMEM87A	ERGIC3	['BioPlex_293T']	1
TMEM87A	SIGMAR1	['BioPlex_HCT116']	1
TMEM87A	P2RY2	['BioPlex_HCT116']	1
TMEM87A	EDNRA	['BioPlex_HCT116']	1
TMEM87A	P2RY1	['BioPlex_HCT116']	1
TMEM87A	PCSK6	['BioPlex_HCT116']	1
TMEM87A	ADORA2B	['BioPlex_HCT116']	1
TMEM87A	TOR3A	['BioPlex_HCT116']	1
HDAC6	ACTB	['BioGRID']	1
HDAC6	TUBA1A	['IntAct', 'BioGRID']	2
HDAC6	MAPT	['BioGRID']	1
HDAC6	PRKN	['IntAct', 'BioGRID']	2
HDAC6	HNRNPK	['BioGRID']	1
HDAC6	CEP70	['BioGRID']	1
HDAC6	HSPA1B	['BioGRID']	1
HDAC6	PRKCA	['BioGRID']	1
HDAC6	UBE2D1	['BioGRID']	1
HDAC6	HTT	['IntAct']	1
HDAC6	UBC	['IntAct', 'BioGRID']	2
HDAC6	EP300	['BioGRID']	1
HDAC6	EGFR	['IntAct', 'BioGRID']	2
HDAC6	RANBP9	['BioGRID']	1
HDAC6	YWHAZ	['BioGRID']	1
HDAC6	HSPA5	['BioGRID']	1
HDAC6	GAPDH	['BioGRID']	1
HDAC6	SQSTM1	['BioGRID']	1
HDAC6	CTNNB1	['IntAct', 'BioGRID']	2
HDAC6	ELAVL1	['BioGRID']	1
HDAC6	TRIM21	['BioGRID']	1
HDAC6	MAPK1	['BioGRID']	1
HDAC6	CSNK2A2	['BioGRID']	1
HDAC6	HSPA8	['BioPlex_293T', 'BioGRID']	2
HDAC6	YWHAE	['BioGRID']	1
HDAC6	HSPB1	['BioGRID']	1
HDAC6	NCL	['BioGRID']	1
HDAC6	HSP90AB1	['BioGRID']	1
HDAC6	STAT3	['BioGRID']	1
HDAC6	CD40	['BioPlex_293T']	1
HDAC6	HSP90AA1	['BioGRID']	1
HDAC6	MAPK3	['BioGRID']	1
HDAC6	ATP5F1B	['BioGRID']	1
HDAC6	CYLD	['IntAct', 'BioGRID']	2
HDAC6	ZBTB16	['BioGRID']	1
HDAC6	PPP1CC	['BioGRID']	1
HDAC6	ENO1	['BioGRID']	1
HDAC6	ATP5F1A	['BioGRID']	1
HDAC6	GRK2	['IntAct', 'BioGRID']	2
HDAC6	MYD88	['IntAct', 'BioGRID']	2
GPRC5C	BSCL2	['BioPlex_293T']	1
GPRC5C	HTR1B	['BioPlex_HCT116']	1
GPRC5C	APPBP2	['IntAct', 'HuRI']	2
GPRC5C	TNFSF8	['BioPlex_HCT116']	1
GPRC5C	TTYH1	['BioPlex_293T']	1
GPRC5C	FFAR1	['BioPlex_HCT116']	1
GPRC5C	GJA8	['BioPlex_293T']	1
GPRC5C	TSPAN15	['BioPlex_HCT116']	1
GPRC5C	BRICD5	['BioPlex_293T']	1
GPRC5C	HTR2C	['BioPlex_293T']	1
GPRC5C	C5AR1	['BioPlex_293T']	1
GPRC5C	SPPL2B	['BioPlex_293T', 'BioPlex_HCT116']	2
GPRC5C	SLC22A4	['BioPlex_293T']	1
GPRC5C	TNFRSF1A	['BioPlex_293T']	1
GPRC5C	P2RY1	['BioPlex_HCT116']	1
GPRC5C	ADORA2B	['BioPlex_HCT116']	1
GPRC5C	SCAMP2	['BioPlex_HCT116']	1
GPRC5C	GPR182	['BioPlex_HCT116']	1
GPRC5C	KIAA2013	['BioPlex_HCT116']	1
GPRC5C	TBL2	['BioPlex_HCT116']	1
GPRC5C	TACR1	['BioPlex_293T']	1
PTGDR	PTGDS	['BioGRID']	1
PTGDR	ANKRD13C	['BioGRID']	1
LRRC8E	HSPA1B	['BioPlex_HCT116']	1
LRRC8E	UPK2	['BioPlex_HCT116']	1
LRRC8E	TTYH1	['BioPlex_293T']	1
LRRC8E	TSPAN15	['BioPlex_293T', 'BioPlex_HCT116']	2
LRRC8E	GPR182	['BioPlex_HCT116']	1
LRRC8E	SIDT2	['BioPlex_293T', 'BioPlex_HCT116']	2
LRRC8E	SLC22A4	['BioPlex_293T']	1
LRRC8E	HTR3A	['BioPlex_293T']	1
LRRC8E	TTMP	['BioPlex_HCT116']	1
LRRC8E	LPAR1	['BioPlex_HCT116']	1
LRRC8E	HSPA8	['BioPlex_HCT116']	1
LRRC8E	CST4	['BioPlex_HCT116']	1
LRRC8E	ZG16B	['BioPlex_HCT116']	1
LRRC8E	IGHA2	['BioPlex_HCT116']	1
LRRC8E	RXFP1	['BioPlex_293T']	1
LRRC8E	P2RX4	['BioPlex_HCT116']	1
LRRC8E	LCN1	['BioPlex_HCT116']	1
LRRC8E	BPIFB1	['BioPlex_HCT116']	1
LRRC8E	PTGIR	['BioPlex_293T']	1
LRRC8E	NPEPPS	['BioPlex_293T', 'BioPlex_HCT116']	2
LRRC8E	LGALS8	['BioPlex_293T']	1
TIRAP	IRAK1	['IntAct', 'BioPlex_HCT116', 'BioGRID']	3
TIRAP	PIK3R1	['IntAct']	1
TIRAP	TRAF6	['BioGRID']	1
TIRAP	TLR2	['BioGRID']	1
TIRAP	AGER	['IntAct']	1
TIRAP	TLR4	['IntAct', 'BioGRID']	2
TIRAP	MYD88	['IntAct', 'BioPlex_HCT116', 'BioGRID']	3
HSPA5	ACTB	['BioGRID']	1
HSPA5	APP	['IntAct', 'BioPlex_293T', 'BioPlex_HCT116', 'BioGRID']	4
HSPA5	CLTC	['BioGRID']	1
HSPA5	TP53	['BioGRID']	1
HSPA5	MAPT	['BioGRID']	1
HSPA5	PRKN	['BioGRID']	1
HSPA5	HSPA1B	['BioGRID']	1
HSPA5	RELA	['BioGRID']	1
HSPA5	UBC	['BioGRID']	1
HSPA5	EP300	['BioGRID']	1
HSPA5	EGFR	['BioGRID']	1
HSPA5	MYC	['BioGRID']	1
HSPA5	UCHL1	['BioGRID']	1
HSPA5	CUL4A	['BioGRID']	1
HSPA5	BTNL2	['BioPlex_293T']	1
HSPA5	SDF2L1	['BioPlex_HCT116']	1
HSPA5	P2RX2	['BioPlex_293T']	1
HSPA5	SQSTM1	['BioGRID']	1
HSPA5	SHC1	['BioGRID']	1
HSPA5	INSIG2	['BioGRID']	1
HSPA5	OS9	['BioGRID']	1
HSPA5	CANX	['BioGRID']	1
HSPA5	HSPB1	['BioGRID']	1
HSPA5	LY86	['BioPlex_HCT116']	1
HSPA5	DPP4	['BioGRID']	1
HSPA5	TMPRSS2	['BioGRID']	1
HSPA5	GRIN2C	['BioPlex_293T']	1
HSPA5	COPS5	['BioGRID']	1
HSPA5	ATP5F1B	['BioGRID']	1
HSPA5	GAL	['BioPlex_293T', 'BioPlex_HCT116']	2
HSPA5	AKT1	['IntAct', 'BioGRID']	2
HSPA5	P4HA3	['BioPlex_293T']	1
HSPA5	HSPA8	['BioGRID']	1
HSPA5	FUT8	['BioPlex_HCT116']	1
HSPA5	DNAJB9	['IntAct', 'BioPlex_293T', 'BioPlex_HCT116', 'BioGRID']	4
HSPA5	SPTAN1	['BioGRID']	1
HSPA5	PPIB	['BioGRID']	1
HSPA5	TRIM21	['BioGRID']	1
HSPA5	CUL4B	['BioGRID']	1
HSPA5	HSP90AB1	['BioGRID']	1
HSPA5	P4HB	['BioGRID']	1
HSPA5	PNOC	['BioPlex_293T']	1
HSPA5	TSHR	['BioPlex_HCT116', 'BioGRID']	2
HSPA5	NCL	['BioGRID']	1
HSPA5	PRKDC	['BioGRID']	1
HSPA5	AGR2	['BioGRID']	1
HSPA5	HSP90AA1	['BioGRID']	1
HSPA5	BRICD5	['BioPlex_HCT116']	1
HSPA5	TOR3A	['BioPlex_293T', 'BioPlex_HCT116']	2
HSPA5	GRIN3B	['BioPlex_293T']	1
HSPA5	TNIP1	['BioGRID']	1
HSPA5	CRK	['BioGRID']	1
HSPA5	UBQLN4	['BioGRID']	1
HSPA5	IQGAP1	['BioGRID']	1
HSPA5	CLU	['BioGRID']	1
HSPA5	ASGR2	['BioPlex_293T']	1
HSPA5	ATP5F1A	['BioGRID']	1
HSPA5	ACE2	['IntAct', 'BioGRID']	2
HSPA5	SIRPA	['BioGRID']	1
HSPA5	COL1A1	['IntAct']	1
SRC	PIK3R1	['IntAct', 'BioGRID']	2
SRC	FGFR1	['BioGRID']	1
SRC	CDC37	['IntAct', 'BioPlex_HCT116', 'BioGRID']	3
SRC	TNFAIP3	['BioPlex_293T']	1
SRC	AKT1	['BioGRID']	1
SRC	BECN1	['IntAct']	1
SRC	ESR2	['BioGRID']	1
SRC	MAPK3	['BioGRID']	1
SRC	TRAF6	['BioGRID']	1
SRC	CSNK2A1	['BioGRID']	1
SRC	ACTN1	['IntAct']	1
SRC	CAV1	['BioGRID']	1
SRC	RET	['BioPlex_HCT116', 'BioGRID']	2
SRC	LYN	['IntAct', 'BioGRID']	2
SRC	TNFRSF1A	['BioGRID']	1
SRC	MDM2	['BioGRID']	1
SRC	PTPN6	['BioGRID']	1
SRC	STAT3	['BioGRID']	1
SRC	ENO1	['BioGRID']	1
SRC	KIT	['BioGRID']	1
SRC	HSP90AB1	['BioGRID']	1
SRC	TLR4	['BioGRID']	1
SRC	CTNNB1	['IntAct']	1
SRC	CHUK	['BioGRID']	1
SRC	ARRB2	['IntAct', 'BioGRID']	2
SRC	GRK2	['BioGRID']	1
SRC	PTGER4	['BioGRID']	1
SRC	NEDD4	['BioGRID']	1
SRC	DNM2	['BioGRID']	1
SRC	HNRNPK	['IntAct']	1
SRC	SPG21	['BioPlex_293T']	1
SRC	GRIN2A	['BioGRID']	1
SRC	HSP90AA1	['IntAct', 'BioGRID']	2
SRC	PIP5K1C	['BioGRID']	1
SRC	CYP2S1	['BioPlex_293T']	1
SRC	CRK	['BioGRID']	1
SRC	RHOB	['BioGRID']	1
SRC	FYN	['IntAct', 'BioPlex_293T', 'BioGRID']	3
SRC	LNX1	['IntAct', 'BioGRID']	2
SRC	RACK1	['BioGRID']	1
SRC	EGFR	['IntAct', 'BioGRID']	2
SRC	CSK	['BioGRID']	1
SRC	MAPT	['BioGRID']	1
SRC	SHC1	['BioGRID']	1
SRC	IKBKB	['BioGRID']	1
SRC	ESR1	['BioGRID']	1
SRC	CLTC	['BioGRID']	1
SRC	TLR3	['IntAct']	1
SRC	ARRB1	['IntAct', 'BioGRID']	2
POGZ	MYC	['BioGRID']	1
POGZ	AGR2	['IntAct', 'HuRI']	2
POGZ	BACE2	['BioPlex_293T']	1
POGZ	DAB1	['IntAct', 'HuRI']	2
POGZ	HGS	['IntAct', 'HuRI']	2
POGZ	YY1	['BioGRID']	1
POGZ	FOSB	['IntAct', 'HuRI']	2
POGZ	CD4	['BioPlex_293T']	1
POGZ	ZNF410	['IntAct', 'HuRI']	2
POGZ	SLC31A1	['BioPlex_293T']	1
POGZ	DTX2	['IntAct', 'HuRI']	2
POGZ	TNFRSF1B	['BioPlex_293T']	1
POGZ	FTL	['BioPlex_293T']	1
NTRK1	APP	['IntAct']	1
NTRK1	HSPA1B	['BioGRID']	1
NTRK1	PLCG1	['BioGRID']	1
NTRK1	NEDD4	['BioGRID']	1
NTRK1	CDC37	['BioGRID']	1
NTRK1	SQSTM1	['IntAct', 'BioGRID']	2
NTRK1	CTNNB1	['BioGRID']	1
NTRK1	HGS	['BioGRID']	1
NTRK1	USP36	['BioGRID']	1
NTRK1	SHC1	['BioGRID']	1
NTRK1	PIK3R1	['BioGRID']	1
NTRK1	HSP90AB1	['IntAct', 'BioGRID']	2
NTRK1	CANX	['BioGRID']	1
NTRK1	HSP90AA1	['BioGRID']	1
NTRK1	TRAF6	['BioGRID']	1
NTRK1	HAX1	['BioGRID']	1
NTRK1	PRKDC	['BioGRID']	1
NTRK1	VAPB	['BioGRID']	1
NTRK1	SCRIB	['BioGRID']	1
NTRK1	COPB2	['BioGRID']	1
NTRK1	PTPN11	['BioGRID']	1
NTRK1	COPB1	['BioGRID']	1
ICA1	PICK1	['BioPlex_293T', 'BioPlex_HCT116']	2
ICA1	SPRED1	['IntAct']	1
ICA1	MBD3	['IntAct', 'HuRI']	2
ICA1	S100A2	['BioPlex_293T']	1
ICA1	ING5	['IntAct', 'HuRI']	2
MAN2B1	PRG2	['BioPlex_HCT116']	1
MAN2B1	FBXO2	['BioPlex_293T', 'BioPlex_HCT116']	2
MAN2B1	CEACAM8	['BioPlex_293T']	1
MAN2B1	DNAJB9	['BioPlex_HCT116']	1
MAN2B1	MANEA	['BioPlex_293T']	1
MAN2B1	SDF2L1	['BioPlex_HCT116']	1
MAN2B1	CD14	['BioPlex_293T']	1
MAN2B1	IDO1	['BioPlex_HCT116']	1
MAPK9	LRRC15	['BioPlex_293T']	1
MAPK9	LNX1	['IntAct', 'BioGRID', 'HuRI']	3
MAPK9	TP53	['BioGRID']	1
MAPK9	MAPT	['BioGRID']	1
MAPK9	PICK1	['IntAct', 'HuRI']	2
MAPK9	SDCBP	['IntAct', 'HuRI']	2
MAPK9	ENKD1	['IntAct', 'HuRI']	2
MAPK9	JUN	['BioGRID']	1
MAPK9	EGFR	['IntAct', 'BioGRID']	2
MAPK9	MAPK8	['IntAct', 'BioPlex_293T', 'BioPlex_HCT116', 'BioGRID']	4
MAPK9	CTNNB1	['BioGRID']	1
MAPK9	PRKDC	['BioGRID']	1
MAPK9	ARRB1	['IntAct', 'BioGRID', 'HuRI']	3
MAPK9	ARRB2	['IntAct', 'HuRI']	2
MAPK9	GFAP	['IntAct', 'HuRI']	2
TAFAZZIN	PDGFRA	['BioPlex_293T']	1
TAFAZZIN	LY86	['BioPlex_293T']	1
TAFAZZIN	GPR182	['BioPlex_293T']	1
TAFAZZIN	SLC22A4	['BioPlex_293T']	1
TAFAZZIN	CLEC12B	['BioPlex_293T']	1
TAFAZZIN	CHRNA5	['BioPlex_293T']	1
TAFAZZIN	CEACAM8	['BioPlex_293T']	1
TAFAZZIN	OS9	['BioPlex_293T']	1
TAFAZZIN	APLNR	['BioPlex_293T']	1
TAFAZZIN	LRP5	['BioPlex_293T']	1
TAFAZZIN	CACNA2D1	['BioPlex_293T']	1
TAFAZZIN	TXNDC15	['BioPlex_293T']	1
TAFAZZIN	PTH2R	['BioPlex_293T']	1
TAFAZZIN	TOR3A	['BioPlex_293T']	1
TAFAZZIN	ADAM11	['BioPlex_293T']	1
TAFAZZIN	MGRN1	['BioPlex_293T']	1
LGALS8	FN1	['BioPlex_293T']	1
LGALS8	WFS1	['IntAct']	1
LGALS8	TRPM4	['BioPlex_293T']	1
LGALS8	SDCBP	['BioPlex_293T', 'BioGRID']	2
LGALS8	TNFSF8	['BioPlex_HCT116']	1
LGALS8	SLC4A2	['BioPlex_293T']	1
LGALS8	SLC12A6	['BioPlex_293T', 'BioGRID']	2
LGALS8	TMEM237	['BioPlex_293T']	1
LGALS8	LNPEP	['BioPlex_293T', 'BioPlex_HCT116']	2
LGALS8	TAX1BP1	['IntAct', 'BioPlex_HCT116', 'BioGRID', 'HuRI']	4
LGALS8	MFAP3	['BioPlex_293T']	1
LGALS8	ATP2B4	['BioPlex_293T', 'BioPlex_HCT116']	2
LGALS8	SLC31A1	['BioPlex_293T']	1
LGALS8	SORL1	['BioPlex_293T']	1
LGALS8	SLC12A2	['BioPlex_293T']	1
LGALS8	TBK1	['BioPlex_HCT116']	1
LGALS8	ATP13A3	['BioPlex_293T']	1
LGALS8	TMEM63B	['BioPlex_293T']	1
LGALS8	ANXA1	['BioGRID']	1
LGALS8	ATP2B3	['BioPlex_293T']	1
LGALS8	LAMA4	['BioPlex_293T']	1
LGALS8	SLC30A1	['BioPlex_293T']	1
LGALS8	SLC12A7	['BioPlex_293T', 'BioPlex_HCT116']	2
PRKCD	APP	['IntAct']	1
PRKCD	VHL	['BioGRID']	1
PRKCD	TP53	['IntAct']	1
PRKCD	PRKN	['BioGRID']	1
PRKCD	PTPN6	['BioGRID']	1
PRKCD	SQSTM1	['BioGRID']	1
PRKCD	ELAVL1	['BioGRID']	1
PRKCD	C1QBP	['BioGRID']	1
PRKCD	KCNE3	['BioPlex_293T']	1
PRKCD	FYN	['IntAct']	1
PRKCD	SHC1	['BioGRID']	1
PRKCD	HSPB1	['BioGRID']	1
PRKCD	STAT3	['BioGRID']	1
PRKCD	NOTCH1	['BioGRID']	1
PRKCD	IKBKB	['BioGRID']	1
PRKCD	TNFRSF1A	['BioGRID']	1
PRKCD	CHUK	['BioGRID']	1
PRKCD	PRKCB	['BioGRID']	1
UBE2D2	BRCA1	['BioGRID']	1
UBE2D2	RNF31	['IntAct', 'BioGRID']	2
UBE2D2	LNX1	['BioGRID']	1
UBE2D2	APP	['IntAct']	1
UBE2D2	VHL	['BioGRID']	1
UBE2D2	TRAF2	['BioGRID']	1
UBE2D2	PRKN	['BioGRID']	1
UBE2D2	UBC	['BioGRID']	1
UBE2D2	RNF167	['BioGRID']	1
UBE2D2	RAG1	['BioGRID']	1
UBE2D2	KAT5	['IntAct']	1
UBE2D2	TRIM21	['BioGRID']	1
UBE2D2	RNF170	['BioGRID']	1
UBE2D2	RBX1	['BioGRID']	1
UBE2D2	HERC4	['BioGRID']	1
UBE2D2	RFFL	['BioGRID']	1
UBE2D2	SQSTM1	['BioGRID']	1
UBE2D2	DTX2	['IntAct', 'BioGRID', 'HuRI']	3
UBE2D2	FBXO2	['BioGRID']	1
UBE2D2	TRAF6	['IntAct', 'BioGRID', 'HuRI']	3
UBE2D2	SIAH1	['IntAct', 'BioGRID']	2
UBE2D2	MDM2	['BioGRID']	1
UBE2D2	NEDD4	['BioGRID']	1
UBE2D2	RNF185	['IntAct', 'BioGRID', 'HuRI']	3
YIPF3	WFS1	['BioPlex_293T']	1
YIPF3	BSCL2	['BioPlex_293T']	1
YIPF3	CAV1	['BioPlex_293T']	1
YIPF3	CXCR4	['BioPlex_293T', 'BioPlex_HCT116']	2
YIPF3	FFAR1	['BioPlex_HCT116']	1
YIPF3	CMTM5	['BioPlex_293T']	1
YIPF3	NOTCH2NLA	['IntAct', 'HuRI']	2
YIPF3	PCNX3	['BioPlex_293T']	1
YIPF3	APLNR	['BioPlex_HCT116']	1
YIPF3	P2RY1	['BioPlex_HCT116']	1
YIPF3	HOXA1	['IntAct', 'HuRI']	2
YIPF3	ATP13A3	['BioPlex_293T']	1
YIPF3	KRTAP10-8	['IntAct', 'HuRI']	2
YIPF3	TMEM63B	['BioPlex_293T']	1
YIPF3	P2RY12	['BioPlex_293T']	1
YIPF3	SLC22A4	['BioPlex_293T']	1
YIPF3	TACR1	['BioPlex_293T']	1
YIPF3	TMEM120B	['BioPlex_293T']	1
YIPF3	GPR182	['BioPlex_HCT116']	1
YIPF3	BRI3BP	['BioPlex_293T', 'BioPlex_HCT116']	2
YIPF3	RHBDD1	['BioPlex_293T']	1
YIPF3	GOLGA5	['BioPlex_293T']	1
YIPF3	SIDT2	['BioPlex_293T']	1
YIPF3	SIGMAR1	['BioPlex_HCT116']	1
YIPF3	GPR89A	['BioPlex_293T']	1
YIPF3	PRXL2A	['BioPlex_293T']	1
YIPF3	C5AR1	['BioPlex_293T', 'BioPlex_HCT116']	2
YIPF3	SPPL2B	['BioPlex_HCT116']	1
YIPF3	ERGIC3	['BioPlex_293T']	1
CYP2S1	ADAMTSL4	['IntAct', 'HuRI']	2
CYP2S1	PRKCA	['BioPlex_293T']	1
CYP2S1	TNFSF8	['BioPlex_293T', 'BioPlex_HCT116']	2
CYP2S1	CXCR4	['BioPlex_293T', 'BioPlex_HCT116']	2
CYP2S1	FFAR1	['BioPlex_HCT116']	1
CYP2S1	GPR182	['BioPlex_HCT116']	1
CYP2S1	KRTAP10-8	['IntAct', 'HuRI']	2
CYP2S1	TTMP	['BioPlex_293T', 'BioPlex_HCT116']	2
CYP2S1	APLNR	['BioPlex_HCT116']	1
CYP2S1	NT5E	['BioPlex_293T']	1
CYP2S1	FEM1A	['BioPlex_293T']	1
CYP2S1	GYPA	['BioPlex_293T']	1
CYP2S1	NCAM1	['BioPlex_293T']	1
EP300	ACTB	['BioGRID']	1
EP300	HDAC1	['BioGRID']	1
EP300	BRCA1	['BioGRID']	1
EP300	CLTC	['BioGRID']	1
EP300	VHL	['BioGRID']	1
EP300	TP53	['IntAct', 'BioGRID']	2
EP300	MAPT	['BioGRID']	1
EP300	PRKN	['BioGRID']	1
EP300	SKP2	['IntAct', 'BioGRID']	2
EP300	PRKCA	['BioGRID']	1
EP300	RELA	['IntAct', 'BioGRID']	2
EP300	UBE2D1	['BioGRID']	1
EP300	UBC	['BioGRID']	1
EP300	NEDD4	['BioGRID']	1
EP300	ESR2	['BioGRID']	1
EP300	CTNNB1	['BioGRID']	1
EP300	RACK1	['BioGRID']	1
EP300	YWHAZ	['BioGRID']	1
EP300	NOTCH1	['BioGRID']	1
EP300	CEBPB	['BioGRID']	1
EP300	ZBTB16	['BioGRID']	1
EP300	CTBP2	['BioGRID']	1
EP300	AKT1	['BioGRID']	1
EP300	IRF1	['BioGRID']	1
EP300	MYC	['BioGRID']	1
EP300	STAT3	['BioGRID']	1
EP300	DDB1	['BioGRID']	1
EP300	SIRT1	['IntAct', 'BioGRID']	2
EP300	ARRB1	['BioGRID']	1
EP300	HSPA8	['BioPlex_293T', 'BioGRID']	2
EP300	MDM2	['BioGRID']	1
EP300	KAT5	['BioGRID']	1
EP300	SMAD3	['BioGRID']	1
EP300	NSF	['BioGRID']	1
EP300	JUN	['BioGRID']	1
EP300	REL	['BioGRID']	1
EP300	PTGS2	['BioGRID']	1
EP300	MAPK1	['BioGRID']	1
EP300	PPARA	['BioGRID']	1
EP300	ESR1	['IntAct', 'BioGRID']	2
EP300	EGR1	['BioGRID']	1
EP300	BAG6	['BioGRID']	1
EP300	RBM25	['BioGRID']	1
EP300	PRKDC	['BioGRID']	1
EP300	DDIT3	['BioGRID']	1
EP300	YY1	['BioGRID']	1
EP300	COPS2	['IntAct', 'BioGRID']	2
CXCL9	AQP6	['IntAct', 'HuRI']	2
CXCL9	TNFSF8	['IntAct', 'HuRI']	2
CXCL9	TMEM237	['IntAct', 'HuRI']	2
CXCL9	DPP4	['IntAct']	1
CXCL9	UBE2O	['BioPlex_293T']	1
CXCL9	GPR42	['IntAct', 'HuRI']	2
CXCL9	TMPRSS2	['IntAct', 'HuRI']	2
CXCL9	BSCL2	['IntAct', 'HuRI']	2
P4HB	MAPT	['IntAct', 'BioGRID']	2
P4HB	PRKN	['BioGRID']	1
P4HB	MYC	['BioGRID']	1
P4HB	ESR1	['BioGRID']	1
P4HB	AGR2	['BioGRID']	1
P4HB	DPP4	['BioGRID']	1
P4HB	PRNP	['BioGRID']	1
P4HB	HSP90AB1	['BioGRID']	1
P4HB	IGF1R	['BioGRID']	1
P4HB	CEP76	['IntAct']	1
P4HB	ATP5F1B	['BioGRID']	1
P4HB	COL1A1	['IntAct']	1
P4HB	PPIB	['BioGRID']	1
P4HB	ENO1	['BioGRID']	1
P4HB	BBS4	['IntAct']	1
P4HB	LCN2	['IntAct', 'HuRI']	2
P4HB	ATP5F1A	['BioGRID']	1
P4HB	KLHL42	['IntAct', 'HuRI']	2
P4HB	TRIM4	['BioPlex_293T']	1
P4HB	PER1	['IntAct']	1
P4HB	CST2	['IntAct', 'HuRI']	2
P4HB	COLQ	['BioPlex_293T']	1
P4HB	P4HA3	['BioPlex_293T']	1
SOX30	TRAF2	['HuRI']	1
P2RY1	RETREG3	['BioPlex_HCT116']	1
P2RY1	SLC4A2	['BioPlex_HCT116']	1
P2RY1	CERS6	['BioPlex_HCT116']	1
P2RY1	SCAMP2	['BioPlex_HCT116']	1
P2RY1	GPM6A	['BioPlex_293T']	1
P2RY1	NHERF1	['IntAct']	1
P2RY1	ATP5F1B	['BioPlex_HCT116']	1
P2RY1	PTDSS2	['BioPlex_HCT116']	1
P2RY1	ATP5F1A	['BioPlex_HCT116']	1
P2RY1	TM9SF3	['BioPlex_HCT116']	1
PCSK6	PRG2	['BioPlex_HCT116']	1
PCSK6	LY86	['BioPlex_HCT116']	1
PCSK6	GPIHBP1	['BioPlex_293T', 'BioPlex_HCT116']	2
PCSK6	CBLN4	['BioPlex_HCT116']	1
PCSK6	DNAJB9	['BioPlex_HCT116']	1
PCSK6	BRICD5	['BioPlex_HCT116']	1
PCSK6	SDF2L1	['BioPlex_HCT116']	1
PCSK6	TSHR	['BioPlex_HCT116']	1
WFS1	ADAMTSL4	['IntAct']	1
WFS1	RUSF1	['IntAct']	1
WFS1	YY1	['IntAct']	1
WFS1	ARFGAP3	['IntAct']	1
WFS1	APP	['IntAct']	1
WFS1	ADORA2B	['BioPlex_HCT116']	1
WFS1	TTMP	['BioPlex_293T', 'BioPlex_HCT116']	2
WFS1	C5AR1	['BioPlex_HCT116']	1
WFS1	COPS2	['IntAct']	1
WFS1	FFAR1	['BioPlex_HCT116']	1
WFS1	BAG6	['IntAct']	1
WFS1	CLGN	['BioPlex_293T']	1
WFS1	PIK3R1	['IntAct']	1
WFS1	COMT	['IntAct']	1
WFS1	AQP6	['IntAct', 'HuRI']	2
WFS1	GFAP	['IntAct']	1
WFS1	P2RX2	['BioPlex_293T', 'BioPlex_HCT116']	2
WFS1	ING5	['IntAct']	1
WFS1	SARNP	['IntAct']	1
WFS1	BECN1	['IntAct']	1
WFS1	FBXO2	['BioPlex_293T', 'BioPlex_HCT116']	2
WFS1	CMTM5	['BioPlex_293T']	1
WFS1	GPR182	['BioPlex_HCT116']	1
WFS1	FTL	['IntAct']	1
WFS1	ESR1	['IntAct']	1
WFS1	CD79A	['IntAct', 'HuRI']	2
WFS1	CD3E	['BioPlex_HCT116']	1
WFS1	TSPAN15	['BioPlex_HCT116']	1
WFS1	PRKAA2	['IntAct']	1
WFS1	KIF1A	['IntAct']	1
WFS1	NOTCH1	['IntAct']	1
WFS1	FAM209A	['IntAct', 'HuRI']	2
WFS1	WWOX	['IntAct']	1
WFS1	UBAC2	['IntAct']	1
WFS1	PER1	['IntAct']	1
WFS1	SDCBP	['IntAct']	1
SSTR5	SSTR4	['IntAct']	1
FGFR1	L1CAM	['BioGRID']	1
FGFR1	TGFBR2	['BioPlex_293T']	1
FGFR1	CRK	['BioGRID']	1
FGFR1	PTPN11	['BioGRID']	1
FGFR1	IFNGR1	['BioPlex_293T']	1
FGFR1	HSP90AB1	['IntAct', 'BioGRID']	2
FGFR1	KCNE3	['BioPlex_293T']	1
FGFR1	SHC1	['BioGRID']	1
FGFR1	CDC37	['BioGRID']	1
FGFR1	HSP90AA1	['BioGRID']	1
FGFR1	CANX	['BioGRID']	1
FGFR1	HSPA1B	['BioGRID']	1
FGFR1	GJA8	['BioPlex_293T']	1
FGFR1	PIK3R1	['BioGRID']	1
FGFR1	NRSN1	['BioPlex_293T']	1
FGFR1	RNF149	['BioPlex_293T']	1
FGFR1	FBXO2	['BioPlex_293T', 'BioPlex_HCT116']	2
FGFR1	NCAM1	['BioGRID']	1
FGFR1	PLCG1	['IntAct', 'BioGRID']	2
FGFR1	STAT3	['BioGRID']	1
FGFR1	TNFRSF10B	['BioPlex_293T']	1
FGFR1	TSHR	['BioPlex_HCT116']	1
FGFR1	CTNNB1	['IntAct', 'BioGRID']	2
FGFR1	P2RX4	['BioPlex_HCT116']	1
FGFR1	NEDD4	['IntAct', 'BioGRID']	2
FGFR1	DNM2	['BioGRID']	1
AVPR1A	ACKR3	['IntAct']	1
AQP6	RUSF1	['IntAct', 'HuRI']	2
AQP6	STX7	['IntAct', 'HuRI']	2
AQP6	IFNGR1	['IntAct', 'HuRI']	2
AQP6	IFITM3	['IntAct', 'HuRI']	2
AQP6	TTMP	['IntAct', 'HuRI']	2
AQP6	BET1	['IntAct', 'HuRI']	2
AQP6	JAGN1	['IntAct', 'HuRI']	2
AQP6	PLPP6	['IntAct', 'HuRI']	2
AQP6	INSIG2	['IntAct', 'HuRI']	2
AQP6	TMEM242	['IntAct', 'HuRI']	2
AQP6	MFF	['IntAct', 'HuRI']	2
AQP6	CMTM5	['IntAct', 'HuRI']	2
AQP6	CYP4F2	['IntAct', 'HuRI']	2
AQP6	YIPF6	['IntAct', 'HuRI']	2
AQP6	CCDC167	['IntAct', 'HuRI']	2
AQP6	GPR152	['IntAct', 'HuRI']	2
AQP6	MGLL	['IntAct', 'HuRI']	2
AQP6	C2CD2L	['IntAct', 'HuRI']	2
AQP6	LPAR3	['IntAct', 'HuRI']	2
AQP6	EBP	['IntAct', 'HuRI']	2
AQP6	AQP1	['IntAct', 'HuRI']	2
AQP6	TMEM14A	['IntAct', 'HuRI']	2
AQP6	VAMP2	['IntAct', 'HuRI']	2
AQP6	CYBC1	['IntAct', 'HuRI']	2
AQP6	GRM2	['IntAct', 'HuRI']	2
AQP6	VAPB	['IntAct', 'HuRI']	2
AQP6	MAL	['IntAct', 'HuRI']	2
AQP6	STX5	['IntAct', 'HuRI']	2
AQP6	SEC22A	['IntAct', 'HuRI']	2
AQP6	TMEM120B	['IntAct', 'HuRI']	2
AQP6	EMP1	['IntAct', 'HuRI']	2
AQP6	NKG7	['IntAct', 'HuRI']	2
AQP6	BRICD5	['IntAct', 'HuRI']	2
AQP6	PRAF2	['IntAct', 'HuRI']	2
AQP6	LNPEP	['IntAct', 'HuRI']	2
AQP6	TMX2	['IntAct', 'HuRI']	2
AQP6	CLDN19	['IntAct', 'HuRI']	2
GRIPAP1	LNX1	['IntAct']	1
GRIPAP1	TRAF2	['HuRI']	1
GRIPAP1	MEOX2	['HuRI']	1
GRIPAP1	ENKD1	['HuRI']	1
GRIPAP1	EEF1AKMT3	['BioPlex_HCT116']	1
GRIPAP1	CDC37	['HuRI']	1
GRIPAP1	CCT8L2	['BioPlex_293T']	1
GRIPAP1	DISC1	['IntAct', 'BioPlex_293T', 'BioPlex_HCT116', 'BioGRID']	4
GRIPAP1	BRK1	['BioPlex_293T']	1
GRIPAP1	FEM1A	['BioPlex_293T']	1
GRIPAP1	CALB1	['BioPlex_293T']	1
GRIPAP1	SNAPC5	['IntAct']	1
GRIPAP1	ING5	['IntAct']	1
MGLL	SDCBP	['IntAct', 'HuRI']	2
MGLL	FCER1G	['HuRI']	1
MGLL	TMX2	['IntAct', 'HuRI']	2
MGLL	GPR152	['IntAct', 'HuRI']	2
MGLL	CD79A	['IntAct', 'HuRI']	2
MGLL	FAM209A	['IntAct', 'HuRI']	2
MGLL	NCS1	['BioPlex_HCT116']	1
MGLL	HPCAL1	['IntAct', 'BioPlex_293T', 'BioPlex_HCT116']	3
PTPN6	CAV1	['IntAct']	1
PTPN6	EGFR	['IntAct', 'BioGRID']	2
PTPN6	KIT	['BioGRID']	1
PTPN6	KLK10	['BioPlex_HCT116']	1
PTPN6	LYN	['BioGRID']	1
PTPN6	PIK3R1	['BioGRID']	1
PTPN6	IGF1R	['IntAct', 'BioGRID']	2
PTPN6	SIRPA	['BioGRID']	1
PTPN6	BCR	['BioGRID']	1
PTPN6	IL4R	['BioGRID']	1
PTPN6	JAK2	['BioGRID']	1
PTPN6	LCK	['IntAct', 'BioGRID']	2
CYSRT1	ADAMTSL4	['IntAct']	1
CYSRT1	LNX1	['IntAct']	1
CYSRT1	NOTCH2NLC	['IntAct']	1
CYSRT1	TLE5	['IntAct']	1
CYSRT1	ENKD1	['IntAct']	1
CYSRT1	KRTAP10-7	['IntAct']	1
CYSRT1	CST2	['IntAct']	1
CYSRT1	BSCL2	['IntAct']	1
CYSRT1	AQP1	['IntAct']	1
CYSRT1	MEOX2	['IntAct']	1
CYSRT1	CLDN19	['IntAct']	1
CYSRT1	TNIP1	['IntAct']	1
CYSRT1	ITGB4	['IntAct']	1
CYSRT1	GLP1R	['IntAct']	1
CYSRT1	KRTAP10-8	['IntAct']	1
CYSRT1	HOXA1	['IntAct']	1
CYSRT1	BAG6	['IntAct']	1
CYSRT1	LGALS9C	['IntAct']	1
CYSRT1	PTGDS	['IntAct']	1
CYSRT1	KRT34	['IntAct']	1
CYSRT1	ESR2	['IntAct', 'BioGRID']	2
CYSRT1	NOXA1	['IntAct']	1
CYSRT1	KPRP	['IntAct']	1
CYSRT1	KLHL38	['IntAct']	1
CYSRT1	MKRN3	['IntAct']	1
CYSRT1	YY1	['IntAct']	1
CYSRT1	PRKAA2	['IntAct']	1
BSCL2	CHRNB2	['BioPlex_293T']	1
BSCL2	CERS6	['BioPlex_293T']	1
BSCL2	GABRG2	['BioPlex_293T']	1
BSCL2	PLEKHF2	['IntAct']	1
BSCL2	FITM2	['BioPlex_293T']	1
BSCL2	NEK6	['BioPlex_293T']	1
BSCL2	KIAA2013	['BioPlex_293T']	1
BSCL2	GPR89A	['BioPlex_293T']	1
BSCL2	YIPF6	['BioPlex_293T']	1
BSCL2	TTMP	['BioPlex_293T', 'BioPlex_HCT116']	2
BSCL2	RHBDD1	['BioPlex_293T']	1
BSCL2	GLRA2	['BioPlex_293T']	1
BSCL2	MANEA	['BioPlex_293T']	1
BSCL2	TTYH1	['BioPlex_293T']	1
BSCL2	EBP	['BioPlex_293T']	1
BSCL2	FUT8	['BioPlex_293T']	1
BSCL2	TAOK2	['BioPlex_293T']	1
BSCL2	HTR3A	['BioPlex_293T']	1
BSCL2	GABARAPL1	['IntAct', 'HuRI']	2
BSCL2	UPK2	['IntAct', 'HuRI']	2
BSCL2	HOXA1	['IntAct', 'HuRI']	2
BSCL2	CLDN19	['IntAct', 'HuRI']	2
VHL	ACTB	['BioGRID']	1
VHL	FN1	['IntAct', 'BioGRID']	2
VHL	HDAC1	['BioGRID']	1
VHL	TUBA1A	['BioGRID']	1
VHL	CSNK2A1	['BioGRID']	1
VHL	SNCA	['IntAct']	1
VHL	HSPA8	['BioGRID']	1
VHL	CDKN2A	['BioGRID']	1
VHL	CLU	['BioGRID']	1
VHL	JAK2	['BioGRID']	1
VHL	SPRED1	['IntAct']	1
VHL	UTRN	['BioPlex_293T']	1
VHL	IKBKB	['BioGRID']	1
VHL	MDFI	['IntAct', 'HuRI']	2
VHL	UBC	['BioGRID']	1
VHL	CREB3	['BioPlex_HCT116']	1
VHL	MDM2	['BioGRID']	1
VHL	PRKN	['IntAct']	1
VHL	HTT	['IntAct']	1
VHL	RBX1	['IntAct', 'BioGRID']	2
VHL	RACK1	['BioGRID']	1
VHL	UBE2O	['IntAct']	1
VHL	AKT1	['BioGRID']	1
VHL	USP33	['BioGRID']	1
VHL	ELAVL1	['BioGRID']	1
VHL	SPSB4	['IntAct']	1
VHL	TGFBR1	['BioGRID']	1
VHL	EIF2B4	['IntAct']	1
VHL	TBK1	['BioGRID']	1
VHL	TP53	['BioGRID']	1
VHL	SKP2	['BioGRID']	1
PPP2R3B	TMEM14B	['HuRI']	1
PPP2R3B	HGS	['IntAct', 'HuRI']	2
NAT8L	ZDHHC12	['BioPlex_293T']	1
NAT8L	TTMP	['BioPlex_293T']	1
NAT8L	TRPV3	['BioPlex_293T']	1
PIK3CA	PDGFRA	['BioGRID']	1
PIK3CA	CAV1	['BioPlex_293T']	1
PIK3CA	HTT	['IntAct']	1
PIK3CA	EGFR	['BioGRID']	1
PIK3CA	ESR1	['BioGRID']	1
PIK3CA	AKT1	['BioGRID']	1
PIK3CA	SQSTM1	['BioGRID']	1
PIK3CA	KCNE3	['BioPlex_293T']	1
PIK3CA	PIK3R1	['IntAct', 'BioGRID']	2
PIK3CA	SLC31A1	['BioPlex_293T']	1
PIK3CA	RASD2	['BioGRID']	1
PIK3CA	PTPN11	['BioGRID']	1
PIK3CA	LCK	['BioGRID']	1
SPRED1	ADAMTSL4	['IntAct']	1
SPRED1	LNX1	['IntAct']	1
SPRED1	PRKN	['IntAct']	1
SPRED1	CEP70	['IntAct']	1
SPRED1	SPG21	['IntAct', 'HuRI']	2
SPRED1	MEOX2	['HuRI']	1
SPRED1	NOS3	['IntAct']	1
SPRED1	CTNNB1	['IntAct']	1
SPRED1	KCTD17	['IntAct']	1
SPRED1	ING5	['IntAct']	1
SPRED1	BRK1	['IntAct']	1
SPRED1	FYN	['IntAct']	1
SPRED1	SDCBP	['IntAct']	1
SPRED1	FSTL1	['IntAct']	1
SPRED1	WWOX	['IntAct']	1
SPRED1	KIF1A	['IntAct']	1
SPRED1	KRTAP10-7	['IntAct']	1
SPRED1	NR1H2	['IntAct']	1
SPRED1	GFAP	['IntAct']	1
SPRED1	PPARA	['IntAct']	1
SPRED1	KAT5	['IntAct']	1
SPRED1	RAN	['IntAct']	1
SPRED1	ALOX5	['IntAct']	1
SPRED1	YY1	['IntAct']	1
SPRED1	AQP1	['IntAct', 'HuRI']	2
SPRED1	BAG6	['IntAct']	1
SPRED1	HOXA1	['IntAct']	1
SPRED1	HPCAL1	['IntAct']	1
SPRED1	CDC23	['IntAct']	1
SPRED1	LYN	['IntAct']	1
MIF	TP53	['BioGRID']	1
MIF	PRKN	['BioGRID']	1
MIF	EGFR	['IntAct']	1
MIF	MYC	['BioGRID']	1
MIF	SOD1	['BioGRID']	1
MIF	SEC22A	['BioPlex_293T']	1
MIF	COPS5	['IntAct', 'BioGRID']	2
MIF	ENO1	['BioGRID']	1
SRR	TNFSF8	['BioPlex_HCT116']	1
SRR	SLC22A4	['BioPlex_293T']	1
SRR	RNF41	['IntAct', 'BioPlex_293T', 'BioGRID', 'HuRI']	4
SRR	GOLGA3	['BioGRID']	1
SRR	FBXO22	['BioGRID']	1
MMP24	UBE2O	['BioPlex_293T']	1
MMP24	BLTP3A	['BioPlex_293T']	1
CSNK2B	BRCA1	['BioGRID']	1
CSNK2B	TP53	['BioGRID']	1
CSNK2B	RNPS1	['IntAct']	1
CSNK2B	MYC	['BioGRID']	1
CSNK2B	CSNK2A1	['IntAct', 'BioPlex_293T', 'BioPlex_HCT116', 'BioGRID', 'HuRI']	5
CSNK2B	BCR	['BioPlex_293T', 'BioPlex_HCT116', 'BioGRID']	3
CSNK2B	CSNK2A2	['IntAct', 'BioPlex_293T', 'BioPlex_HCT116', 'BioGRID', 'HuRI']	5
CSNK2B	UBE2O	['BioGRID']	1
CSNK2B	WWOX	['IntAct', 'HuRI']	2
CSNK2B	CACNA1A	['BioGRID']	1
CSNK2B	NOS1	['BioPlex_293T']	1
CSNK2B	SIRT1	['BioGRID']	1
CSNK2B	LYST	['BioGRID']	1
CSNK2B	ZNF410	['IntAct', 'HuRI']	2
CSNK2B	CLOCK	['BioGRID']	1
SPPL2B	PDGFRA	['BioPlex_293T']	1
SPPL2B	CRELD1	['BioPlex_293T']	1
SPPL2B	PRKN	['IntAct']	1
SPPL2B	ATP2A3	['BioPlex_HCT116']	1
SPPL2B	TTYH1	['BioPlex_293T']	1
SPPL2B	CERS6	['BioPlex_HCT116']	1
SPPL2B	CLGN	['BioPlex_293T']	1
SPPL2B	NTSR1	['BioPlex_HCT116']	1
SPPL2B	SIDT2	['BioPlex_293T']	1
SPPL2B	ATP1A3	['BioPlex_293T', 'BioPlex_HCT116']	2
SPPL2B	HTR3A	['BioPlex_293T']	1
SPPL2B	CHRNB2	['BioPlex_293T']	1
SPPL2B	HSPB1	['IntAct']	1
SPPL2B	SNCA	['IntAct']	1
SPPL2B	SIGMAR1	['BioPlex_HCT116']	1
SPPL2B	TNFRSF10B	['BioPlex_HCT116']	1
SPPL2B	CANX	['BioPlex_HCT116', 'BioGRID']	2
SPPL2B	ERGIC3	['BioPlex_293T', 'BioPlex_HCT116']	2
SPPL2B	YIPF6	['BioPlex_293T']	1
SPPL2B	LMAN2L	['BioPlex_HCT116']	1
SPPL2B	SORL1	['BioPlex_HCT116']	1
SPPL2B	ATP13A3	['BioPlex_HCT116']	1
SPPL2B	FUT8	['BioPlex_HCT116']	1
SPPL2B	NR2F2	['BioPlex_293T']	1
SPPL2B	TMEM63B	['BioPlex_HCT116']	1
SPPL2B	BRK1	['IntAct']	1
SPPL2B	PTDSS2	['BioPlex_HCT116']	1
SPPL2B	CHRNB4	['BioPlex_293T']	1
SPPL2B	TXNDC15	['BioPlex_293T', 'BioPlex_HCT116']	2
SPPL2B	TM9SF3	['BioPlex_HCT116']	1
SPPL2B	P2RX4	['BioPlex_293T', 'BioPlex_HCT116']	2
SPPL2B	BRI3BP	['BioPlex_293T', 'BioPlex_HCT116']	2
SPPL2B	GOLGA5	['BioPlex_293T', 'BioPlex_HCT116']	2
SPPL2B	FITM2	['BioPlex_293T', 'BioPlex_HCT116']	2
SPPL2B	KIAA2013	['BioPlex_293T', 'BioPlex_HCT116']	2
SPPL2B	KLRC1	['BioPlex_293T']	1
SPPL2B	GPR89A	['BioPlex_293T']	1
CD99L2	LRRC15	['BioPlex_HCT116']	1
CD99L2	CREB3L1	['HuRI']	1
CD99L2	SGTA	['IntAct', 'BioGRID', 'HuRI']	3
CD99L2	UBQLN2	['IntAct', 'HuRI']	2
SERTAD1	PICK1	['IntAct', 'HuRI']	2
SERTAD1	HTT	['IntAct']	1
SERTAD1	NEDD4	['BioGRID']	1
SERTAD1	KLHL42	['IntAct', 'HuRI']	2
SERTAD1	CDKN2A	['BioGRID']	1
SERTAD1	P4HA3	['HuRI']	1
SERTAD1	ADCY1	['BioGRID']	1
SERTAD1	ZNF410	['IntAct', 'HuRI']	2
YWHAH	SPECC1L	['BioPlex_293T']	1
YWHAH	YWHAG	['BioPlex_293T', 'BioGRID']	2
YWHAH	MAPT	['BioGRID']	1
YWHAH	PRKN	['IntAct', 'BioGRID']	2
YWHAH	NEDD4	['BioGRID']	1
YWHAH	YWHAZ	['BioPlex_293T', 'BioGRID']	2
YWHAH	FBXO45	['BioPlex_293T', 'BioGRID']	2
YWHAH	SNCA	['IntAct']	1
YWHAH	CYTH2	['BioPlex_293T']	1
YWHAH	BECN1	['BioPlex_293T', 'BioGRID']	2
YWHAH	TNFAIP3	['BioGRID']	1
YWHAH	RIMS1	['BioGRID']	1
YWHAH	BCR	['BioPlex_293T', 'BioGRID']	2
YWHAH	HPCAL1	['BioPlex_293T']	1
YWHAH	CYLD	['BioGRID']	1
YWHAH	YWHAE	['IntAct', 'BioPlex_293T', 'BioGRID']	3
RAN	ADAMTSL4	['IntAct']	1
RAN	MAPT	['BioGRID']	1
RAN	PRKN	['BioGRID']	1
RAN	HSPA1B	['BioGRID']	1
RAN	RELA	['IntAct']	1
RAN	HTT	['IntAct']	1
RAN	RANBP9	['BioGRID']	1
RAN	MYC	['BioGRID']	1
RAN	UCHL1	['IntAct']	1
RAN	CTNNB1	['IntAct']	1
RAN	AGR2	['BioGRID']	1
RAN	FYN	['IntAct']	1
RAN	HSPA8	['BioGRID']	1
RAN	PPARA	['IntAct']	1
RAN	PER1	['IntAct']	1
RAN	SNCA	['IntAct']	1
RAN	KCTD17	['IntAct']	1
RAN	ESR2	['BioGRID']	1
RAN	CDKN2A	['IntAct']	1
RAN	RBX1	['BioGRID']	1
JUN	BRCA1	['BioGRID']	1
JUN	APP	['IntAct']	1
JUN	GSN	['IntAct']	1
JUN	TUBA1A	['IntAct']	1
JUN	UBC	['BioGRID']	1
JUN	NEDD4	['BioGRID']	1
JUN	CEBPB	['BioGRID']	1
JUN	RGS20	['BioPlex_293T']	1
JUN	APLP2	['IntAct', 'BioGRID']	2
JUN	CSNK2A1	['BioGRID']	1
JUN	ESR1	['BioGRID']	1
JUN	FOSB	['BioPlex_293T', 'BioPlex_HCT116', 'BioGRID']	3
JUN	GOPC	['IntAct', 'BioGRID']	2
JUN	COPS5	['BioGRID']	1
JUN	MBD3	['BioGRID']	1
JUN	SMAD3	['BioGRID']	1
JUN	HSPA8	['IntAct']	1
JUN	MAPK1	['BioGRID']	1
JUN	MDM2	['IntAct']	1
JUN	CREB3	['IntAct']	1
JUN	HSP90AA1	['IntAct', 'BioGRID']	2
JUN	STAT3	['BioGRID']	1
JUN	PPP3CA	['BioGRID']	1
JUN	SIRT1	['BioGRID']	1
JUN	MAPK8	['IntAct', 'BioGRID']	2
JUN	FBXW7	['BioGRID']	1
JUN	NCOR2	['BioGRID']	1
JUN	DDIT3	['BioGRID']	1
JUN	RAC1	['IntAct']	1
JUN	CSK	['BioGRID']	1
JUN	PIK3R1	['IntAct']	1
L1CAM	BTNL2	['BioPlex_HCT116']	1
L1CAM	FBXO2	['BioPlex_293T', 'BioPlex_HCT116']	2
L1CAM	NUFIP1	['BioPlex_293T']	1
L1CAM	GPM6A	['BioPlex_293T']	1
L1CAM	HAX1	['BioPlex_293T']	1
L1CAM	CBLN4	['BioPlex_HCT116']	1
L1CAM	LGALS1	['BioPlex_HCT116']	1
L1CAM	DNAAF2	['BioPlex_293T']	1
L1CAM	DGUOK	['BioPlex_293T']	1
L1CAM	EZR	['BioGRID']	1
RFFL	TP53	['BioGRID']	1
RFFL	PRKN	['BioGRID']	1
RFFL	KCNIP3	['IntAct']	1
RFFL	MAPK1	['BioPlex_HCT116']	1
RFFL	PTGS1	['IntAct']	1
RFFL	MAPK3	['BioPlex_HCT116']	1
RFFL	SHC1	['BioPlex_293T', 'BioPlex_HCT116']	2
RFFL	GIPC1	['IntAct']	1
RFFL	CRYAA	['IntAct']	1
RFFL	BACE2	['IntAct']	1
KCTD2	NHERF1	['BioPlex_293T']	1
KCTD2	KCTD17	['BioPlex_293T', 'BioPlex_HCT116', 'BioGRID']	3
KCTD2	PDZK1P1	['BioPlex_293T']	1
KCTD2	GLRA3	['IntAct', 'BioPlex_293T']	2
KCTD2	KCND2	['BioPlex_293T']	1
FUT8	PDGFRA	['BioPlex_293T']	1
FUT8	PRG2	['BioPlex_HCT116']	1
FUT8	HTR1B	['BioPlex_HCT116']	1
FUT8	TTYH1	['BioPlex_293T']	1
FUT8	TSPAN15	['BioPlex_HCT116']	1
FUT8	TMEM106A	['BioPlex_293T', 'BioPlex_HCT116']	2
FUT8	SIDT2	['BioPlex_293T']	1
FUT8	NRSN1	['BioPlex_293T']	1
FUT8	KCNE3	['BioPlex_HCT116']	1
FUT8	CLEC12B	['BioPlex_293T']	1
FUT8	KCNK18	['BioPlex_293T']	1
FUT8	CHRNB2	['BioPlex_293T']	1
FUT8	OS9	['BioPlex_HCT116']	1
FUT8	C5AR1	['BioPlex_293T']	1
FUT8	GABRD	['BioPlex_293T', 'BioPlex_HCT116']	2
MAPK3	TP53	['BioGRID']	1
MAPK3	MAPT	['BioGRID']	1
MAPK3	DUSP6	['BioGRID']	1
MAPK3	MAPK1	['BioPlex_293T', 'BioPlex_HCT116', 'BioGRID']	3
MAPK3	ARRB2	['BioGRID']	1
MAPK3	FBXW7	['BioGRID']	1
MAPK3	SCRIB	['BioGRID']	1
MAPK3	CYLD	['BioGRID']	1
DRP2	HNRNPK	['BioGRID']	1
DRP2	PRX	['BioGRID']	1
ATP13A3	UPK2	['BioPlex_HCT116']	1
ATP13A3	ZDHHC12	['BioPlex_293T']	1
ATP13A3	FFAR1	['BioPlex_HCT116']	1
ATP13A3	CMTM5	['BioPlex_293T']	1
ATP13A3	TSPAN15	['BioPlex_293T']	1
ATP13A3	GPR182	['BioPlex_HCT116']	1
ATP13A3	SLC22A4	['BioPlex_293T']	1
ATP13A3	TTMP	['BioPlex_293T']	1
ATP13A3	GPR55	['BioPlex_HCT116']	1
ATP13A3	C5AR1	['BioPlex_293T', 'BioPlex_HCT116']	2
ATP13A3	LGALS3	['BioPlex_293T', 'BioPlex_HCT116']	2
ATP13A3	P2RY2	['BioPlex_HCT116']	1
ATP13A3	CHRNB4	['BioPlex_293T']	1
ATP13A3	P2RX2	['BioPlex_HCT116']	1
ATP13A3	GPR89A	['BioPlex_293T']	1
ATP13A3	BRI3BP	['BioPlex_293T']	1
ATP13A3	BET1	['BioPlex_293T']	1
ATP13A3	LGALS9B	['BioPlex_HCT116']	1
ATP13A3	RHOB	['BioGRID']	1
NR2C2	HDAC1	['BioGRID']	1
NR2C2	GSN	['IntAct']	1
NR2C2	KLF11	['IntAct']	1
NR2C2	KDM1A	['BioGRID']	1
NR2C2	HSP90AA1	['BioGRID']	1
NR2C2	RAC1	['BioGRID']	1
NR2C2	NCOR1	['BioGRID']	1
NR2C2	GRIN2C	['IntAct']	1
TMEM242	SLC6A1	['BioPlex_293T']	1
TMEM242	EBP	['IntAct', 'HuRI']	2
TMEM242	GJA8	['IntAct', 'HuRI']	2
TMEM242	GPR42	['IntAct', 'HuRI']	2
TMEM242	JAGN1	['IntAct', 'HuRI']	2
TMEM242	CNR2	['IntAct', 'HuRI']	2
HCRT	PMPCB	['BioPlex_293T']	1
KLK6	APP	['IntAct']	1
KLK6	SIAH1	['IntAct']	1
KLK6	CSNK2A1	['IntAct']	1
KLK6	NRSN1	['BioPlex_HCT116']	1
KLK6	SARAF	['BioPlex_HCT116']	1
KLK6	SNCA	['IntAct']	1
KLK6	WWOX	['IntAct']	1
KLK6	ASPH	['IntAct']	1
KLK6	THADA	['IntAct']	1
KLK6	EIF2B5	['IntAct']	1
KLK6	PTTG1IP	['IntAct']	1
KLK6	ARFGAP3	['IntAct']	1
KLK6	DBH	['IntAct']	1
KLK6	BET1	['IntAct']	1
KLK6	LGALS9C	['IntAct']	1
KLK6	PTN	['IntAct']	1
WWOX	BRCA1	['BioGRID']	1
WWOX	YWHAG	['IntAct']	1
WWOX	TP53	['BioGRID']	1
WWOX	HSPA1B	['BioGRID']	1
WWOX	PRKCA	['IntAct']	1
WWOX	ENKD1	['IntAct', 'HuRI']	2
WWOX	TTYH1	['BioPlex_293T']	1
WWOX	MAPK8	['BioGRID']	1
WWOX	KAT5	['IntAct']	1
WWOX	PPIA	['IntAct']	1
WWOX	SLC15A2	['IntAct', 'HuRI']	2
WWOX	NOS3	['IntAct']	1
WWOX	GFAP	['IntAct']	1
WWOX	HSPA8	['BioGRID']	1
WWOX	HSPB1	['IntAct']	1
WWOX	MKRN3	['IntAct', 'HuRI']	2
WWOX	FEM1A	['IntAct', 'HuRI']	2
WWOX	HOXA1	['IntAct', 'HuRI']	2
WWOX	PPIB	['IntAct']	1
WWOX	SMAD3	['BioGRID']	1
WWOX	KRT34	['IntAct', 'HuRI']	2
WWOX	MDM2	['BioGRID']	1
WWOX	CRYAA	['IntAct']	1
WWOX	KLHL38	['IntAct', 'HuRI']	2
WWOX	CANX	['BioGRID']	1
WWOX	ADRA2C	['IntAct', 'HuRI']	2
KCNE3	CISD2	['BioPlex_293T']	1
KCNE3	JAK1	['BioPlex_293T', 'BioPlex_HCT116']	2
KCNE3	STX7	['BioPlex_293T']	1
KCNE3	RNF149	['BioPlex_HCT116']	1
KCNE3	GOPC	['BioPlex_HCT116']	1
KCNE3	HGS	['BioPlex_293T', 'BioPlex_HCT116']	2
KCNE3	PCNX3	['BioPlex_293T']	1
KCNE3	MAP7	['BioPlex_HCT116']	1
KCNE3	SLC12A7	['BioPlex_HCT116']	1
KCNE3	SLC12A2	['BioPlex_HCT116']	1
KCNE3	C1orf43	['BioPlex_293T']	1
KCNE3	ATP2B4	['BioPlex_HCT116']	1
KCNE3	TMEM201	['BioPlex_HCT116']	1
KCNE3	PLCB1	['BioPlex_293T']	1
KCNE3	CTDNEP1	['BioPlex_293T']	1
KCNE3	STX5	['BioPlex_293T', 'BioPlex_HCT116']	2
KCNE3	CD320	['BioPlex_293T']	1
KCNE3	PIK3R1	['BioPlex_293T']	1
KCNE3	SLC20A2	['BioPlex_HCT116']	1
KCNE3	IFITM3	['BioPlex_HCT116']	1
KCNE3	BET1	['BioPlex_293T']	1
KCNE3	ARRB2	['BioPlex_293T']	1
KCNE3	MFAP3	['BioPlex_293T']	1
KCNE3	CYTH2	['BioPlex_293T']	1
KCNE3	YIPF6	['BioPlex_293T']	1
KCNE3	GOLGA2	['BioPlex_293T', 'BioPlex_HCT116']	2
KCNE3	TNFRSF10B	['BioPlex_293T', 'BioPlex_HCT116']	2
CHRNA7	APP	['IntAct']	1
CHRNA7	SNX14	['BioPlex_293T']	1
CHRNA7	PCNX3	['BioPlex_293T']	1
CHRNA7	UBAC2	['BioPlex_HCT116']	1
CHRNA7	PPP1CC	['BioGRID']	1
CHRNA7	ANKLE2	['BioPlex_293T']	1
IL2RG	NOTCH2NLA	['IntAct', 'HuRI']	2
IL2RG	KRTAP10-8	['IntAct', 'HuRI']	2
IL2RG	CD320	['BioPlex_293T']	1
IL2RG	IL4	['IntAct']	1
IL2RG	IL4R	['IntAct']	1
IL2RG	IL2	['IntAct']	1
BACE1	APP	['IntAct', 'BioGRID']	2
BACE1	FBXO2	['BioGRID']	1
BACE1	KLRC1	['BioPlex_293T']	1
LMO2	ADAMTSL4	['IntAct', 'HuRI']	2
LMO2	RNF31	['BioPlex_293T', 'BioPlex_HCT116']	2
LMO2	TLE5	['IntAct', 'HuRI']	2
LMO2	RELA	['BioGRID']	1
LMO2	KRT40	['IntAct', 'HuRI']	2
LMO2	ENKD1	['IntAct', 'HuRI']	2
LMO2	KRTAP10-7	['IntAct', 'HuRI']	2
LMO2	LMX1B	['BioPlex_HCT116']	1
LMO2	PRKG1	['IntAct', 'HuRI']	2
LMO2	REL	['IntAct', 'HuRI']	2
LMO2	GFAP	['IntAct', 'HuRI']	2
LMO2	DDIT3	['IntAct', 'HuRI']	2
LMO2	SNAPC5	['IntAct', 'HuRI']	2
LMO2	ZNF410	['IntAct', 'HuRI']	2
LMO2	CMTM5	['IntAct', 'HuRI']	2
LMO2	KPRP	['IntAct', 'HuRI']	2
LMO2	KRT34	['IntAct', 'HuRI']	2
LMO2	MTUS2	['IntAct', 'HuRI']	2
LMO2	STAT3	['IntAct', 'HuRI']	2
LMO2	NOTCH2NLA	['IntAct', 'HuRI']	2
LMO2	GOLGA2	['IntAct']	1
LMO2	NOXA1	['IntAct', 'HuRI']	2
LMO2	TRIP6	['IntAct', 'HuRI']	2
TRPV3	C1orf43	['BioPlex_293T']	1
TRPV3	ULBP3	['BioPlex_293T']	1
TRPV3	MMP15	['BioPlex_293T']	1
SERPINB4	NRSN1	['BioPlex_HCT116']	1
SERPINB4	STX17	['BioPlex_293T']	1
SERPINB4	UBAC2	['BioPlex_HCT116']	1
SERPINB4	SARAF	['BioPlex_HCT116']	1
SERPINB4	RHBDD1	['BioPlex_HCT116']	1
SERPINB4	POLL	['BioPlex_293T']	1
SERPINB4	UCP2	['BioPlex_293T']	1
SERPINB4	IL18	['IntAct', 'BioPlex_293T']	2
SERPINB4	HCN1	['BioPlex_293T']	1
SERPINB4	STARD13	['BioPlex_293T']	1
SLC22A4	CRELD1	['BioPlex_293T']	1
SLC22A4	STX7	['BioPlex_293T']	1
SLC22A4	CAV1	['BioPlex_293T']	1
SLC22A4	ARL10	['BioPlex_293T']	1
SLC22A4	CYBC1	['BioPlex_293T']	1
SLC22A4	STK39	['BioPlex_293T']	1
SLC22A4	CERS6	['BioPlex_293T']	1
SLC22A4	TSPAN15	['BioPlex_293T']	1
SLC22A4	FITM2	['BioPlex_293T']	1
SLC22A4	PTDSS2	['BioPlex_293T']	1
SLC22A4	GPR89A	['BioPlex_293T']	1
SLC22A4	ATP2B4	['BioPlex_293T']	1
SLC22A4	DHRS7	['BioPlex_293T']	1
GABRG2	GABRA1	['IntAct']	1
GABRG2	RHBDD1	['BioPlex_293T']	1
GABRG2	ABHD14A	['BioPlex_293T']	1
GABRG2	USP33	['BioPlex_293T']	1
GABRG2	TUBB1	['BioPlex_293T']	1
NEDD4	YWHAG	['BioGRID']	1
NEDD4	CLTC	['BioGRID']	1
NEDD4	UBE2D1	['BioGRID']	1
NEDD4	UBC	['BioGRID']	1
NEDD4	GABARAPL1	['IntAct', 'BioGRID', 'HuRI']	3
NEDD4	SMAD3	['IntAct', 'BioGRID', 'HuRI']	3
NEDD4	BECN1	['BioGRID']	1
NEDD4	HGS	['BioGRID']	1
NEDD4	PIP5K1A	['BioGRID']	1
NEDD4	YWHAZ	['BioPlex_293T', 'BioGRID']	2
NEDD4	YY1	['BioGRID']	1
NEDD4	MDM2	['BioGRID']	1
NEDD4	GRIA1	['BioGRID']	1
NEDD4	AKT1	['BioGRID']	1
NEDD4	RET	['BioGRID']	1
NEDD4	CDK5	['BioGRID']	1
NEDD4	IFITM3	['BioGRID']	1
NEDD4	EGFR	['IntAct', 'BioGRID']	2
NEDD4	IGF1R	['BioGRID']	1
NEDD4	TBK1	['BioGRID']	1
NEDD4	SQSTM1	['BioGRID']	1
NEDD4	PIP5K1C	['BioGRID']	1
NEDD4	RAC1	['BioGRID']	1
NEDD4	FYN	['BioGRID']	1
NEDD4	SNCA	['BioGRID']	1
NEDD4	EZR	['BioGRID']	1
NEDD4	ARRB2	['BioGRID']	1
NEDD4	YWHAE	['IntAct', 'BioGRID']	2
SCN9A	CRELD1	['BioPlex_293T']	1
PLPP6	PDGFRA	['IntAct', 'HuRI']	2
PLPP6	LRRC15	['BioPlex_293T']	1
PLPP6	RETREG3	['IntAct', 'HuRI']	2
PLPP6	EBP	['IntAct', 'HuRI']	2
PLPP6	CREB3L1	['IntAct', 'HuRI']	2
PLPP6	GPR182	['BioPlex_HCT116']	1
PLPP6	STX1A	['IntAct', 'HuRI']	2
PLPP6	CD79A	['IntAct', 'HuRI']	2
PLPP6	PRLR	['IntAct', 'HuRI']	2
PLPP6	FAM209A	['IntAct', 'HuRI']	2
PLPP6	COMT	['IntAct', 'HuRI']	2
PLPP6	RNF170	['IntAct', 'HuRI']	2
NCOR2	HDAC1	['IntAct', 'BioGRID']	2
NCOR2	TP53	['IntAct']	1
NCOR2	RELA	['BioGRID']	1
NCOR2	CEBPB	['BioGRID']	1
NCOR2	MYC	['BioGRID']	1
NCOR2	ESR1	['BioGRID']	1
NCOR2	AKT1	['BioGRID']	1
NCOR2	NCOR1	['BioGRID']	1
NCOR2	CHUK	['BioGRID']	1
NCOR2	ZBTB16	['BioGRID']	1
NCOR2	ESR2	['BioGRID']	1
NCOR2	PPARA	['IntAct', 'BioGRID']	2
NCOR2	WDR59	['BioPlex_HCT116']	1
NCOR2	FOXP1	['BioGRID']	1
NCOR2	NR1H2	['BioGRID']	1
COPB2	PRKN	['BioGRID']	1
COPB2	CANX	['BioGRID']	1
COPB2	PRKCE	['BioGRID']	1
COPB2	COPB1	['BioGRID']	1
COPB2	RGS4	['BioGRID']	1
LGI1	SKP2	['BioPlex_293T']	1
LGI1	LRP5	['BioPlex_293T']	1
LGI1	STK39	['BioPlex_293T']	1
LGI1	TOR3A	['BioPlex_293T']	1
LGI1	ANKLE2	['BioPlex_293T']	1
LGI1	CAMK4	['BioPlex_293T']	1
SLC31A1	CISD2	['BioPlex_293T']	1
SLC31A1	STX7	['BioPlex_293T', 'BioPlex_HCT116']	2
SLC31A1	PIK3R1	['BioPlex_293T']	1
SLC31A1	ARRB2	['BioPlex_293T']	1
SLC31A1	DLG1	['BioPlex_293T', 'BioPlex_HCT116']	2
SLC31A1	CD320	['BioPlex_293T']	1
SLC31A1	SLC30A1	['BioPlex_293T']	1
SLC31A1	SLC12A7	['BioPlex_293T']	1
SLC31A1	PTPRD	['BioPlex_293T']	1
SLC31A1	IL1RAP	['BioPlex_293T']	1
DICER1	ALOX5	['BioGRID']	1
DICER1	DIPK1A	['BioPlex_293T']	1
UBQLN2	LCN1	['IntAct', 'HuRI']	2
UBQLN2	PSMA5	['BioGRID']	1
UBQLN2	PPIB	['IntAct', 'HuRI']	2
UBQLN2	AGR2	['IntAct', 'HuRI']	2
UBQLN2	PSMD7	['BioGRID']	1
UBQLN2	SGTA	['IntAct', 'BioGRID', 'HuRI']	3
UBQLN2	LCN2	['IntAct', 'HuRI']	2
UBQLN2	CTDNEP1	['IntAct', 'HuRI']	2
UBQLN2	HSPA1B	['BioGRID']	1
UBQLN2	UBQLN4	['BioGRID']	1
UBQLN2	PTGDS	['IntAct', 'HuRI']	2
UBQLN2	TBK1	['BioGRID']	1
UBQLN2	VIP	['IntAct', 'HuRI']	2
UBQLN2	CST4	['IntAct', 'HuRI']	2
UBQLN2	SQSTM1	['BioGRID']	1
UBQLN2	MAPK1	['BioGRID']	1
UBQLN2	KLHL42	['IntAct', 'HuRI']	2
UBQLN2	GAL	['IntAct', 'HuRI']	2
UBQLN2	HSPA8	['BioGRID']	1
UBQLN2	ZG16B	['IntAct']	1
UBQLN2	AP2M1	['BioGRID']	1
UBQLN2	CANX	['BioGRID']	1
UBQLN2	UBC	['IntAct', 'BioGRID']	2
UBQLN2	HGS	['IntAct', 'BioGRID', 'HuRI']	3
UBQLN2	HTT	['IntAct']	1
UBQLN2	OR6T1	['BioPlex_293T']	1
UBQLN2	VTN	['IntAct', 'HuRI']	2
UBQLN2	BAG6	['IntAct', 'BioGRID', 'HuRI']	3
UBQLN2	NPY	['IntAct', 'HuRI']	2
AGTR1	CAV1	['BioPlex_293T']	1
AGTR1	CERS6	['IntAct', 'BioGRID']	2
AGTR1	ACE2	['BioGRID']	1
AGTR1	ARRB2	['BioGRID']	1
AGTR1	APLNR	['IntAct']	1
AGTR1	ATP2B4	['BioPlex_293T']	1
AGTR1	ATP2B3	['BioPlex_293T']	1
AGTR1	PTGFR	['BioGRID']	1
AGTR1	BDKRB2	['BioGRID']	1
CACNA2D1	CLGN	['BioPlex_293T']	1
CACNA2D1	FBXO2	['BioPlex_293T']	1
CACNA2D1	GPM6A	['BioPlex_293T']	1
CACNA2D1	CEACAM8	['BioPlex_293T']	1
CACNA2D1	BRICD5	['BioPlex_293T']	1
CACNA2D1	LMAN2L	['BioPlex_293T']	1
CACNA2D1	DIPK1A	['BioPlex_293T']	1
DCDC2	TOLLIP	['IntAct', 'HuRI']	2
DCDC2	FTL	['BioPlex_293T']	1
OPRK1	GABARAPL1	['IntAct', 'BioGRID']	2
OPRK1	NHERF1	['BioGRID']	1
OPRK1	APLNR	['IntAct']	1
OPRK1	NKG7	['IntAct', 'HuRI']	2
FYN	FN1	['IntAct']	1
FYN	RNF31	['BioPlex_HCT116']	1
FYN	JAK1	['IntAct']	1
FYN	APP	['IntAct']	1
FYN	MAPT	['IntAct', 'BioGRID']	2
FYN	DNM2	['IntAct']	1
FYN	NTRK2	['BioGRID']	1
FYN	CAV1	['BioGRID']	1
FYN	KLF11	['IntAct']	1
FYN	MEOX2	['HuRI']	1
FYN	BDNF	['IntAct']	1
FYN	CTNNA3	['BioPlex_HCT116']	1
FYN	SDCBP	['IntAct', 'BioPlex_293T']	2
FYN	HTT	['IntAct']	1
FYN	SIAH1	['BioPlex_HCT116']	1
FYN	RNF149	['BioPlex_293T', 'BioGRID']	2
FYN	CDC37	['IntAct', 'BioPlex_293T', 'BioGRID']	3
FYN	AKT1	['IntAct']	1
FYN	GAPDH	['IntAct']	1
FYN	CTNNB1	['BioGRID']	1
FYN	GRIN2A	['BioGRID']	1
FYN	ANAPC16	['BioPlex_HCT116']	1
FYN	APLP2	['IntAct']	1
FYN	BAG6	['IntAct']	1
FYN	GFAP	['IntAct']	1
FYN	PRKACA	['BioGRID']	1
FYN	HSP90AB1	['IntAct', 'BioGRID']	2
FYN	PIK3R1	['BioGRID']	1
FYN	JAK2	['BioGRID']	1
FYN	TNFRSF10B	['BioPlex_293T']	1
FYN	HSP90AA1	['IntAct', 'BioPlex_293T', 'BioGRID']	3
FYN	RIMS1	['IntAct']	1
FYN	SNCA	['IntAct', 'BioGRID']	2
FYN	PTPN11	['BioGRID']	1
FYN	GRIN2B	['BioGRID']	1
FYN	IFITM3	['BioGRID']	1
FYN	RACK1	['BioGRID']	1
FYN	VAV1	['BioGRID']	1
FYN	ENO1	['BioGRID']	1
DLG2	DLG3	['BioPlex_293T']	1
DLG2	VTN	['IntAct', 'HuRI']	2
DLG2	GRIN2B	['BioGRID']	1
PSMD7	LRRC15	['BioPlex_293T']	1
PSMD7	PRKN	['BioGRID']	1
PSMD7	HTT	['IntAct']	1
PSMD7	UBC	['BioGRID']	1
PSMD7	MYC	['BioGRID']	1
PSMD7	TRAF6	['IntAct']	1
PSMD7	PSMA5	['BioGRID']	1
SMPD2	EDNRA	['BioPlex_293T', 'BioPlex_HCT116']	2
SMPD2	HARS2	['BioPlex_HCT116']	1
SMPD2	HLA-DRA	['BioPlex_HCT116']	1
SMPD2	TTYH1	['BioPlex_293T']	1
SMPD2	ZDHHC12	['BioPlex_293T']	1
SMPD2	GAD2	['IntAct', 'HuRI']	2
SMPD2	SH3GLB1	['IntAct']	1
SMPD2	GRIN2A	['BioPlex_293T']	1
SMPD2	RXFP1	['BioPlex_293T']	1
SMPD2	TTMP	['BioPlex_293T']	1
SMPD2	TMEM14B	['IntAct', 'HuRI']	2
TXNDC15	CERS6	['BioPlex_293T']	1
TXNDC15	CLGN	['BioPlex_293T']	1
TXNDC15	FBXO2	['BioPlex_293T']	1
TXNDC15	ASPH	['IntAct', 'HuRI']	2
TXNDC15	ATP2B3	['BioPlex_293T']	1
TXNDC15	DIPK1A	['BioPlex_293T']	1
TXNDC15	IL17A	['BioPlex_293T']	1
TXNDC15	MARCHF6	['BioPlex_293T', 'BioGRID']	2
GPR55	RUSF1	['BioPlex_HCT116']	1
GPR55	ATP1A3	['BioPlex_HCT116']	1
GPR55	ARRB2	['BioPlex_293T']	1
GPR55	TUBB8	['BioPlex_HCT116']	1
GPR55	PTDSS2	['BioPlex_HCT116']	1
GPR55	TM9SF4	['BioPlex_HCT116']	1
GPR55	FANCD2	['BioPlex_HCT116']	1
GPR55	LGALS3	['BioPlex_293T']	1
GPR55	TMEM201	['BioPlex_HCT116']	1
DTNB	TRAF2	['IntAct', 'HuRI']	2
DTNB	PICK1	['IntAct', 'HuRI']	2
DTNB	KRT40	['IntAct', 'HuRI']	2
DTNB	DTNBP1	['IntAct', 'BioGRID', 'HuRI']	3
DTNB	CTNNAL1	['IntAct']	1
DTNB	SNTA1	['BioPlex_293T', 'BioGRID']	2
DTNB	SNTB1	['BioPlex_293T', 'BioGRID']	2
DTNB	PRKAR1B	['IntAct', 'HuRI']	2
DTNB	NOS1	['BioPlex_293T']	1
DTNB	UTRN	['IntAct', 'BioPlex_293T', 'BioGRID']	3
DTNB	MTUS2	['IntAct', 'HuRI']	2
DTNB	CTBP2	['IntAct', 'HuRI']	2
DTNB	SNTB2	['BioPlex_293T', 'BioPlex_HCT116', 'BioGRID']	3
TLE5	RNF31	['IntAct']	1
TLE5	NOTCH2NLC	['IntAct']	1
TLE5	TRAF2	['IntAct', 'HuRI']	2
TLE5	HNRNPK	['IntAct', 'HuRI']	2
TLE5	REL	['IntAct', 'HuRI']	2
TLE5	SKP2	['BioGRID']	1
TLE5	KRTAP10-7	['IntAct', 'HuRI']	2
TLE5	GFAP	['IntAct', 'HuRI']	2
TLE5	HGS	['IntAct', 'BioGRID', 'HuRI']	3
TLE5	HTT	['IntAct']	1
TLE5	P4HA3	['IntAct', 'HuRI']	2
TLE5	FOSB	['IntAct', 'HuRI']	2
TLE5	MDFI	['IntAct', 'HuRI']	2
TLE5	HOXA1	['IntAct', 'HuRI']	2
TLE5	ZBTB16	['IntAct', 'HuRI']	2
TLE5	CTBP2	['IntAct', 'HuRI']	2
TLE5	MKRN3	['IntAct', 'HuRI']	2
TLE5	KRTAP10-8	['IntAct', 'HuRI']	2
TLE5	SPG21	['IntAct', 'HuRI']	2
TLE5	CSNK2A1	['IntAct', 'HuRI']	2
TLE5	MTUS2	['IntAct', 'HuRI']	2
TLE5	PICK1	['IntAct', 'HuRI']	2
TLE5	UBXN6	['BioPlex_HCT116']	1
TLE5	NOTCH2NLA	['IntAct', 'HuRI']	2
TLE5	AGR2	['IntAct', 'HuRI']	2
TLE5	GOLGA2	['IntAct']	1
TLE5	FOXN1	['IntAct', 'HuRI']	2
TLE5	TRIP6	['IntAct', 'HuRI']	2
TLE5	PRKAA2	['IntAct', 'HuRI']	2
TLE5	SMAD3	['IntAct', 'HuRI']	2
TLE5	KDM1A	['IntAct', 'HuRI']	2
TLE5	KRT34	['IntAct', 'HuRI']	2
TLE5	MAPK1	['IntAct', 'HuRI']	2
TLE5	KRT40	['IntAct', 'HuRI']	2
TLE5	RELA	['BioGRID']	1
TLE5	SDCBP	['IntAct', 'HuRI']	2
TLE5	NEK6	['IntAct', 'HuRI']	2
CYBC1	CISD2	['IntAct', 'HuRI']	2
CYBC1	GJA8	['IntAct', 'HuRI']	2
CYBC1	CYBB	['IntAct', 'HuRI']	2
CYBC1	LXN	['IntAct', 'HuRI']	2
CYBC1	INSIG2	['IntAct', 'HuRI']	2
CYBC1	MFF	['IntAct', 'HuRI']	2
CYBC1	CREB3L1	['HuRI']	1
CYBC1	ERGIC3	['IntAct', 'HuRI']	2
CYBC1	P2RX4	['BioPlex_293T', 'BioPlex_HCT116']	2
CYBC1	BET1	['IntAct', 'HuRI']	2
CYBC1	TMPRSS2	['IntAct', 'HuRI']	2
CYBC1	TMX2	['IntAct', 'HuRI']	2
CYBC1	JAGN1	['IntAct', 'HuRI']	2
CYBC1	GPR152	['IntAct', 'HuRI']	2
CYBC1	CREB3	['IntAct', 'HuRI']	2
CYBC1	FAM209A	['IntAct', 'HuRI']	2
AP2M1	SPECC1L	['BioPlex_293T']	1
AP2M1	CLTC	['BioGRID']	1
AP2M1	PRKN	['BioGRID']	1
AP2M1	CCNF	['BioGRID']	1
AP2M1	HSPA1B	['BioGRID']	1
AP2M1	HSPA8	['BioGRID']	1
AP2M1	EGFR	['IntAct', 'BioGRID']	2
AP2M1	AQP4	['BioGRID']	1
AP2M1	PER1	['BioPlex_293T', 'BioPlex_HCT116']	2
AP2M1	BCR	['BioPlex_293T', 'BioGRID']	2
AP2M1	UBC	['BioGRID']	1
AP2M1	PRKAR1B	['BioPlex_293T']	1
AP2M1	ACE2	['BioGRID']	1
AP2M1	PEX5	['BioPlex_293T', 'BioPlex_HCT116']	2
AP2M1	GLP1R	['BioGRID']	1
AP2M1	ANKRD28	['BioPlex_293T', 'BioGRID']	2
AP2M1	SHC1	['BioGRID']	1
AP2M1	MYC	['BioGRID']	1
PRKCB	RNF31	['BioGRID']	1
PRKCB	CLTC	['BioGRID']	1
PRKCB	MAPT	['BioGRID']	1
PRKCB	KDM1A	['IntAct']	1
PRKCB	PRKCA	['BioPlex_293T', 'BioGRID']	2
PRKCB	AKT1	['IntAct', 'BioGRID']	2
PRKCB	ARRB2	['BioGRID']	1
PRKCB	RACK1	['BioGRID']	1
PRKCB	MDM2	['BioGRID']	1
PRKCB	RDH14	['BioPlex_293T']	1
PRKCB	GRK2	['BioGRID']	1
IL6	IL6ST	['IntAct']	1
IL6	SORL1	['IntAct']	1
IL6	ZBTB16	['IntAct']	1
IL6	IL6R	['IntAct', 'BioGRID']	2
RXRB	PICK1	['IntAct', 'HuRI']	2
RXRB	KRT40	['IntAct', 'HuRI']	2
RXRB	SIAH1	['IntAct', 'HuRI']	2
RXRB	GOLGA2	['IntAct']	1
RXRB	TFCP2	['IntAct', 'HuRI']	2
RXRB	CACNA1B	['IntAct']	1
RXRB	NR1H2	['BioGRID', 'HuRI']	2
ADAMTSL4	CTSB	['IntAct']	1
ADAMTSL4	PMP22	['IntAct']	1
ADAMTSL4	KCTD9	['IntAct', 'HuRI']	2
ADAMTSL4	CST2	['IntAct', 'HuRI']	2
ADAMTSL4	HSPB1	['IntAct']	1
ADAMTSL4	CASP6	['IntAct']	1
ADAMTSL4	LNX1	['IntAct', 'HuRI']	2
ADAMTSL4	KLHL38	['IntAct', 'HuRI']	2
ADAMTSL4	ITGB4	['IntAct', 'HuRI']	2
ADAMTSL4	TRIP6	['IntAct', 'HuRI']	2
ADAMTSL4	BDNF	['IntAct']	1
ADAMTSL4	GSN	['IntAct']	1
ADAMTSL4	AQP1	['IntAct', 'HuRI']	2
ADAMTSL4	MKRN3	['IntAct', 'HuRI']	2
ADAMTSL4	GRIN2C	['IntAct']	1
ADAMTSL4	NTF4	['IntAct', 'HuRI']	2
ADAMTSL4	GAPDH	['IntAct']	1
ADAMTSL4	HOXA1	['IntAct', 'HuRI']	2
ADAMTSL4	AKT1	['IntAct']	1
ADAMTSL4	KRTAP10-8	['IntAct', 'HuRI']	2
ADAMTSL4	HSP90AA1	['IntAct']	1
ADAMTSL4	PTGER3	['IntAct']	1
ADAMTSL4	NOTCH2NLC	['IntAct']	1
ADAMTSL4	NOTCH2NLA	['HuRI']	1
TTYH1	RETREG3	['BioPlex_293T']	1
TTYH1	STX7	['BioPlex_293T']	1
TTYH1	SNX14	['BioPlex_293T']	1
TTYH1	TRPM4	['BioPlex_293T']	1
TTYH1	ATP2A3	['BioPlex_293T']	1
TTYH1	SLC4A2	['BioPlex_293T']	1
TTYH1	PDZD8	['BioPlex_293T']	1
TTYH1	RNF149	['BioPlex_293T']	1
TTYH1	SLC12A6	['BioPlex_293T']	1
TTYH1	EBP	['BioPlex_293T']	1
TTYH1	ADGRL1	['BioPlex_293T']	1
TTYH1	GOLM1	['BioPlex_293T']	1
TTYH1	LPAR1	['BioPlex_293T']	1
TTYH1	MANEA	['BioPlex_293T']	1
TTYH1	GOLGA5	['BioPlex_293T']	1
TTYH1	FITM2	['BioPlex_293T']	1
TTYH1	PCNX3	['BioPlex_293T']	1
TTYH1	CCDC167	['BioPlex_293T']	1
TTYH1	BET1	['BioPlex_293T']	1
TTYH1	LEMD2	['BioPlex_293T']	1
TTYH1	LPAR3	['BioPlex_293T']	1
TTYH1	SLC30A1	['BioPlex_293T']	1
TTYH1	SLC12A2	['BioPlex_293T']	1
TTYH1	SH3GLB1	['IntAct']	1
TTYH1	PDE3B	['BioPlex_293T']	1
TTYH1	GPR37	['IntAct', 'BioGRID']	2
TTYH1	ATP2B4	['BioPlex_293T']	1
TTYH1	TMEM63B	['BioPlex_293T']	1
TTYH1	DHRS7	['BioPlex_293T']	1
TTYH1	KCNJ11	['BioPlex_293T']	1
TTYH1	HCN2	['BioPlex_293T']	1
TTYH1	CERS6	['BioPlex_293T']	1
TTYH1	SLC12A7	['BioPlex_293T']	1
TTYH1	C1orf43	['BioPlex_293T']	1
TTYH1	TMEM120B	['BioPlex_293T']	1
TTYH1	ABCB1	['BioPlex_293T']	1
TTYH1	GLRB	['BioPlex_293T']	1
TTYH1	STX5	['BioPlex_293T']	1
TTYH1	OMA1	['BioPlex_293T']	1
TTYH1	GPR89A	['BioPlex_293T']	1
TTYH1	EFNB1	['BioPlex_293T']	1
C1QBP	MAPT	['BioGRID']	1
C1QBP	PRKN	['BioGRID']	1
C1QBP	VTN	['IntAct', 'BioPlex_293T']	2
C1QBP	PRKCA	['BioGRID']	1
C1QBP	UBC	['BioGRID']	1
C1QBP	MYC	['BioGRID']	1
C1QBP	HSPA8	['BioGRID']	1
C1QBP	ZNF747	['BioPlex_HCT116']	1
C1QBP	NEUROG3	['BioPlex_293T', 'BioPlex_HCT116', 'BioGRID']	3
C1QBP	ATP5F1A	['BioGRID']	1
C1QBP	OSM	['BioPlex_293T', 'BioPlex_HCT116']	2
C1QBP	YWHAE	['BioGRID']	1
C1QBP	CDKN2A	['IntAct']	1
TOLLIP	CLTC	['BioGRID']	1
TOLLIP	PRKN	['IntAct', 'BioGRID']	2
TOLLIP	CCNF	['BioGRID']	1
TOLLIP	IL1RAP	['BioGRID']	1
TOLLIP	SIAH1	['HuRI']	1
TOLLIP	TRAF6	['BioGRID']	1
TOLLIP	TLR4	['BioGRID']	1
TOLLIP	ACTN2	['IntAct']	1
TOLLIP	SQSTM1	['BioGRID']	1
TOLLIP	TLR2	['BioGRID']	1
TOLLIP	RNF167	['BioGRID']	1
TOLLIP	RNF149	['BioGRID']	1
TOLLIP	SNCA	['IntAct']	1
TOLLIP	IRAK1	['BioGRID']	1
TOLLIP	DAB1	['IntAct', 'HuRI']	2
TOLLIP	UBC	['BioGRID']	1
FAM209A	RUSF1	['IntAct', 'HuRI']	2
FAM209A	APOD	['IntAct', 'HuRI']	2
FAM209A	BDNF	['IntAct', 'HuRI']	2
FAM209A	TMEM14B	['IntAct', 'HuRI']	2
FAM209A	EBP	['IntAct', 'HuRI']	2
FAM209A	FATE1	['IntAct', 'HuRI']	2
FAM209A	FCER1G	['HuRI']	1
FAM209A	MFF	['IntAct', 'HuRI']	2
FAM209A	AQP1	['IntAct', 'HuRI']	2
FAM209A	SEC22A	['IntAct', 'HuRI']	2
FAM209A	TTMP	['IntAct', 'HuRI']	2
FAM209A	S100A2	['IntAct', 'HuRI']	2
FAM209A	PMP22	['IntAct', 'HuRI']	2
FAM209A	LPAR3	['IntAct', 'HuRI']	2
FAM209A	INSIG2	['IntAct', 'HuRI']	2
FAM209A	MAL	['IntAct', 'HuRI']	2
FAM209A	STX5	['IntAct', 'HuRI']	2
FAM209A	CLDN19	['IntAct', 'HuRI']	2
FAM209A	JAGN1	['IntAct', 'HuRI']	2
FAM209A	COMT	['IntAct', 'HuRI']	2
FAM209A	GYPA	['IntAct', 'HuRI']	2
FAM209A	BET1	['IntAct', 'HuRI']	2
FAM209A	YIPF6	['IntAct', 'HuRI']	2
FAM209A	TNF	['IntAct', 'HuRI']	2
FAM209A	FAM3C	['IntAct', 'HuRI']	2
KCND2	KCNIP3	['BioGRID']	1
KCND2	HSPA8	['BioPlex_293T']	1
KCND2	KCTD17	['BioPlex_293T']	1
MTUS1	STX7	['IntAct', 'HuRI']	2
MTUS1	HTT	['IntAct']	1
MTUS1	MTUS2	['BioPlex_293T', 'BioPlex_HCT116']	2
MTUS1	AGTR2	['BioGRID']	1
MTUS1	STX5	['IntAct', 'HuRI']	2
MTUS1	FTL	['BioPlex_HCT116']	1
PTPA	MAPT	['BioGRID']	1
PTPA	SPG21	['IntAct', 'HuRI']	2
PTPA	AKT1	['BioGRID']	1
PTPA	NOS3	['BioGRID']	1
PTPA	CYLD	['BioGRID']	1
PROK2	POTEF	['BioPlex_HCT116']	1
PROK2	APLP2	['BioPlex_293T']	1
PROK2	POF1B	['BioPlex_293T']	1
PROK2	TMOD1	['BioPlex_HCT116']	1
KCNIP3	APP	['IntAct']	1
KCNIP3	IGF1R	['IntAct', 'HuRI']	2
KCNIP3	GRK2	['BioGRID']	1
KCNIP3	ASPH	['IntAct', 'HuRI']	2
KCNIP3	IL6ST	['IntAct', 'HuRI']	2
KCNIP3	CTBP2	['BioGRID']	1
POR	CANX	['BioGRID']	1
POR	UBXN6	['BioPlex_293T', 'BioGRID']	2
RNF149	JAK1	['BioPlex_293T']	1
RNF149	EDAR	['BioPlex_293T']	1
RNF149	SDCBP	['BioPlex_293T', 'BioGRID']	2
RNF149	RET	['BioPlex_HCT116']	1
RNF149	SLC20A2	['BioPlex_293T']	1
RNF149	TGFBR2	['BioPlex_293T']	1
RNF149	LMAN2L	['BioPlex_293T']	1
RNF149	IFNGR1	['BioPlex_293T']	1
RNF149	GOLGA5	['BioPlex_293T']	1
RNF149	CANX	['BioGRID']	1
RNF149	ZDHHC12	['BioPlex_HCT116']	1
RNF149	MFAP3	['BioPlex_293T']	1
RNF149	TNFRSF10B	['BioPlex_293T']	1
RNF149	CD3E	['BioPlex_HCT116']	1
RNF149	SLC12A2	['BioPlex_293T', 'BioGRID']	2
RNF149	RBM25	['BioPlex_293T']	1
RNF149	ATP2B4	['BioPlex_293T']	1
RNF149	NR2F2	['BioPlex_293T']	1
RNF149	TUBB1	['BioPlex_293T']	1
RNF149	GPM6A	['BioPlex_HCT116']	1
RNF149	NRSN1	['BioPlex_293T']	1
LRRC15	FSTL1	['BioPlex_HCT116']	1
LRRC15	DRD3	['BioPlex_HCT116']	1
LRRC15	RYK	['BioPlex_HCT116']	1
LRRC15	DTNBP1	['BioPlex_HCT116']	1
LRRC15	CACNB3	['BioPlex_HCT116']	1
BRK1	PRKN	['IntAct']	1
BRK1	PMP22	['IntAct']	1
BRK1	DNM2	['IntAct']	1
BRK1	KLF11	['IntAct']	1
BRK1	HTT	['IntAct']	1
BRK1	DTNBP1	['IntAct', 'BioPlex_293T', 'BioGRID', 'HuRI']	4
BRK1	UCHL1	['IntAct']	1
BRK1	BAG6	['IntAct']	1
BRK1	A2M	['IntAct']	1
BRK1	GFAP	['IntAct']	1
BRK1	SNCA	['IntAct']	1
BRK1	WASHC3	['BioPlex_293T', 'BioPlex_HCT116']	2
BRK1	DISC1	['BioPlex_293T']	1
BRK1	TNIP1	['BioPlex_293T', 'BioPlex_HCT116']	2
BRK1	DBH	['IntAct']	1
BRK1	PER1	['IntAct']	1
BRK1	BRI3BP	['BioPlex_HCT116']	1
BRK1	DTNA	['BioPlex_293T']	1
BRK1	P2RY2	['IntAct']	1
SLC12A6	STK39	['IntAct']	1
SLC12A6	LGALS1	['BioPlex_293T']	1
SLC12A6	LGALS9C	['BioPlex_293T']	1
SLC12A6	LGALS9B	['BioPlex_293T', 'BioPlex_HCT116']	2
SLC12A6	CLGN	['BioPlex_293T', 'BioGRID']	2
SLC12A6	LGALS3	['BioPlex_293T', 'BioPlex_HCT116', 'BioGRID']	3
SLC12A6	ZDHHC12	['BioPlex_293T']	1
SLC12A6	PTGIR	['BioPlex_293T']	1
SLC12A6	RXFP1	['BioPlex_293T']	1
SLC12A6	TTMP	['BioPlex_293T']	1
GNAQ	GPM6A	['BioPlex_293T']	1
GNAQ	ARRB1	['IntAct']	1
GNAQ	CYTH2	['BioGRID']	1
GNAQ	RGS4	['BioGRID']	1
GNAQ	PLCB1	['BioGRID']	1
GNAQ	GRK2	['BioGRID']	1
GNAQ	TBXA2R	['BioGRID']	1
CRYAA	SPG21	['IntAct', 'HuRI']	2
CRYAA	KDM1A	['BioPlex_293T']	1
CRYAA	SDCBP	['IntAct', 'HuRI']	2
CRYAA	HTT	['IntAct']	1
CRYAA	HSPB1	['IntAct', 'BioPlex_293T', 'BioPlex_HCT116', 'BioGRID']	4
CRYAA	NSF	['BioPlex_HCT116']	1
CRYAA	LGALS9C	['IntAct']	1
CRYAA	ARFGAP3	['IntAct']	1
CRYAA	PTTG1IP	['IntAct']	1
CCR2	POTEE	['IntAct', 'BioPlex_293T']	2
LNX1	TAX1BP1	['IntAct', 'HuRI']	2
LNX1	HTT	['IntAct']	1
LNX1	NOTCH2NLA	['IntAct', 'HuRI']	2
LNX1	PRKN	['IntAct']	1
LNX1	PPIA	['IntAct', 'HuRI']	2
LNX1	CEP70	['IntAct', 'HuRI']	2
LNX1	CEP76	['IntAct', 'HuRI']	2
LNX1	GFAP	['IntAct']	1
LNX1	RABAC1	['BioGRID', 'HuRI']	2
LNX1	ACTN1	['IntAct', 'HuRI']	2
LNX1	DTX2	['IntAct', 'HuRI']	2
LNX1	TRIP6	['IntAct', 'HuRI']	2
LNX1	KXD1	['IntAct', 'HuRI']	2
LNX1	TRAF2	['IntAct', 'HuRI']	2
LNX1	MEOX2	['IntAct']	1
LNX1	DDIT3	['IntAct', 'HuRI']	2
LNX1	NEK6	['IntAct', 'HuRI']	2
LNX1	CDA	['IntAct', 'HuRI']	2
LNX1	KPRP	['IntAct', 'HuRI']	2
LNX1	TRIM68	['IntAct', 'HuRI']	2
LNX1	YWHAZ	['IntAct', 'HuRI']	2
LNX1	KCTD17	['IntAct', 'HuRI']	2
LNX1	HOXA1	['IntAct', 'HuRI']	2
LNX1	A2M	['IntAct']	1
LNX1	MSC	['IntAct', 'HuRI']	2
LNX1	TRIM21	['IntAct', 'HuRI']	2
LNX1	KRTAP10-8	['IntAct', 'HuRI']	2
LNX1	CMTM5	['IntAct', 'HuRI']	2
LNX1	TRAF6	['IntAct', 'HuRI']	2
LNX1	KCTD9	['IntAct', 'HuRI']	2
LNX1	NOTCH2NLC	['IntAct']	1
LNX1	SNCA	['IntAct']	1
LNX1	NECAB2	['IntAct', 'HuRI']	2
LNX1	TP53	['BioGRID']	1
LNX1	RGS20	['IntAct', 'HuRI']	2
LNX1	GRIN1	['BioGRID']	1
LNX1	CASP6	['IntAct', 'HuRI']	2
LNX1	TNFAIP3	['IntAct', 'HuRI']	2
LNX1	PTPN11	['IntAct']	1
LNX1	DAB1	['IntAct', 'HuRI']	2
LNX1	SPG21	['IntAct', 'HuRI']	2
LNX1	MTUS2	['IntAct', 'HuRI']	2
LNX1	PDE3B	['IntAct', 'HuRI']	2
LNX1	PRKAR1B	['IntAct', 'HuRI']	2
NOS2	CAV1	['BioGRID']	1
NOS2	GAPDH	['IntAct']	1
NOS2	SPSB4	['BioGRID']	1
NOS2	HSP90AA1	['BioGRID']	1
NOS2	FBXO45	['BioGRID']	1
NOS2	NOS1	['BioPlex_293T']	1
HCN1	TGM1	['BioPlex_293T']	1
HCN1	PEX5	['BioPlex_293T']	1
HCN1	LGALS3	['BioPlex_293T']	1
HCN1	HBB	['BioPlex_293T']	1
HCN1	KLK10	['BioPlex_293T']	1
HCN1	FGG	['BioPlex_293T']	1
HCN1	POF1B	['BioPlex_293T']	1
HCN1	HCN2	['BioGRID']	1
HCN1	HCN4	['IntAct', 'BioPlex_293T', 'BioGRID']	3
HCN1	LCN2	['BioPlex_293T']	1
PDE3B	EDAR	['BioPlex_293T']	1
PDE3B	ZDHHC12	['BioPlex_293T']	1
PDE3B	AKT1	['BioPlex_HCT116']	1
PDE3B	GRIN2A	['BioPlex_293T']	1
PDE3B	TTMP	['BioPlex_293T']	1
PDE3B	RNF170	['BioPlex_293T']	1
PDE3B	PIK3CG	['IntAct']	1
SNTA1	NOS1	['BioPlex_293T', 'BioGRID']	2
SNTA1	UTRN	['BioGRID']	1
SNTA1	SNTB2	['BioPlex_293T', 'BioPlex_HCT116']	2
SNTA1	DTNA	['BioGRID']	1
SNTA1	ADRA1D	['IntAct']	1
PRKN	ACTB	['BioGRID']	1
PRKN	HDAC1	['BioGRID']	1
PRKN	APP	['IntAct', 'BioGRID']	2
PRKN	YWHAG	['BioGRID']	1
PRKN	CLTC	['BioGRID']	1
PRKN	GSN	['IntAct']	1
PRKN	TP53	['BioGRID']	1
PRKN	TUBA1A	['BioGRID']	1
PRKN	MAPT	['IntAct', 'BioGRID']	2
PRKN	TRAF2	['BioGRID']	1
PRKN	HSPA1B	['BioGRID']	1
PRKN	HNRNPK	['BioGRID']	1
PRKN	CUL4A	['BioGRID']	1
PRKN	REL	['BioGRID']	1
PRKN	ELAVL1	['BioGRID']	1
PRKN	UBAC2	['IntAct']	1
PRKN	FBXW7	['BioGRID']	1
PRKN	SNCA	['IntAct', 'BioGRID']	2
PRKN	ANXA1	['BioGRID']	1
PRKN	HGS	['BioGRID']	1
PRKN	PTPN11	['BioGRID']	1
PRKN	HSPB1	['BioGRID']	1
PRKN	IQGAP1	['BioGRID']	1
PRKN	PPIA	['BioGRID']	1
PRKN	CTBP2	['BioGRID']	1
PRKN	SNTB2	['BioGRID']	1
PRKN	NSF	['BioGRID']	1
PRKN	ATP5F1A	['BioGRID']	1
PRKN	COPB1	['BioGRID']	1
PRKN	GRIN2B	['BioGRID']	1
PRKN	VTN	['BioGRID']	1
PRKN	PMPCB	['BioGRID']	1
PRKN	UBC	['BioGRID']	1
PRKN	CDC27	['BioGRID']	1
PRKN	CSK	['BioGRID']	1
PRKN	ENO1	['BioGRID']	1
PRKN	RPL15	['BioGRID']	1
PRKN	TBK1	['BioGRID']	1
PRKN	HINT1	['BioGRID']	1
PRKN	ATP5F1B	['BioGRID']	1
PRKN	GAPDH	['BioGRID']	1
PRKN	SQSTM1	['BioGRID']	1
PRKN	IRAK1	['BioGRID']	1
PRKN	SKP2	['BioGRID']	1
PRKN	CDC37	['BioGRID']	1
PRKN	RAC1	['BioGRID']	1
PRKN	TRAF6	['BioGRID']	1
PRKN	GIPC1	['BioGRID']	1
PRKN	CANX	['BioGRID']	1
PRKN	UBE2D1	['BioGRID']	1
PRKN	RBM25	['BioGRID']	1
PRKN	ARRB1	['BioGRID']	1
PRKN	BAG6	['IntAct', 'BioGRID']	2
PRKN	HARS2	['BioGRID']	1
PRKN	YWHAE	['BioGRID']	1
PRKN	GOPC	['BioGRID']	1
PRKN	HSP90AB1	['IntAct', 'BioGRID']	2
PRKN	BCL2	['BioGRID']	1
PRKN	AKT1	['BioGRID']	1
PRKN	SMAD3	['BioGRID']	1
PRKN	BECN1	['BioGRID']	1
PRKN	HSPA8	['IntAct', 'BioGRID']	2
PRKN	CSNK2A1	['BioGRID']	1
PRKN	TRIM21	['IntAct', 'BioGRID']	2
PRKN	PLCG1	['BioGRID']	1
PRKN	RNF41	['BioGRID']	1
PRKN	MAPK1	['BioGRID']	1
PRKN	YWHAZ	['BioGRID']	1
PRKN	CUL4B	['BioGRID']	1
PRKN	GNA13	['BioGRID']	1
PRKN	TAX1BP1	['BioGRID']	1
PRKN	MDM2	['BioGRID']	1
PRKN	RELA	['BioGRID']	1
PRKN	HSP90AA1	['BioGRID']	1
PRKN	ACTN1	['BioGRID']	1
PRKN	NPEPPS	['BioGRID']	1
PRKN	STAT3	['BioGRID']	1
PRKN	PSMA5	['BioGRID']	1
PRKN	GPR37	['BioGRID']	1
PRKN	PICK1	['BioGRID']	1
PRKN	UBXN6	['BioGRID']	1
PRKN	CTNNB1	['BioGRID']	1
PRKN	ACAD11	['BioGRID']	1
PRKN	DDB1	['BioGRID']	1
PRKN	PRKAA2	['BioGRID']	1
PRKN	ARRB2	['BioGRID']	1
PRKN	DYNC1I2	['BioGRID']	1
PRKN	TM9SF3	['BioGRID']	1
PRKN	PPP3CA	['BioGRID']	1
PRKN	RGS2	['IntAct', 'BioGRID']	2
PRKN	RACK1	['BioGRID']	1
PRKN	NCL	['BioGRID']	1
PRKN	PRKDC	['BioGRID']	1
PRKN	EIF2B5	['BioGRID']	1
PRKN	TBL2	['BioGRID']	1
PRKN	TRIP6	['BioGRID']	1
PRKN	UBE2O	['IntAct', 'BioGRID']	2
PRKN	FBXW11	['BioGRID']	1
PRKN	CDK5	['IntAct', 'BioGRID']	2
PRKN	USP33	['BioGRID']	1
PRKN	UCHL1	['BioGRID']	1
PRKN	FBXO22	['BioGRID']	1
PRKN	DNM2	['BioGRID']	1
PRKN	SCRIB	['BioGRID']	1
FOSB	ENKD1	['IntAct', 'HuRI']	2
TFCP2	SDCBP	['IntAct', 'HuRI']	2
TFCP2	BAG6	['IntAct', 'HuRI']	2
TFCP2	YY1	['BioGRID']	1
TFCP2	ESR2	['IntAct']	1
TFCP2	POLL	['HuRI']	1
TFCP2	PLCB1	['IntAct', 'HuRI']	2
KAT5	ACTB	['BioGRID']	1
KAT5	APP	['IntAct', 'BioGRID']	2
KAT5	TP53	['IntAct', 'BioGRID']	2
KAT5	PMP22	['IntAct']	1
KAT5	CEP70	['IntAct', 'HuRI']	2
KAT5	DNM2	['IntAct']	1
KAT5	PICK1	['IntAct', 'HuRI']	2
KAT5	MEOX2	['IntAct', 'HuRI']	2
KAT5	BDNF	['IntAct']	1
KAT5	RELA	['BioGRID']	1
KAT5	KRT40	['IntAct', 'HuRI']	2
KAT5	HTT	['IntAct']	1
KAT5	MYC	['BioGRID']	1
KAT5	ESR1	['IntAct', 'BioGRID']	2
KAT5	GAPDH	['IntAct']	1
KAT5	MDFI	['IntAct', 'HuRI']	2
KAT5	SQSTM1	['BioGRID']	1
KAT5	TAX1BP1	['IntAct', 'HuRI']	2
KAT5	EDNRA	['BioGRID']	1
KAT5	CDKN2A	['BioGRID']	1
KAT5	PRKCE	['BioGRID']	1
KAT5	MTUS2	['IntAct', 'BioGRID', 'HuRI']	3
KAT5	SIRT1	['BioGRID']	1
KAT5	CEP76	['IntAct']	1
KAT5	A2M	['IntAct']	1
KAT5	NOTCH1	['BioGRID']	1
KAT5	FANCD2	['BioGRID']	1
KAT5	HAX1	['IntAct']	1
KAT5	HSP90AA1	['IntAct']	1
KAT5	SORL1	['IntAct']	1
KAT5	DRD1	['IntAct']	1
KAT5	KCTD17	['IntAct']	1
KAT5	MDM2	['BioGRID']	1
KAT5	GOLGA2	['IntAct']	1
KAT5	ING5	['BioPlex_293T', 'BioPlex_HCT116']	2
KAT5	GNB5	['IntAct']	1
KAT5	LRP8	['IntAct']	1
LYN	APP	['IntAct']	1
LYN	HNRNPK	['BioGRID']	1
LYN	DNM2	['IntAct']	1
LYN	EGFR	['IntAct', 'BioGRID']	2
LYN	A2M	['IntAct']	1
LYN	PIK3CG	['BioGRID']	1
LYN	TRPV4	['BioGRID']	1
LYN	HSP90AA1	['BioGRID']	1
LYN	SNCA	['IntAct']	1
LYN	RHOB	['BioGRID']	1
LYN	MME	['BioGRID']	1
LYN	KIT	['BioGRID']	1
LYN	IFITM3	['BioGRID']	1
LYN	HSP90AB1	['IntAct']	1
LYN	PIK3R1	['IntAct']	1
STX17	GSN	['BioPlex_293T']	1
STX17	TGM1	['BioPlex_293T']	1
STX17	FFAR1	['BioPlex_HCT116']	1
STX17	IQGAP1	['BioPlex_293T']	1
STX17	IL18	['BioPlex_293T']	1
STX17	ASPH	['BioPlex_HCT116']	1
STX17	APLNR	['BioPlex_HCT116']	1
STX17	ANXA1	['BioPlex_293T']	1
STX17	LGALS3	['BioPlex_293T']	1
STX17	KLK10	['BioPlex_293T']	1
STX17	A2M	['BioPlex_293T']	1
STX17	KPRP	['BioPlex_293T']	1
STX17	HAX1	['BioPlex_HCT116']	1
STX17	STAT3	['BioPlex_293T']	1
STX17	FGG	['BioPlex_293T']	1
STX17	LCN2	['BioPlex_293T']	1
STX17	HBB	['BioPlex_293T']	1
STX17	POF1B	['BioPlex_293T']	1
KLHL38	NOTCH2NLC	['IntAct']	1
KLHL38	MEOX2	['IntAct', 'HuRI']	2
KLHL38	KRT40	['IntAct', 'HuRI']	2
KLHL38	KRTAP10-7	['IntAct', 'HuRI']	2
KLHL38	MDFI	['IntAct', 'HuRI']	2
KLHL38	NOTCH2NLA	['IntAct', 'HuRI']	2
KLHL38	AGR2	['IntAct', 'HuRI']	2
KLHL38	RGS20	['IntAct', 'HuRI']	2
KLHL38	SLC15A2	['IntAct', 'HuRI']	2
KLHL38	KRTAP10-8	['IntAct', 'HuRI']	2
KLHL38	HSP90AB1	['IntAct']	1
KLHL38	KRT34	['IntAct', 'HuRI']	2
KLHL38	POF1B	['IntAct', 'HuRI']	2
KLHL38	ADRA2C	['IntAct', 'HuRI']	2
KLHL38	MKRN3	['IntAct', 'HuRI']	2
LEMD2	CRELD1	['BioPlex_293T']	1
LEMD2	ATP2A3	['BioPlex_293T', 'BioPlex_HCT116']	2
LEMD2	ZDHHC12	['BioPlex_293T', 'BioPlex_HCT116']	2
LEMD2	TSPAN15	['BioPlex_293T', 'BioPlex_HCT116']	2
LEMD2	HTR3A	['BioPlex_293T']	1
LEMD2	TTMP	['BioPlex_293T']	1
LEMD2	ASPH	['BioPlex_293T', 'BioPlex_HCT116']	2
LEMD2	BACE2	['BioPlex_293T']	1
LEMD2	SAAL1	['BioPlex_293T']	1
LEMD2	CHRNB4	['BioPlex_293T']	1
LEMD2	ADCY8	['BioPlex_293T']	1
ATP5F1A	CCNF	['BioGRID']	1
ATP5F1A	HSPA1B	['BioGRID']	1
ATP5F1A	HTR1B	['BioPlex_HCT116']	1
ATP5F1A	HTT	['IntAct']	1
ATP5F1A	EGFR	['BioGRID']	1
ATP5F1A	MYC	['BioGRID']	1
ATP5F1A	YWHAZ	['IntAct', 'BioGRID']	2
ATP5F1A	NTSR1	['BioPlex_293T']	1
ATP5F1A	HSPA8	['BioGRID']	1
ATP5F1A	HSPB1	['BioGRID']	1
ATP5F1A	HSP90AB1	['BioGRID']	1
ATP5F1A	ATP5F1B	['IntAct', 'BioPlex_293T', 'BioGRID', 'HuRI']	4
ATP5F1A	CYLD	['BioGRID']	1
ATP5F1A	OPRL1	['BioPlex_293T']	1
ATP5F1A	FANCD2	['BioGRID']	1
ATP5F1A	ACKR3	['BioPlex_293T', 'BioGRID']	2
ATP5F1A	TACR1	['BioPlex_293T']	1
KCNK3	COPB1	['BioGRID']	1
KCNK3	S100A10	['BioGRID']	1
PTH2	AMD1	['IntAct', 'BioPlex_293T']	2
TMEM201	CRELD1	['BioPlex_293T']	1
TMEM201	ATP2A3	['BioPlex_HCT116']	1
TMEM201	TMEM237	['IntAct', 'HuRI']	2
TMEM201	ZDHHC12	['BioPlex_HCT116']	1
TMEM201	CXCR4	['BioPlex_HCT116']	1
TMEM201	FATE1	['IntAct', 'HuRI']	2
TMEM201	TSPAN15	['BioPlex_HCT116']	1
TMEM201	GPR182	['BioPlex_HCT116']	1
TMEM201	MFF	['IntAct', 'HuRI']	2
TMEM201	TMX2	['IntAct', 'HuRI']	2
TMEM201	TTMP	['BioPlex_293T', 'BioPlex_HCT116']	2
TMEM201	GPR152	['IntAct', 'HuRI']	2
TMEM201	OS9	['BioPlex_HCT116']	1
TMEM201	APLNR	['BioPlex_HCT116']	1
TMEM201	ALK	['BioGRID']	1
TMEM201	GABRD	['BioPlex_HCT116']	1
SAAL1	EGFR	['BioPlex_293T', 'BioGRID']	2
SAAL1	PLEKHF2	['HuRI']	1
SAAL1	EFNB1	['BioPlex_293T', 'BioPlex_HCT116']	2
SAAL1	CD274	['BioPlex_293T', 'BioPlex_HCT116']	2
SAAL1	C5AR1	['BioPlex_293T']	1
SAAL1	CD40	['BioPlex_293T', 'BioPlex_HCT116']	2
SAAL1	SCN2B	['BioPlex_293T']	1
SAAL1	ABCB1	['BioPlex_293T']	1
SAAL1	P2RY2	['BioPlex_HCT116']	1
SAAL1	CTDNEP1	['BioPlex_293T']	1
SAAL1	STX5	['BioPlex_293T']	1
SAAL1	RDH14	['BioPlex_293T']	1
SAAL1	OMA1	['BioPlex_293T']	1
SAAL1	GOLM1	['BioPlex_293T']	1
SAAL1	GYPA	['BioPlex_293T']	1
SAAL1	CD4	['BioPlex_293T']	1
NOXA1	TRAF2	['IntAct', 'HuRI']	2
NOXA1	CEP70	['IntAct', 'HuRI']	2
NOXA1	REL	['IntAct', 'HuRI']	2
TNFAIP3	RNF31	['BioGRID']	1
TNFAIP3	YWHAG	['IntAct', 'BioGRID']	2
TNFAIP3	TNIP2	['IntAct', 'BioGRID']	2
TNFAIP3	TP53	['BioGRID']	1
TNFAIP3	TRAF2	['IntAct', 'BioGRID', 'HuRI']	3
TNFAIP3	UBE2D1	['BioGRID']	1
TNFAIP3	TGM1	['BioPlex_HCT116']	1
TNFAIP3	UBC	['BioGRID']	1
TNFAIP3	CEBPB	['BioGRID']	1
TNFAIP3	YWHAZ	['BioGRID']	1
TNFAIP3	SQSTM1	['BioGRID']	1
TNFAIP3	TAX1BP1	['IntAct', 'BioPlex_293T', 'BioGRID', 'HuRI']	4
TNFAIP3	YWHAE	['IntAct', 'BioGRID']	2
TNFAIP3	TRAF6	['BioGRID']	1
TNFAIP3	TBK1	['BioGRID']	1
TNFAIP3	IKBKB	['BioGRID']	1
TNFAIP3	TNFRSF1A	['BioGRID']	1
TNFAIP3	TNF	['BioGRID']	1
TNFAIP3	TNIP1	['IntAct', 'BioGRID', 'HuRI']	3
TNFAIP3	IKBKE	['BioGRID']	1
TNFAIP3	FADD	['BioGRID']	1
SPECC1L	KRT34	['BioPlex_293T']	1
SPECC1L	YWHAG	['BioPlex_293T']	1
SPECC1L	VAV1	['BioPlex_293T']	1
SPECC1L	CACNB3	['BioPlex_HCT116']	1
PTPN11	PDGFRA	['BioGRID']	1
PTPN11	JAK1	['BioGRID']	1
PTPN11	CAV1	['IntAct', 'BioGRID']	2
PTPN11	EGFR	['IntAct', 'BioGRID']	2
PTPN11	AKT1	['IntAct']	1
PTPN11	PRNP	['BioGRID']	1
PTPN11	PIK3R1	['BioGRID']	1
PTPN11	IGF1R	['IntAct', 'BioGRID']	2
PTPN11	STAT3	['BioGRID']	1
PTPN11	FBXW7	['BioGRID']	1
PTPN11	IL6ST	['BioGRID']	1
PTPN11	LGALS3	['BioPlex_293T']	1
PTPN11	LEPR	['BioGRID']	1
PTPN11	CRK	['BioGRID']	1
PTPN11	KIT	['BioGRID']	1
PTPN11	ALK	['BioGRID']	1
PTPN11	PIK3CG	['BioGRID']	1
PTPN11	CCKBR	['IntAct']	1
PTPN11	JAK2	['BioGRID']	1
PTPN11	SIRPA	['BioPlex_293T', 'BioGRID']	2
KLRC1	DNM2	['BioPlex_293T']	1
KLRC1	CXCR4	['BioPlex_293T']	1
KLRC1	CLGN	['BioPlex_HCT116']	1
KLRC1	ATP1A3	['BioPlex_293T']	1
KLRC1	POTEE	['BioPlex_293T']	1
KLRC1	EMP1	['IntAct', 'HuRI']	2
KLRC1	TTMP	['IntAct', 'HuRI']	2
KLRC1	TUBB8	['BioPlex_HCT116']	1
KLRC1	BRICD5	['IntAct', 'HuRI']	2
KLRC1	CANX	['BioPlex_HCT116']	1
KLRC1	BACE2	['BioPlex_293T']	1
KLRC1	PMP22	['IntAct', 'HuRI']	2
KLRC1	RNF167	['BioPlex_293T']	1
KLRC1	DIPK1A	['BioPlex_293T']	1
KLRC1	CDK5R1	['IntAct']	1
KLRC1	NLGN2	['BioPlex_293T']	1
KLRC1	ADAM11	['BioPlex_293T']	1
KLRC1	EIF2B4	['BioPlex_HCT116']	1
KLRC1	NKG7	['IntAct', 'HuRI']	2
KLRC1	GLRB	['BioPlex_293T']	1
KLRC1	MAL	['IntAct', 'HuRI']	2
KLRC1	OMA1	['BioPlex_293T']	1
KCNK18	PCNX3	['BioPlex_293T']	1
KCNK18	MFAP3	['BioPlex_293T']	1
KCNK18	CD320	['BioPlex_293T']	1
KCNK18	PTPRD	['BioPlex_293T']	1
KCNK18	IFNGR1	['BioPlex_293T']	1
KCNK18	CTDNEP1	['BioPlex_293T']	1
KCNK18	RABAC1	['BioPlex_293T']	1
KCNK18	OMA1	['BioPlex_293T']	1
MGRN1	UBE2D1	['BioGRID']	1
MGRN1	BTNL2	['BioPlex_HCT116']	1
MGRN1	TMEM106A	['BioPlex_HCT116']	1
MGRN1	FBXO2	['BioPlex_293T', 'BioPlex_HCT116']	2
MGRN1	HLA-DRA	['BioPlex_HCT116']	1
MGRN1	CBLN4	['BioPlex_HCT116']	1
MGRN1	SDF2L1	['BioPlex_HCT116']	1
MGRN1	LGALS1	['BioPlex_293T']	1
MGRN1	MC1R	['BioGRID']	1
VEGFA	FN1	['BioGRID']	1
VEGFA	TMEM237	['IntAct', 'HuRI']	2
VEGFA	ELAVL1	['BioGRID']	1
VEGFA	MDM2	['BioGRID']	1
VEGFA	LCN2	['IntAct', 'HuRI']	2
VEGFA	SPARC	['BioGRID']	1
UBE2O	HSPA1B	['BioGRID']	1
UBE2O	UBC	['BioGRID']	1
UBE2O	RPL15	['BioPlex_293T', 'BioPlex_HCT116', 'BioGRID']	3
UBE2O	CSNK2A2	['BioGRID']	1
UBE2O	OSM	['BioPlex_HCT116']	1
UBE2O	PRKAA2	['BioGRID']	1
ABCC3	CRELD1	['BioPlex_293T']	1
DBH	NOTCH2NLC	['IntAct']	1
DBH	HNRNPK	['IntAct']	1
DBH	NOTCH2NLA	['HuRI']	1
DBH	PIK3R1	['IntAct']	1
EPB41L1	YWHAG	['BioPlex_293T', 'BioGRID']	2
EPB41L1	RNPS1	['BioPlex_293T', 'BioPlex_HCT116']	2
EPB41L1	HTT	['IntAct']	1
EPB41L1	YWHAZ	['BioPlex_293T']	1
EPB41L1	NUFIP1	['BioPlex_293T']	1
EPB41L1	GPM6A	['BioPlex_293T']	1
EPB41L1	YWHAE	['BioPlex_293T']	1
EPB41L1	RHOB	['BioGRID']	1
EPB41L1	DRD3	['BioGRID']	1
EPB41L1	GRIA1	['BioGRID']	1
EPB41L1	ITPR1	['BioGRID']	1
SLC20A2	NRSN1	['BioPlex_293T']	1
SLC20A2	RHOB	['BioGRID']	1
SLC20A2	PTH2R	['BioPlex_293T']	1
SLC20A2	OPRL1	['BioPlex_293T']	1
SLC20A2	PTGFR	['BioPlex_293T']	1
PTPRD	EGFR	['IntAct']	1
PTPRD	FFAR1	['BioPlex_HCT116']	1
PTPRD	TGFBR2	['BioPlex_HCT116']	1
PTPRD	SCN2B	['BioPlex_293T']	1
PTPRD	LGALS1	['BioPlex_293T']	1
PTPRD	RYK	['BioPlex_293T']	1
PTPRD	IL1RAP	['BioGRID']	1
STARD13	TUBA1A	['BioGRID']	1
STARD13	TBCB	['BioGRID']	1
STARD13	TAX1BP1	['IntAct', 'BioGRID']	2
NR1H2	GSN	['IntAct']	1
NR1H2	KDM1A	['BioGRID']	1
NR1H2	NCOR1	['IntAct', 'BioGRID']	2
NR1H2	MDFI	['IntAct', 'HuRI']	2
NR1H2	NPY	['BioGRID', 'HuRI']	2
OPN3	EIF2B2	['BioPlex_293T']	1
OPN3	EIF2B5	['BioPlex_293T']	1
OPN3	EIF2B4	['BioPlex_293T']	1
OPN3	MC1R	['IntAct']	1
ITPR1	BRCA1	['BioGRID']	1
ITPR1	AKT1	['IntAct', 'BioGRID']	2
ITPR1	BECN1	['BioGRID']	1
ITPR1	BCL2	['BioGRID']	1
ITPR1	PRKG1	['BioGRID']	1
ITPR1	RNF170	['BioGRID']	1
GALR1	SNAPC5	['IntAct', 'HuRI']	2
HLA-DQB2	POTEF	['BioPlex_293T']	1
HLA-DQB2	ATE1	['BioPlex_293T']	1
DNAAF2	MAPT	['BioPlex_293T']	1
DNAAF2	STX1A	['BioPlex_293T']	1
DNAAF2	SYN2	['BioPlex_293T']	1
DNAAF2	SNCA	['BioPlex_293T']	1
DNAAF2	GRIA2	['BioPlex_293T']	1
DNAAF2	GPM6A	['BioPlex_293T']	1
DNAAF2	SYN1	['BioPlex_293T']	1
UBXN6	RNF31	['BioPlex_HCT116']	1
UBXN6	CAV1	['BioGRID']	1
UBXN6	UBC	['BioGRID']	1
UBXN6	EEF1AKMT3	['BioPlex_HCT116']	1
UBXN6	MAPK8	['BioPlex_HCT116']	1
UBXN6	CCT8L2	['BioPlex_293T']	1
UBXN6	CAMK4	['BioPlex_HCT116']	1
UBXN6	CHUK	['BioPlex_HCT116']	1
UBXN6	ANAPC1	['BioPlex_HCT116']	1
UBXN6	PER1	['BioPlex_HCT116']	1
UBXN6	CDC23	['BioPlex_HCT116']	1
UBXN6	MAP2K3	['BioPlex_HCT116']	1
UBXN6	GOLGA2	['BioPlex_HCT116']	1
UBXN6	FEM1A	['BioPlex_HCT116']	1
UBXN6	ANKLE2	['BioPlex_HCT116']	1
RNF41	MEOX2	['HuRI']	1
RNF41	CREB3	['BioPlex_293T', 'BioPlex_HCT116']	2
HDC	DTX2	['IntAct', 'HuRI']	2
BDNF	PDGFRA	['BioPlex_HCT116']	1
BDNF	RUSF1	['IntAct']	1
BDNF	APP	['IntAct']	1
BDNF	NTRK2	['BioGRID']	1
BDNF	GAL	['IntAct']	1
BDNF	AGER	['IntAct']	1
BDNF	BRICD5	['BioPlex_HCT116']	1
BDNF	LY86	['BioPlex_HCT116']	1
BDNF	GPR152	['IntAct', 'HuRI']	2
BDNF	PRKACA	['IntAct']	1
BDNF	CBLN4	['BioPlex_HCT116']	1
BDNF	NTF4	['IntAct', 'BioGRID']	2
BDNF	PRG2	['BioPlex_HCT116']	1
BDNF	CTNNB1	['IntAct']	1
BDNF	CDK5	['IntAct']	1
BDNF	FTL	['BioPlex_HCT116']	1
PRLHR	PICK1	['IntAct']	1
PTH2R	JAK1	['BioPlex_293T']	1
PTH2R	TUBA1A	['BioPlex_293T']	1
PTH2R	CERS6	['BioPlex_293T']	1
PTH2R	TMX2	['BioPlex_293T']	1
PTH2R	HSPA8	['BioPlex_293T']	1
PTH2R	TUBB8	['BioPlex_293T']	1
PTH2R	DNAJB9	['BioPlex_293T']	1
PTH2R	ULBP3	['BioPlex_293T']	1
PTH2R	PRKDC	['BioPlex_293T']	1
PTH2R	NCAM1	['BioPlex_293T']	1
PTH2R	RYK	['BioPlex_293T']	1
PTH2R	NR2F2	['BioPlex_293T']	1
PTH2R	WDR59	['BioPlex_293T']	1
GLRB	GPIHBP1	['BioPlex_293T']	1
GLRB	CHRNB4	['BioPlex_293T']	1
GLRB	MARCHF6	['BioPlex_293T']	1
GLRB	GLRA3	['BioPlex_293T']	1
NOTCH2NLC	HOXA1	['IntAct']	1
NOTCH2NLC	KPRP	['IntAct']	1
NOTCH2NLC	CST2	['IntAct']	1
NOTCH2NLC	P2RX4	['IntAct']	1
NOTCH2NLC	GLP1R	['IntAct']	1
NOTCH2NLC	AQP1	['IntAct']	1
NOTCH2NLC	IL10	['IntAct']	1
NOTCH2NLC	ITGB4	['IntAct']	1
NOTCH2NLC	HPCAL1	['IntAct']	1
NOTCH2NLC	KRTAP10-8	['IntAct']	1
RGS2	DDB1	['BioGRID']	1
RGS2	MTUS2	['IntAct', 'HuRI']	2
RGS2	HSPA8	['IntAct', 'BioGRID']	2
RGS2	PRKG1	['BioGRID']	1
RGS2	CTSB	['IntAct']	1
RGS2	MARCHF6	['IntAct']	1
RGS2	ADCY5	['BioGRID']	1
EFNB1	PDGFRA	['BioPlex_293T', 'BioPlex_HCT116']	2
EFNB1	DNAJC5	['BioGRID']	1
EFNB1	JAK1	['BioPlex_HCT116']	1
EFNB1	DNM2	['BioPlex_293T']	1
EFNB1	PICK1	['BioPlex_293T']	1
EFNB1	SDCBP	['BioGRID']	1
EFNB1	EIF2B2	['BioPlex_293T', 'BioPlex_HCT116']	2
EFNB1	TNFSF8	['BioPlex_293T', 'BioPlex_HCT116']	2
EFNB1	CXCR4	['BioPlex_293T']	1
EFNB1	TSPAN15	['BioPlex_293T', 'BioPlex_HCT116']	2
EFNB1	NRSN1	['BioPlex_293T']	1
EFNB1	TNPO3	['BioPlex_293T']	1
EFNB1	SLC12A2	['BioPlex_293T', 'BioPlex_HCT116']	2
EFNB1	RHOB	['BioGRID']	1
EFNB1	IQGAP1	['BioPlex_293T']	1
EFNB1	RYK	['BioPlex_293T']	1
EFNB1	THADA	['BioPlex_293T']	1
EFNB1	EIF2B5	['BioPlex_293T', 'BioPlex_HCT116']	2
EFNB1	EIF2B4	['BioPlex_293T']	1
EFNB1	FANCD2	['BioPlex_293T']	1
EFNB1	BRICD5	['BioPlex_293T']	1
EGR1	TP53	['BioGRID']	1
EGR1	CEBPB	['BioGRID']	1
EGR1	CTNNB1	['IntAct']	1
EGR1	CDKN2A	['IntAct', 'BioGRID']	2
EGR1	MDM2	['BioGRID']	1
PDZK1P1	BCR	['BioPlex_293T']	1
PDZK1P1	CSNK2A2	['BioPlex_293T']	1
PDZK1P1	KCTD17	['BioPlex_293T']	1
PDZK1P1	SLC6A6	['BioPlex_293T']	1
RPL15	TP53	['BioPlex_HCT116', 'BioGRID']	2
RPL15	CCNF	['BioGRID']	1
RPL15	MEOX2	['IntAct', 'HuRI']	2
RPL15	HTT	['IntAct']	1
RPL15	MYC	['BioGRID']	1
RPL15	MAP7	['BioPlex_293T']	1
RPL15	SPHK2	['BioPlex_293T']	1
RPL15	MDM2	['BioPlex_293T', 'BioPlex_HCT116', 'BioGRID']	3
RPL15	H1-4	['BioPlex_HCT116']	1
RPL15	RACK1	['IntAct', 'BioGRID']	2
RPL15	NCL	['BioGRID']	1
RPL15	ACE2	['BioGRID']	1
LGALS9C	PMP22	['IntAct']	1
LGALS9C	DNM2	['IntAct']	1
LGALS9C	KLF11	['IntAct']	1
LGALS9C	SLC4A2	['BioPlex_293T']	1
LGALS9C	CASP6	['IntAct']	1
LGALS9C	SH3GLB1	['IntAct']	1
LGALS9C	DAB1	['IntAct', 'HuRI']	2
LGALS9C	BAG6	['IntAct']	1
LGALS9C	NOS3	['IntAct']	1
LGALS9C	GFAP	['IntAct']	1
LGALS9C	BACE2	['IntAct']	1
LGALS9C	ATP2B4	['BioPlex_293T', 'BioPlex_HCT116']	2
LGALS9C	SLC12A2	['BioPlex_293T', 'BioPlex_HCT116']	2
LGALS9C	LGALS3	['BioPlex_293T']	1
LGALS9C	SLC12A7	['BioPlex_293T', 'BioPlex_HCT116']	2
SPG21	TRAF2	['IntAct', 'HuRI']	2
SPG21	CEP76	['IntAct', 'HuRI']	2
SPG21	CD4	['BioGRID']	1
SPG21	KCTD9	['IntAct', 'HuRI']	2
SPG21	RABAC1	['IntAct', 'HuRI']	2
SPG21	GNAZ	['BioPlex_293T']	1
SPG21	PRXL2A	['BioPlex_293T']	1
SPG21	GAD2	['IntAct', 'HuRI']	2
SPG21	CMTM5	['IntAct', 'HuRI']	2
SPG21	GOLGA2	['IntAct']	1
SPG21	REL	['IntAct', 'HuRI']	2
SPG21	MTUS2	['IntAct', 'HuRI']	2
SPG21	DTX2	['IntAct', 'BioGRID', 'HuRI']	3
ATP2A3	TLR3	['BioPlex_293T']	1
ATP2A3	GRIN2A	['BioPlex_293T']	1
ATP2A3	TNFSF8	['BioPlex_HCT116']	1
ATP2A3	CERS6	['BioPlex_HCT116']	1
ATP2A3	RXFP1	['BioPlex_293T']	1
ATP2A3	ANKLE2	['BioPlex_293T']	1
ATP2A3	CD40	['BioPlex_HCT116']	1
ATP2A3	GPR182	['BioPlex_HCT116']	1
ATP2A3	P2RY2	['BioPlex_HCT116']	1
ATP2A3	TGFBR2	['IntAct']	1
ATP2A3	UPK2	['BioPlex_HCT116']	1
ATP2A3	NTSR1	['BioPlex_HCT116']	1
ATP2A3	GPR89A	['BioPlex_293T']	1
ATP2A3	TSPAN15	['BioPlex_HCT116']	1
ATP2A3	FFAR1	['BioPlex_HCT116']	1
ATP2A3	TTMP	['BioPlex_293T']	1
ATP2A3	CD274	['BioPlex_HCT116']	1
ATP2A3	C5AR1	['BioPlex_HCT116']	1
ATP2A3	FAAH	['BioPlex_HCT116']	1
CX3CR1	CCDC167	['IntAct', 'HuRI']	2
FEM1A	PLCG1	['BioPlex_293T']	1
FEM1A	PTGER4	['BioGRID']	1
COMT	GSN	['IntAct']	1
COMT	KRT40	['IntAct', 'HuRI']	2
COMT	TMEM14B	['IntAct', 'HuRI']	2
COMT	CREB3L1	['IntAct', 'HuRI']	2
COMT	GPR42	['IntAct', 'HuRI']	2
COMT	GPR152	['IntAct', 'HuRI']	2
COMT	TMEM120B	['IntAct', 'HuRI']	2
COMT	S1PR3	['IntAct', 'HuRI']	2
COMT	CNR2	['IntAct', 'HuRI']	2
COMT	CDC27	['IntAct', 'HuRI']	2
FANCD2	HDAC1	['BioGRID']	1
FANCD2	BRCA1	['IntAct', 'BioGRID']	2
FANCD2	OPRM1	['BioPlex_293T']	1
FANCD2	UBC	['BioGRID']	1
FANCD2	UPK2	['BioPlex_HCT116']	1
FANCD2	EGFR	['IntAct', 'BioGRID']	2
FANCD2	MYC	['BioGRID']	1
FANCD2	ELAVL1	['BioGRID']	1
FANCD2	GPR182	['BioPlex_HCT116']	1
FANCD2	C5AR1	['BioPlex_293T']	1
FANCD2	CD40	['BioPlex_HCT116']	1
FANCD2	APLNR	['BioPlex_HCT116']	1
FANCD2	SPTAN1	['BioGRID']	1
FANCD2	P2RY2	['BioPlex_HCT116']	1
FANCD2	VAPB	['BioPlex_HCT116']	1
PRKCA	HSPA1B	['BioGRID']	1
PRKCA	IKBKB	['BioGRID']	1
PRKCA	EZR	['BioGRID']	1
PRKCA	TBXA2R	['BioGRID']	1
PRKCA	DRD1	['IntAct']	1
PRKCA	APLP2	['IntAct']	1
PRKCA	PRKCE	['IntAct']	1
PRKCA	CSNK2A2	['BioPlex_HCT116']	1
PRKCA	PIP5K1A	['BioPlex_293T']	1
PRKCA	CHUK	['BioGRID']	1
PRKCA	HSPA8	['BioGRID']	1
PRKCA	ELAVL1	['BioGRID']	1
PRKCA	EGFR	['IntAct', 'BioGRID']	2
PRKCA	SNCA	['IntAct']	1
HOXB8	KCTD9	['BioPlex_293T']	1
ZDHHC15	RUSF1	['IntAct', 'HuRI']	2
ZDHHC15	CREB3L1	['IntAct', 'HuRI']	2
ZDHHC15	GPR152	['IntAct', 'HuRI']	2
ZDHHC15	CD79A	['IntAct', 'HuRI']	2
ZDHHC15	TMEM120B	['IntAct', 'HuRI']	2
ZDHHC15	IL6ST	['BioGRID']	1
ZDHHC15	TNFRSF10B	['IntAct', 'HuRI']	2
ZDHHC15	VAPB	['IntAct', 'HuRI']	2
ZDHHC15	ERGIC3	['IntAct', 'HuRI']	2
ZDHHC15	CYP4F2	['IntAct', 'HuRI']	2
ZDHHC15	C2CD2L	['IntAct', 'HuRI']	2
ZDHHC15	TBXA2R	['HuRI']	1
ZDHHC15	PRAF2	['IntAct', 'HuRI']	2
LGALS9B	SLC4A2	['BioPlex_293T']	1
LGALS9B	LNPEP	['BioPlex_293T']	1
LGALS9B	DAB1	['IntAct', 'HuRI']	2
LGALS9B	MFAP3	['BioPlex_293T']	1
LGALS9B	ATP2B4	['BioPlex_293T', 'BioPlex_HCT116']	2
LGALS9B	SLC12A2	['BioPlex_293T']	1
LGALS9B	ABCB1	['BioPlex_293T']	1
LGALS9B	ATP2B3	['BioPlex_293T']	1
LGALS9B	SLC12A7	['BioPlex_293T', 'BioPlex_HCT116']	2
LGALS9B	SLC30A1	['BioPlex_293T']	1
FRMPD4	DLG1	['IntAct']	1
PICK1	RNPS1	['IntAct', 'HuRI']	2
PICK1	HTT	['IntAct']	1
PICK1	ACAD11	['BioPlex_293T']	1
PICK1	SLC6A2	['IntAct']	1
PICK1	KCTD9	['IntAct', 'HuRI']	2
PICK1	MEOX2	['IntAct']	1
PICK1	GRIK1	['BioGRID']	1
PICK1	KIAA2013	['BioPlex_293T']	1
PICK1	NEK6	['IntAct', 'HuRI']	2
PICK1	LCN2	['IntAct', 'HuRI']	2
PICK1	ENKD1	['IntAct', 'HuRI']	2
PICK1	ZNF410	['IntAct', 'HuRI']	2
PICK1	POLL	['HuRI']	1
PICK1	TBK1	['BioPlex_293T']	1
PICK1	NECAB2	['IntAct', 'HuRI']	2
PICK1	MBD3	['IntAct', 'HuRI']	2
PICK1	REL	['IntAct', 'HuRI']	2
PICK1	RAC1	['BioGRID']	1
PICK1	GRIA2	['BioGRID']	1
PICK1	CSNK2A2	['IntAct', 'HuRI']	2
PICK1	PPARA	['HuRI']	1
PICK1	S100A2	['BioPlex_293T']	1
PICK1	GPR37	['BioGRID']	1
PICK1	BLK	['IntAct', 'HuRI']	2
PICK1	PRKAR1B	['BioPlex_293T']	1
ADRA1D	SCRIB	['IntAct']	1
ADRA1D	SNTB2	['IntAct', 'BioGRID']	2
ADRA1D	UTRN	['IntAct', 'BioGRID']	2
ADRA1D	SNTB1	['IntAct', 'BioGRID']	2
ADRA1D	DTNA	['IntAct']	1
ADRA1D	CTNNAL1	['IntAct']	1
GYPB	TSPAN15	['BioPlex_293T']	1
GYPB	EIF2B5	['BioPlex_293T']	1
GYPB	DNM2	['BioPlex_293T']	1
GYPB	EIF2B4	['BioPlex_293T']	1
GYPB	EIF2B2	['BioPlex_293T']	1
GYPB	S1PR3	['IntAct', 'HuRI']	2
AGER	APP	['IntAct']	1
AGER	EGFR	['IntAct']	1
AGER	TTMP	['IntAct', 'HuRI']	2
AGER	CREB3	['IntAct']	1
CD14	FBXO2	['BioPlex_HCT116']	1
CD14	FSTL1	['IntAct']	1
CD14	LAMB1	['BioPlex_293T']	1
ANO1	TRIM21	['BioGRID']	1
ANO1	LGALS3	['BioPlex_HCT116']	1
ANO1	WDR59	['BioPlex_HCT116']	1
ANO1	COPB1	['BioGRID']	1
GPR3	ACTB	['BioPlex_HCT116']	1
GPR3	APP	['IntAct']	1
GPR3	APOD	['BioPlex_293T']	1
GPR3	TNFRSF10B	['BioPlex_HCT116']	1
DNM2	CSF2	['IntAct']	1
DNM2	PIK3R1	['IntAct']	1
DNM2	FTL	['IntAct']	1
DNM2	PRKAA2	['IntAct', 'HuRI']	2
DNM2	GOLGA2	['IntAct']	1
DNM2	EGFR	['BioGRID']	1
DNM2	GYPA	['BioPlex_293T']	1
DNM2	ARFGAP3	['IntAct']	1
DNM2	SDCBP	['IntAct', 'HuRI']	2
DNM2	SCN2B	['BioPlex_293T']	1
DNM2	HTT	['IntAct']	1
RASD2	RABAC1	['IntAct', 'HuRI']	2
RASD2	PIK3R1	['BioGRID']	1
RASD2	LRP5	['BioPlex_293T']	1
PRL	MEOX2	['HuRI']	1
PRL	PPIB	['BioGRID']	1
PRL	PRLR	['IntAct']	1
GYPA	TMEM14B	['IntAct', 'HuRI']	2
GYPA	STK39	['BioPlex_293T']	1
GYPA	EBP	['IntAct', 'HuRI']	2
GYPA	TMEM237	['IntAct', 'HuRI']	2
GYPA	SGTA	['IntAct', 'HuRI']	2
GYPA	USP22	['BioPlex_293T']	1
GYPA	STAT3	['BioPlex_293T']	1
GYPA	CREB3	['IntAct', 'BioGRID', 'HuRI']	3
GYPA	THADA	['BioPlex_293T']	1
GYPA	NEK6	['BioPlex_293T']	1
GYPA	SESN2	['BioPlex_293T']	1
GYPA	NR2F2	['BioPlex_293T']	1
GYPA	TNPO3	['BioPlex_293T']	1
GYPA	ERGIC3	['IntAct', 'HuRI']	2
GYPA	CAMK4	['BioPlex_293T']	1
FN1	RHBDD1	['BioPlex_HCT116']	1
FN1	LGALS1	['BioPlex_293T', 'BioGRID']	2
FN1	LGALS3	['BioPlex_293T']	1
FN1	COLQ	['BioPlex_293T']	1
FN1	GAPDH	['BioGRID']	1
FN1	COL1A1	['IntAct']	1
FN1	MMP9	['BioPlex_293T']	1
FN1	KLK10	['BioPlex_HCT116']	1
FN1	HSP90AA1	['BioGRID']	1
FN1	MYC	['BioGRID']	1
FN1	GSN	['BioGRID']	1
FN1	FBXO2	['BioPlex_293T']	1
FN1	CSTL1	['BioPlex_293T']	1
GRK2	APP	['IntAct']	1
GRK2	UBC	['IntAct']	1
GRK2	EGFR	['IntAct']	1
GRK2	ARRB2	['BioGRID']	1
GRK2	MDM2	['BioGRID']	1
GRK2	CSNK1D	['IntAct']	1
GRK2	ARRB1	['BioGRID']	1
GRK2	NCAM1	['IntAct']	1
KCTD9	MEOX2	['HuRI']	1
KCTD9	KRT40	['IntAct', 'HuRI']	2
KCTD9	SDCBP	['IntAct', 'HuRI']	2
KCTD9	EGFR	['IntAct']	1
KCTD9	CDC37	['IntAct', 'HuRI']	2
KCTD9	AQP1	['IntAct', 'HuRI']	2
KCTD9	TRIP6	['IntAct', 'HuRI']	2
KCTD9	KRT34	['IntAct', 'HuRI']	2
KCTD9	POF1B	['IntAct', 'HuRI']	2
KCTD9	HOXA1	['IntAct', 'HuRI']	2
KCTD9	PRKAA2	['IntAct', 'HuRI']	2
KCTD9	NUP35	['IntAct', 'BioPlex_293T', 'BioGRID', 'HuRI']	4
PRPF40B	HTT	['BioGRID']	1
PRPF40B	RBM25	['BioPlex_293T', 'BioPlex_HCT116', 'BioGRID']	3
PRPF40B	GNB5	['BioPlex_293T']	1
PRPF40B	RGS9	['BioPlex_293T']	1
GPR37	HSPA1B	['BioGRID']	1
GPR37	YY1	['IntAct']	1
GPR37	ARRB2	['BioPlex_293T']	1
GPR37	GLP1R	['BioGRID']	1
GPR37	ATE1	['BioPlex_293T']	1
GPR37	ADORA2A	['IntAct', 'BioGRID']	2
GPR37	GABBR1	['IntAct', 'BioGRID']	2
MMP9	COL2A1	['BioPlex_293T']	1
MMP9	RHBDD1	['BioPlex_HCT116']	1
MMP9	COL6A1	['BioPlex_293T']	1
MMP9	KLK10	['BioPlex_HCT116']	1
MMP9	CTSB	['BioGRID']	1
CERS6	CRELD1	['BioPlex_293T']	1
CERS6	RETREG3	['BioPlex_293T']	1
CERS6	ATP5F1B	['BioPlex_293T']	1
CERS6	OPRL1	['IntAct', 'BioPlex_293T', 'BioGRID']	3
CERS6	HTR3A	['BioPlex_293T']	1
CERS6	APLNR	['BioPlex_293T']	1
CERS6	LPAR1	['BioPlex_293T']	1
CERS6	NTSR1	['BioPlex_293T']	1
CERS6	HTR2C	['BioPlex_293T']	1
CERS6	TSPAN15	['BioPlex_293T']	1
CERS6	P2RY12	['BioPlex_293T']	1
GRK5	DDB1	['BioGRID']	1
GRK5	CUL4B	['BioGRID']	1
TGFBR1	CAV1	['BioGRID']	1
TGFBR1	TNFSF8	['BioPlex_HCT116']	1
TGFBR1	RANBP9	['BioGRID']	1
TGFBR1	YWHAZ	['IntAct']	1
TGFBR1	CD3E	['BioPlex_HCT116']	1
TGFBR1	PIK3R1	['BioGRID']	1
TGFBR1	TGFBR2	['BioPlex_HCT116', 'BioGRID']	2
TGFBR1	TMPRSS2	['BioGRID']	1
TGFBR1	HSP90AA1	['BioGRID']	1
TGFBR1	CLU	['BioGRID']	1
TGFBR1	TRAF6	['BioGRID']	1
TGFBR1	CANX	['BioGRID']	1
TGFBR1	SMAD3	['BioGRID']	1
SNCA	APP	['IntAct', 'BioGRID']	2
SNCA	MAPT	['IntAct', 'BioGRID']	2
SNCA	NTRK2	['BioGRID']	1
SNCA	HSPA1B	['IntAct', 'BioGRID']	2
SNCA	SDCBP	['IntAct']	1
SNCA	HTT	['IntAct']	1
SNCA	UBC	['IntAct', 'BioGRID']	2
SNCA	CASP6	['IntAct']	1
SNCA	SIAH1	['BioGRID']	1
SNCA	EGFR	['IntAct', 'BioGRID']	2
SNCA	APOE	['IntAct', 'BioGRID']	2
SNCA	AKT1	['BioGRID']	1
SNCA	GAPDH	['BioGRID']	1
SNCA	SQSTM1	['IntAct']	1
SNCA	CSNK2A1	['BioGRID']	1
SNCA	VAMP2	['IntAct', 'BioGRID']	2
SNCA	NUFIP1	['BioPlex_293T']	1
SNCA	SOD1	['IntAct', 'BioGRID']	2
SNCA	TRIM21	['IntAct']	1
SNCA	MAPK1	['BioGRID']	1
SNCA	STX1A	['IntAct']	1
SNCA	BAG6	['IntAct']	1
SNCA	RABAC1	['IntAct', 'BioGRID']	2
SNCA	GPM6A	['BioPlex_293T']	1
SNCA	DGUOK	['BioPlex_293T']	1
SNCA	HSPA8	['BioGRID']	1
SNCA	HSPB1	['BioGRID']	1
SNCA	SLC6A2	['BioGRID']	1
SNCA	CSNK1D	['IntAct', 'BioGRID']	2
SNCA	TRAF6	['BioGRID']	1
SNCA	VAPB	['BioGRID']	1
SNCA	SYN1	['BioGRID']	1
SNCA	PPP3CA	['BioGRID']	1
SNCA	PRKCE	['IntAct']	1
SNCA	HAX1	['BioPlex_293T']	1
SNCA	FTL	['IntAct']	1
SNCA	HSP90AA1	['BioGRID']	1
SNCA	CLU	['IntAct', 'BioGRID']	2
SNCA	ARFGAP3	['IntAct']	1
GDNF	SORL1	['IntAct']	1
GDNF	GFRA2	['BioGRID']	1
CCT8L2	SKP2	['BioPlex_293T']	1
CCT8L2	STK39	['BioPlex_293T']	1
CCT8L2	CAMK4	['BioPlex_293T']	1
CCT8L2	IKBKB	['BioPlex_293T']	1
CCT8L2	NFKB2	['BioPlex_293T']	1
CCT8L2	ANKLE2	['BioPlex_293T']	1
CCT8L2	CHUK	['BioPlex_293T']	1
ANKRD13C	GRIN1	['BioPlex_293T']	1
RNF185	UBE2D1	['IntAct', 'BioGRID', 'HuRI']	3
RNF185	UBC	['BioGRID']	1
RNF185	CMTM5	['IntAct', 'HuRI']	2
RNF185	PCNX3	['BioPlex_293T']	1
RNF185	UBAC2	['BioPlex_HCT116', 'BioGRID']	2
RNF185	SPSB4	['BioPlex_HCT116']	1
RNF185	SIGMAR1	['BioPlex_HCT116', 'BioGRID']	2
RNF185	CCKBR	['BioPlex_HCT116']	1
RNF185	P2RY2	['BioPlex_HCT116']	1
RNF185	YIPF6	['IntAct', 'HuRI']	2
RNF185	BRI3BP	['BioPlex_HCT116', 'BioGRID']	2
RNF185	RHBDD1	['BioPlex_293T', 'BioPlex_HCT116']	2
RNF185	C5AR1	['BioPlex_HCT116']	1
RNF185	ASPH	['BioPlex_HCT116', 'BioGRID']	2
RNF185	EDNRA	['BioPlex_HCT116']	1
RNF185	CANX	['BioGRID']	1
RNF185	ABHD14A	['BioPlex_HCT116']	1
RNF185	DIPK1A	['BioPlex_HCT116']	1
SIRT1	HDAC1	['BioGRID']	1
SIRT1	TP53	['IntAct', 'BioGRID']	2
SIRT1	MAPT	['BioGRID']	1
SIRT1	RELA	['IntAct']	1
SIRT1	MYC	['BioGRID']	1
SIRT1	ESR1	['BioGRID']	1
SIRT1	AKT1	['BioGRID']	1
SIRT1	NCOR1	['BioGRID']	1
SIRT1	GAPDH	['BioGRID']	1
SIRT1	MBD3	['BioGRID']	1
SIRT1	MAPK8	['BioGRID']	1
SIRT1	CSNK2A1	['IntAct', 'BioGRID']	2
SIRT1	DDB1	['BioGRID']	1
SIRT1	USP22	['BioGRID']	1
SIRT1	STAT3	['BioGRID']	1
SIRT1	HSP90AA1	['BioGRID']	1
SIRT1	MDM2	['BioGRID']	1
SIRT1	CLOCK	['BioGRID']	1
SIRT1	PPARA	['BioGRID']	1
SIRT1	CUL4B	['BioGRID']	1
IL6ST	JAK1	['IntAct', 'BioGRID']	2
IL6ST	UPK2	['BioPlex_293T']	1
IL6ST	CLGN	['BioPlex_293T']	1
IL6ST	SGTA	['IntAct', 'HuRI']	2
IL6ST	FBXO2	['BioPlex_293T', 'BioGRID']	2
IL6ST	SHC1	['BioGRID']	1
IL6ST	STAT3	['BioGRID']	1
IL6ST	LGALS1	['BioPlex_293T']	1
IL6ST	OSM	['IntAct', 'BioPlex_293T', 'BioPlex_HCT116']	3
PPP3CA	MYC	['BioGRID']	1
PPP3CA	BCL2	['BioGRID']	1
PPP3CA	SOD1	['IntAct']	1
PPP3CA	UTRN	['IntAct']	1
CACNA1B	SIGMAR1	['BioGRID']	1
NPR2	NPPC	['BioGRID']	1
EDNRB	CAV1	['BioGRID']	1
EDNRB	LNPEP	['BioPlex_293T']	1
EDNRB	ATP1A3	['BioPlex_293T']	1
EDNRB	THADA	['BioPlex_293T']	1
NHERF1	PDGFRA	['BioGRID']	1
NHERF1	SKP2	['BioGRID']	1
NHERF1	APPBP2	['IntAct', 'HuRI']	2
NHERF1	AKT1	['BioGRID']	1
NHERF1	CTNNB1	['BioGRID']	1
NHERF1	ACE2	['IntAct', 'BioGRID']	2
NHERF1	CD40	['BioPlex_293T']	1
NHERF1	WDR45B	['BioPlex_293T']	1
NHERF1	GRM2	['BioGRID']	1
NHERF1	EZR	['IntAct', 'BioGRID']	2
NHERF1	PLCB1	['BioGRID']	1
GJA8	RUSF1	['IntAct', 'HuRI']	2
GJA8	STX7	['BioPlex_293T']	1
GJA8	APOD	['IntAct', 'HuRI']	2
GJA8	CCDC167	['IntAct', 'HuRI']	2
GJA8	PRAF2	['IntAct', 'HuRI']	2
GJA8	CYP4F2	['IntAct', 'HuRI']	2
GJA8	CLDN19	['IntAct', 'HuRI']	2
GJA8	TTMP	['IntAct', 'HuRI']	2
GJA8	FAM3C	['BioPlex_293T']	1
GJA8	PMP22	['IntAct', 'HuRI']	2
GJA8	INSIG2	['IntAct', 'HuRI']	2
GJA8	C2CD2L	['IntAct', 'HuRI']	2
GJA8	AQP4	['IntAct', 'HuRI']	2
GJA8	YIPF6	['IntAct', 'HuRI']	2
GJA8	MAL	['IntAct', 'HuRI']	2
CHRNB4	MEOX2	['HuRI']	1
CHRNB4	SQSTM1	['BioPlex_293T']	1
CHRNB4	SIDT2	['BioPlex_293T']	1
CHRNB4	CHRNA5	['BioPlex_293T']	1
CHRNB4	MFAP3	['BioPlex_293T']	1
CHRNB4	RHBDD1	['BioPlex_293T']	1
CHRNB4	DNAJB9	['BioPlex_293T']	1
CHRNB4	ABHD14A	['BioPlex_293T']	1
CHRNB4	SGCB	['BioPlex_293T']	1
CHRNB4	GPR89A	['BioPlex_293T']	1
GRIA2	GAPDH	['BioGRID']	1
GRIA2	NUFIP1	['BioPlex_293T']	1
GRIA2	GPM6A	['BioPlex_293T']	1
GRIA2	DGUOK	['BioPlex_293T']	1
GRIA2	RNF167	['BioGRID']	1
GRIA2	SPTAN1	['BioGRID']	1
GRIA2	CYLD	['BioGRID']	1
GRIA2	GRIA1	['BioGRID']	1
GRIA2	NSF	['IntAct', 'BioGRID']	2
C1orf43	PDZD8	['BioPlex_HCT116']	1
C1orf43	ZDHHC12	['BioPlex_293T']	1
C1orf43	CXCR4	['BioPlex_293T']	1
C1orf43	SIDT2	['BioPlex_293T']	1
C1orf43	NRSN1	['BioPlex_293T']	1
C1orf43	TTMP	['BioPlex_293T']	1
C1orf43	ADCY8	['BioPlex_293T']	1
C1orf43	KCNJ6	['BioPlex_293T']	1
TM9SF3	CRELD1	['BioPlex_293T']	1
TM9SF3	UPK2	['BioPlex_HCT116']	1
TM9SF3	TSPAN15	['BioPlex_HCT116']	1
TM9SF3	LPAR1	['BioPlex_HCT116']	1
TM9SF3	HTR2C	['BioPlex_293T']	1
TM9SF3	P2RY12	['BioPlex_293T']	1
TM9SF3	OPRL1	['BioPlex_293T']	1
TM9SF3	IFITM3	['BioGRID']	1
TM9SF3	P2RY2	['BioPlex_HCT116']	1
TM9SF3	TACR1	['BioPlex_HCT116']	1
APPBP2	APP	['IntAct', 'BioGRID']	2
APPBP2	KLF11	['IntAct', 'HuRI']	2
APPBP2	NPRL3	['HuRI']	1
APPBP2	COPS2	['BioPlex_293T', 'BioPlex_HCT116']	2
APPBP2	ITGB4	['IntAct', 'HuRI']	2
APPBP2	ACTN1	['IntAct', 'HuRI']	2
APPBP2	PRKAA2	['IntAct', 'HuRI']	2
APPBP2	GCNT3	['BioPlex_293T']	1
APPBP2	ZNF747	['IntAct', 'HuRI']	2
APPBP2	CSNK1D	['IntAct']	1
APPBP2	IKBKE	['IntAct']	1
APPBP2	FSTL1	['IntAct', 'HuRI']	2
APPBP2	CST2	['IntAct', 'HuRI']	2
APPBP2	CCDC167	['IntAct', 'HuRI']	2
APPBP2	CREB3	['HuRI']	1
TP53	ACTB	['BioGRID']	1
TP53	HDAC1	['IntAct', 'BioGRID']	2
TP53	BRCA1	['IntAct', 'BioGRID']	2
TP53	CLTC	['BioGRID']	1
TP53	PDLIM7	['BioGRID']	1
TP53	TUBB8	['BioPlex_293T']	1
TP53	S100A2	['IntAct']	1
TP53	BECN1	['BioGRID']	1
TP53	TRAF6	['BioGRID']	1
TP53	CSNK2A1	['IntAct', 'BioGRID']	2
TP53	CANX	['BioGRID']	1
TP53	MYC	['BioGRID']	1
TP53	ARRB1	['IntAct', 'BioGRID']	2
TP53	DPP4	['BioGRID']	1
TP53	BAG6	['BioGRID']	1
TP53	CDKN2A	['BioGRID']	1
TP53	YWHAZ	['IntAct', 'BioGRID']	2
TP53	CUL4B	['BioGRID']	1
TP53	COPS5	['BioGRID']	1
TP53	RANBP9	['BioGRID']	1
TP53	RELA	['BioGRID']	1
TP53	HSP90AA1	['BioGRID']	1
TP53	BCL2	['IntAct', 'BioGRID']	2
TP53	BCR	['IntAct', 'BioGRID']	2
TP53	CASP6	['IntAct']	1
TP53	CSNK1D	['BioGRID']	1
TP53	CHUK	['BioGRID']	1
TP53	ING5	['BioGRID']	1
TP53	SMAD3	['BioGRID']	1
TP53	HSPA8	['BioGRID']	1
TP53	PPIB	['BioGRID']	1
TP53	NCL	['IntAct', 'BioGRID']	2
TP53	TRIM21	['BioGRID']	1
TP53	PPP1CC	['IntAct', 'BioGRID']	2
TP53	PRKDC	['BioGRID']	1
TP53	MAPK1	['BioGRID']	1
TP53	CDK5	['BioGRID']	1
TP53	CSNK2A2	['BioGRID']	1
TP53	CEBPB	['IntAct']	1
TP53	FBXO22	['BioGRID']	1
TP53	KDM1A	['IntAct', 'BioGRID']	2
TP53	HNRNPK	['IntAct', 'BioGRID']	2
TP53	MDM2	['IntAct', 'BioPlex_293T', 'BioPlex_HCT116', 'BioGRID']	4
TP53	TRAF7	['BioGRID']	1
TP53	ESR1	['BioGRID']	1
TP53	HTT	['IntAct', 'BioGRID']	2
TP53	RBX1	['BioGRID']	1
TP53	LAMA4	['IntAct', 'BioGRID']	2
TP53	HSPB1	['IntAct', 'BioGRID']	2
TP53	YY1	['BioGRID']	1
TP53	CTSB	['BioGRID']	1
TP53	PMP22	['IntAct']	1
TP53	DDB1	['BioGRID']	1
TP53	FOXP1	['BioGRID']	1
TP53	TMPRSS2	['BioGRID']	1
TP53	UCHL1	['IntAct', 'BioGRID']	2
TP53	PTTG1IP	['BioGRID']	1
TP53	IKBKB	['IntAct']	1
TP53	HSPA1B	['BioGRID']	1
TP53	MAPK8	['BioGRID']	1
TP53	SQSTM1	['BioGRID']	1
TP53	NCOR1	['BioGRID']	1
TP53	CUL4A	['BioGRID']	1
TP53	FBXW7	['BioPlex_293T', 'BioGRID']	2
TP53	CYLD	['BioGRID']	1
TP53	COPB1	['BioGRID']	1
TP53	COPS2	['BioGRID']	1
TP53	IFITM3	['BioGRID']	1
TP53	UBC	['IntAct', 'BioGRID']	2
TP53	PTGS2	['BioGRID']	1
TP53	ACE2	['BioGRID']	1
TP53	YWHAE	['BioGRID']	1
TP53	HSP90AB1	['BioGRID']	1
TP53	GAPDH	['BioGRID']	1
TP53	ANXA1	['BioGRID']	1
RABGGTB	PRKAR1B	['BioPlex_293T']	1
RABGGTB	PIP5K1A	['BioPlex_293T']	1
RABGGTB	PIP5K1C	['BioPlex_293T']	1
RABGGTB	RABGGTA	['IntAct', 'BioPlex_293T', 'BioPlex_HCT116', 'BioGRID', 'HuRI']	5
DYNC1I2	NECAB2	['IntAct', 'HuRI']	2
DYNC1I2	SPHK2	['BioGRID']	1
CACNB3	PLCG1	['BioPlex_293T']	1
CACNB3	MTUS2	['IntAct', 'HuRI']	2
CACNB3	CEP76	['IntAct', 'HuRI']	2
CACNB3	PEX5	['BioPlex_HCT116']	1
CACNB3	CTBP2	['IntAct', 'HuRI']	2
CACNB3	PPP1R9B	['BioPlex_HCT116']	1
CACNB3	WDR45B	['BioPlex_293T']	1
CACNB3	TMOD1	['BioPlex_HCT116']	1
PRAF2	RETREG3	['IntAct', 'HuRI']	2
PRAF2	TMEM14B	['IntAct', 'HuRI']	2
PRAF2	TMX2	['IntAct', 'HuRI']	2
PRAF2	GPR152	['IntAct', 'HuRI']	2
PRAF2	CD79A	['IntAct', 'HuRI']	2
PRAF2	IFITM3	['BioPlex_293T']	1
PRAF2	CCR5	['IntAct']	1
POLL	KRT40	['IntAct']	1
POLL	KRTAP10-7	['IntAct']	1
POLL	MDFI	['IntAct']	1
POLL	CMTM5	['IntAct']	1
POLL	CST4	['BioPlex_293T']	1
POLL	PRKDC	['BioGRID']	1
POLL	LCN2	['HuRI']	1
POLL	SYN2	['BioPlex_293T']	1
KCTD17	YWHAG	['IntAct']	1
KCTD17	GSN	['IntAct']	1
KCTD17	PMP22	['IntAct']	1
KCTD17	HTT	['IntAct']	1
KCTD17	CASP6	['IntAct']	1
KCTD17	SH3GLB1	['IntAct']	1
KCTD17	PPIA	['IntAct']	1
KCTD17	AQP1	['HuRI']	1
KCTD17	ACAD11	['BioPlex_293T']	1
KCTD17	RAC1	['IntAct']	1
KCTD17	RBX1	['BioGRID']	1
KCTD17	PIP5K1A	['BioPlex_293T']	1
KCTD17	GLRA3	['BioPlex_293T']	1
KCTD17	PPIB	['IntAct']	1
KCTD17	GLRA2	['BioPlex_293T']	1
KCTD17	CSNK1D	['BioPlex_HCT116']	1
TUBB1	PRG2	['BioPlex_293T']	1
TUBB1	ESR1	['BioGRID']	1
TUBB1	CUL4B	['BioGRID']	1
TUBB1	CCKBR	['BioPlex_HCT116']	1
PPARA	GSN	['IntAct']	1
PPARA	PMP22	['IntAct']	1
PPARA	CTNNA3	['HuRI']	1
PPARA	SDCBP	['HuRI']	1
PPARA	HTT	['IntAct']	1
PPARA	CASP6	['IntAct']	1
PPARA	NCOR1	['IntAct', 'BioGRID']	2
PPARA	BCL2	['BioGRID']	1
PPARA	AQP1	['HuRI']	1
PPARA	TGFBR2	['IntAct']	1
PPARA	HSP90AA1	['BioGRID']	1
PPARA	GRIN2C	['IntAct']	1
IL13RA1	NRSN1	['BioPlex_293T']	1
IL13RA1	IL4	['IntAct']	1
IL13RA1	IL4R	['IntAct']	1
SQSTM1	APP	['IntAct']	1
SQSTM1	MAPT	['BioGRID']	1
SQSTM1	TRAF2	['BioGRID']	1
SQSTM1	CCNF	['BioGRID']	1
SQSTM1	NTRK2	['BioGRID']	1
SQSTM1	SKP2	['BioGRID']	1
SQSTM1	CAV1	['BioGRID']	1
SQSTM1	KDM1A	['BioGRID']	1
SQSTM1	RELA	['BioGRID']	1
SQSTM1	HTT	['IntAct', 'BioGRID']	2
SQSTM1	UBC	['IntAct', 'BioGRID']	2
SQSTM1	GABARAPL1	['IntAct', 'BioGRID', 'HuRI']	3
SQSTM1	CDC37	['IntAct', 'BioGRID', 'HuRI']	3
SQSTM1	MYC	['BioGRID']	1
SQSTM1	ESR1	['BioGRID']	1
SQSTM1	IRAK1	['BioGRID']	1
SQSTM1	IKBKB	['BioGRID']	1
SQSTM1	BECN1	['BioGRID']	1
SQSTM1	ESR2	['BioGRID']	1
SQSTM1	BCR	['BioGRID']	1
SQSTM1	TRAF6	['IntAct', 'BioGRID']	2
SQSTM1	HTR3A	['BioPlex_293T']	1
SQSTM1	TAX1BP1	['BioGRID']	1
SQSTM1	NOTCH1	['BioGRID']	1
SQSTM1	SESN2	['IntAct', 'BioGRID']	2
SQSTM1	CSNK2A1	['BioGRID']	1
SQSTM1	VAPB	['BioGRID']	1
SQSTM1	AGR2	['BioGRID']	1
SQSTM1	IFITM3	['BioGRID']	1
SQSTM1	TNIP1	['BioGRID']	1
SQSTM1	CYLD	['BioGRID']	1
SQSTM1	CTNNB1	['BioGRID']	1
SQSTM1	TRIM21	['BioGRID']	1
SQSTM1	BCL2	['BioGRID']	1
SQSTM1	RGS4	['BioGRID']	1
SQSTM1	TBK1	['BioGRID']	1
SQSTM1	PIK3R1	['BioGRID']	1
SQSTM1	SMAD3	['BioGRID']	1
SQSTM1	HSPB1	['BioGRID']	1
SQSTM1	CNR2	['IntAct', 'BioGRID']	2
LYST	YWHAZ	['BioGRID']	1
LYST	HGS	['BioGRID']	1
LYST	CSNK2A2	['BioGRID']	1
OPRD1	OPRM1	['BioGRID']	1
OPRD1	TMEM237	['IntAct', 'HuRI']	2
OPRD1	ARRB2	['BioGRID']	1
OPRD1	CANX	['IntAct']	1
OPRD1	ARRB1	['BioGRID']	1
OPRD1	SLC12A7	['IntAct', 'HuRI']	2
CISD2	RUSF1	['IntAct', 'HuRI']	2
CISD2	CRELD1	['BioPlex_293T']	1
CISD2	TMEM106A	['BioPlex_293T']	1
CISD2	NRG1	['BioPlex_293T']	1
CISD2	STX7	['IntAct', 'BioGRID', 'HuRI']	3
CISD2	CHRNB2	['BioPlex_293T']	1
CISD2	BCL2	['IntAct']	1
CISD2	TTMP	['BioPlex_293T']	1
CISD2	BET1	['IntAct', 'HuRI']	2
CISD2	YIPF6	['IntAct', 'HuRI']	2
CISD2	GRIN1	['BioPlex_293T']	1
CISD2	TLR3	['BioPlex_293T']	1
CISD2	GRIN2A	['BioPlex_293T']	1
CISD2	SEC22A	['IntAct', 'HuRI']	2
CISD2	C2CD2L	['IntAct', 'HuRI']	2
PDZD8	RXFP1	['BioPlex_293T']	1
PDZD8	RET	['BioPlex_293T', 'BioGRID']	2
PDZD8	TTMP	['BioPlex_293T', 'BioPlex_HCT116']	2
PDZD8	EEF1AKMT3	['BioPlex_HCT116']	1
PDZD8	ZDHHC12	['BioPlex_293T', 'BioPlex_HCT116']	2
BLK	EGFR	['IntAct', 'BioGRID']	2
BLK	CDC37	['BioGRID']	1
BLK	CXCR4	['BioPlex_293T']	1
BLK	PIK3R1	['IntAct', 'HuRI']	2
BLK	TLR3	['BioPlex_293T']	1
BLK	HSP90AB1	['IntAct', 'BioGRID']	2
BLK	STAT3	['IntAct', 'HuRI']	2
BLK	HSP90AA1	['BioGRID']	1
BLK	ATP5F1B	['BioGRID']	1
BLK	TLR2	['BioPlex_293T']	1
BLK	GLRA2	['BioPlex_293T']	1
ACHE	RACK1	['IntAct']	1
ACHE	ENO1	['IntAct']	1
ACHE	COLQ	['IntAct']	1
GRM5	SIAH1	['BioGRID']	1
GRM5	PRNP	['BioGRID']	1
GRM5	ACTN1	['BioGRID']	1
ENKD1	TRAF2	['IntAct', 'HuRI']	2
ENKD1	CEP70	['IntAct', 'BioGRID', 'HuRI']	3
ENKD1	KRT40	['IntAct', 'HuRI']	2
ENKD1	SLC15A2	['IntAct', 'HuRI']	2
ENKD1	GOLGA2	['IntAct']	1
ENKD1	MDFI	['IntAct', 'BioGRID', 'HuRI']	3
ENKD1	MTUS2	['IntAct', 'HuRI']	2
ENKD1	S100A2	['BioPlex_293T']	1
ENKD1	HOXA1	['IntAct', 'HuRI']	2
ENKD1	GFAP	['IntAct', 'HuRI']	2
ENKD1	PDLIM7	['IntAct', 'HuRI']	2
ENKD1	YWHAE	['BioGRID']	1
ENKD1	MKRN3	['IntAct', 'HuRI']	2
ENKD1	CTBP2	['IntAct', 'HuRI']	2
ENKD1	TNFRSF1B	['BioPlex_293T']	1
ENKD1	KRTAP10-8	['IntAct', 'HuRI']	2
CARD16	FAT3	['BioPlex_293T']	1
CARD16	HERC4	['BioPlex_293T']	1
CARD16	FAT4	['BioPlex_293T']	1
GRIN1	APP	['IntAct', 'BioGRID']	2
GRIN1	GRIN2A	['IntAct', 'BioGRID']	2
GRIN1	FBXO2	['BioPlex_293T']	1
GRIN1	MANEA	['BioPlex_293T']	1
GRIN1	GRIN2B	['IntAct', 'BioGRID']	2
GRIN1	SPTAN1	['BioGRID']	1
GRIN1	GPR89A	['BioPlex_293T']	1
GRIN1	GRIN3B	['BioGRID']	1
HSP90AB1	TNIP2	['BioGRID']	1
HSP90AB1	TUBA1A	['BioGRID']	1
HSP90AB1	MAPT	['IntAct']	1
HSP90AB1	TRAF2	['IntAct', 'BioGRID']	2
HSP90AB1	CCNF	['BioGRID']	1
HSP90AB1	HSPA1B	['BioGRID']	1
HSP90AB1	GABARAPL1	['BioGRID']	1
HSP90AB1	EGFR	['IntAct', 'BioGRID']	2
HSP90AB1	CDC37	['IntAct', 'BioPlex_293T', 'BioPlex_HCT116', 'BioGRID']	4
HSP90AB1	MYC	['BioGRID']	1
HSP90AB1	CUL4A	['IntAct']	1
HSP90AB1	ESR1	['BioGRID']	1
HSP90AB1	AKT1	['IntAct', 'BioGRID']	2
HSP90AB1	GAPDH	['BioGRID']	1
HSP90AB1	CTNNB1	['BioGRID']	1
HSP90AB1	CSNK2A1	['IntAct', 'BioGRID']	2
HSP90AB1	AGR2	['BioGRID']	1
HSP90AB1	TRIM21	['BioGRID']	1
HSP90AB1	PRKACA	['BioGRID']	1
HSP90AB1	HSPA8	['BioGRID']	1
HSP90AB1	YWHAE	['BioGRID']	1
HSP90AB1	ACE2	['BioGRID']	1
HSP90AB1	CUL4B	['IntAct']	1
HSP90AB1	MAP3K8	['IntAct']	1
HSP90AB1	ALK	['IntAct']	1
HSP90AB1	LCK	['IntAct']	1
HSP90AB1	NOTCH1	['BioGRID']	1
HSP90AB1	IKBKB	['IntAct', 'BioGRID']	2
HSP90AB1	FBXW7	['IntAct']	1
HSP90AB1	SIRPA	['BioGRID']	1
HSP90AB1	ENO1	['BioGRID']	1
HSP90AB1	TBK1	['IntAct']	1
HSP90AB1	IKBKE	['IntAct']	1
HSP90AB1	HSP90AA1	['BioPlex_293T', 'BioPlex_HCT116', 'BioGRID']	3
HSP90AB1	CHUK	['IntAct', 'BioPlex_HCT116']	2
HSP90AB1	PRKCE	['IntAct', 'BioGRID']	2
FTL	MEOX2	['HuRI']	1
FTL	SDCBP	['IntAct', 'BioPlex_293T', 'BioGRID', 'HuRI']	4
FTL	HTT	['IntAct']	1
FTL	BBS1	['BioPlex_293T']	1
FTL	GOLGA2	['BioPlex_HCT116']	1
FTL	CBX6	['BioPlex_HCT116']	1
FTL	MAP7	['BioPlex_293T', 'BioPlex_HCT116']	2
FTL	PIP5K1A	['BioPlex_293T']	1
FTL	CSNK1D	['BioPlex_293T', 'BioPlex_HCT116']	2
FTL	KIF1A	['BioPlex_293T']	1
FTL	CTDNEP1	['BioPlex_293T']	1
PIK3R1	PDGFRA	['BioGRID']	1
PIK3R1	BRCA1	['BioGRID']	1
PIK3R1	APP	['IntAct']	1
PIK3R1	YWHAG	['IntAct']	1
PIK3R1	MAPT	['BioGRID']	1
PIK3R1	CD247	['BioGRID']	1
PIK3R1	NTRK2	['BioGRID']	1
PIK3R1	HTT	['IntAct']	1
PIK3R1	EGFR	['IntAct', 'BioGRID']	2
PIK3R1	YWHAZ	['BioGRID']	1
PIK3R1	ESR1	['BioGRID']	1
PIK3R1	AKT1	['BioGRID']	1
PIK3R1	MAPK8	['IntAct']	1
PIK3R1	CTNNB1	['BioGRID']	1
PIK3R1	BCR	['BioGRID']	1
PIK3R1	CD3E	['BioGRID']	1
PIK3R1	A2M	['IntAct']	1
PIK3R1	GFAP	['IntAct']	1
PIK3R1	SHC1	['IntAct', 'BioGRID']	2
PIK3R1	PRKACA	['IntAct']	1
PIK3R1	SMAD3	['IntAct']	1
PIK3R1	EZR	['BioGRID']	1
PIK3R1	JAK2	['BioGRID']	1
PIK3R1	LCK	['BioGRID']	1
PIK3R1	IGF1R	['BioGRID']	1
PIK3R1	ALK	['BioGRID']	1
PIK3R1	STAT3	['IntAct']	1
PIK3R1	TLR3	['IntAct']	1
PIK3R1	RACK1	['BioGRID']	1
PIK3R1	TGFBR2	['BioPlex_293T', 'BioGRID']	2
PIK3R1	CRK	['IntAct', 'BioGRID']	2
PIK3R1	RHOB	['BioGRID']	1
PIK3R1	RET	['BioGRID']	1
PIK3R1	VAV1	['BioGRID']	1
PIK3R1	MAL	['IntAct']	1
PIK3R1	KIT	['IntAct', 'BioGRID']	2
PIK3R1	RAC1	['IntAct', 'BioGRID']	2
CD79A	APOD	['IntAct', 'HuRI']	2
CD79A	TMEM14B	['IntAct', 'HuRI']	2
CD79A	CCDC167	['IntAct', 'HuRI']	2
CD79A	CMTM5	['IntAct', 'HuRI']	2
CD79A	FATE1	['IntAct', 'HuRI']	2
CD79A	MFF	['IntAct', 'HuRI']	2
CD79A	EMP1	['IntAct', 'HuRI']	2
CD79A	AQP1	['IntAct', 'HuRI']	2
CD79A	GPR42	['IntAct', 'HuRI']	2
CD79A	HARS2	['BioPlex_293T']	1
CD79A	TUBB8	['BioPlex_293T']	1
CD79A	BRICD5	['IntAct', 'HuRI']	2
CD79A	LPAR3	['IntAct', 'HuRI']	2
CD79A	NKG7	['IntAct', 'HuRI']	2
CD79A	LAMB1	['IntAct', 'HuRI']	2
CD79A	BET1	['IntAct', 'HuRI']	2
CD79A	SLC12A7	['BioPlex_HCT116']	1
CD79A	JAGN1	['IntAct', 'HuRI']	2
CD79A	INSIG2	['IntAct', 'HuRI']	2
CD79A	YIPF6	['IntAct', 'HuRI']	2
CD79A	NR2F2	['BioPlex_293T']	1
CD79A	SLC12A2	['BioPlex_HCT116']	1
CD79A	C2CD2L	['IntAct', 'HuRI']	2
CD79A	VAPB	['IntAct', 'HuRI']	2
NOTCH1	HDAC1	['BioGRID']	1
NOTCH1	APP	['BioGRID']	1
NOTCH1	PRG2	['BioPlex_HCT116']	1
NOTCH1	KDM1A	['IntAct', 'BioGRID']	2
NOTCH1	ZDHHC12	['BioPlex_HCT116']	1
NOTCH1	AKT1	['BioGRID']	1
NOTCH1	CTNNB1	['BioGRID']	1
NOTCH1	FBXO2	['BioPlex_HCT116']	1
NOTCH1	MAPK1	['BioGRID']	1
NOTCH1	YY1	['BioGRID']	1
NOTCH1	FBXW7	['IntAct', 'BioGRID']	2
NOTCH1	PRKDC	['BioGRID']	1
NOTCH1	MDM2	['BioGRID']	1
NOTCH1	RHOB	['BioGRID']	1
NOTCH1	CAMK4	['BioGRID']	1
NOTCH1	LGALS1	['BioPlex_293T', 'BioPlex_HCT116']	2
NOTCH1	ARRB1	['BioGRID']	1
NOTCH1	SMAD3	['BioGRID']	1
RNPS1	YWHAG	['IntAct']	1
RNPS1	MYC	['BioGRID']	1
RNPS1	SPARC	['BioPlex_HCT116']	1
RNPS1	SCRIB	['BioPlex_293T']	1
RNPS1	SARNP	['BioPlex_293T']	1
RNPS1	ASPH	['BioPlex_293T', 'BioPlex_HCT116']	2
RNPS1	CSNK2A2	['IntAct', 'BioPlex_293T', 'BioPlex_HCT116', 'BioGRID']	4
RNPS1	RBM25	['BioPlex_HCT116', 'BioGRID']	2
RNPS1	CSNK2A1	['IntAct', 'BioPlex_293T', 'BioPlex_HCT116', 'BioGRID']	4
SSX1	CRIP2	['BioPlex_293T']	1
GRIN3B	APOD	['BioPlex_HCT116']	1
GRIN3B	GRIN2A	['BioGRID']	1
GRIN3B	TAX1BP1	['BioPlex_HCT116']	1
NFKB2	TNIP2	['BioGRID']	1
NFKB2	RELA	['BioGRID']	1
NFKB2	EEF1AKMT3	['BioPlex_HCT116']	1
NFKB2	MYC	['BioGRID']	1
NFKB2	ALOX5	['BioPlex_293T']	1
NFKB2	REL	['IntAct', 'BioPlex_293T', 'BioPlex_HCT116', 'BioGRID']	4
NFKB2	STAT3	['BioGRID']	1
NFKB2	FBXW7	['BioGRID']	1
NFKB2	FBXW11	['BioGRID']	1
NFKB2	CHUK	['BioGRID']	1
NFKB2	MAP3K8	['IntAct', 'BioGRID']	2
IRF8	TRIM21	['BioGRID']	1
IRF8	COPS2	['BioGRID']	1
IRF8	SPI1	['BioGRID']	1
IRF8	IRF1	['BioGRID']	1
IRF8	IRF6	['IntAct', 'BioGRID']	2
CHRNB2	SIDT2	['BioPlex_293T']	1
CHRNB2	SARAF	['BioPlex_293T']	1
CHRNB2	CHRNA5	['IntAct', 'BioPlex_293T']	2
CHRNB2	DHRS7	['BioPlex_293T']	1
CHRNB2	MFAP3	['BioPlex_293T']	1
CHRNB2	POMGNT2	['BioPlex_293T']	1
CHRNB2	GOLM1	['BioPlex_293T']	1
CHRNB2	ABHD14A	['BioPlex_293T']	1
CHRNB2	PRXL2A	['BioPlex_293T']	1
CHRNB2	ADGRL1	['BioPlex_293T']	1
CHRNB2	BET1	['BioPlex_293T']	1
CHRNB2	DIPK1A	['BioPlex_293T']	1
CHRNB2	TUBB8	['BioPlex_293T']	1
CHRNB2	ERGIC3	['BioPlex_293T']	1
GIPC1	LRP2	['BioGRID']	1
GIPC1	LPAR1	['BioGRID']	1
GIPC1	ACTN1	['BioGRID']	1
GIPC1	ARFGAP3	['IntAct']	1
GIPC1	TYRP1	['IntAct', 'BioGRID']	2
TRAF7	DTNBP1	['BioPlex_293T']	1
TRAF7	KXD1	['BioPlex_293T', 'BioPlex_HCT116']	2
TRAF7	RAC1	['BioPlex_293T', 'BioGRID']	2
TRAF7	TBK1	['BioGRID']	1
TRAF7	SCRIB	['BioPlex_HCT116']	1
HRH3	ADORA2A	['BioGRID']	1
ATP5F1B	RETREG3	['BioPlex_293T']	1
ATP5F1B	YWHAG	['IntAct']	1
ATP5F1B	HTR1B	['BioPlex_HCT116']	1
ATP5F1B	MYC	['BioGRID']	1
ATP5F1B	YWHAZ	['IntAct']	1
ATP5F1B	ESR1	['BioGRID']	1
ATP5F1B	AGR2	['BioGRID']	1
ATP5F1B	NTSR1	['BioPlex_293T']	1
ATP5F1B	SCAMP2	['BioPlex_HCT116']	1
ATP5F1B	HTR2C	['BioPlex_293T']	1
ATP5F1B	HSPA8	['BioGRID']	1
ATP5F1B	ACKR3	['BioPlex_293T', 'BioGRID']	2
ATP5F1B	OPRL1	['BioPlex_293T']	1
ATP5F1B	P2RY12	['BioPlex_293T']	1
TRAF2	RNF31	['BioGRID']	1
TRAF2	TNIP2	['BioGRID']	1
TRAF2	AGR2	['IntAct', 'HuRI']	2
TRAF2	FOXN1	['IntAct', 'HuRI']	2
TRAF2	TBK1	['IntAct', 'BioPlex_293T', 'BioPlex_HCT116', 'BioGRID']	4
TRAF2	CHUK	['BioGRID']	1
TRAF2	EGFR	['IntAct', 'BioGRID']	2
TRAF2	TNFRSF1B	['IntAct', 'BioPlex_293T', 'BioGRID']	3
TRAF2	FBXW7	['BioPlex_293T', 'BioPlex_HCT116']	2
TRAF2	IKBKE	['IntAct', 'BioPlex_HCT116', 'BioGRID']	3
TRAF2	UBE2D1	['BioGRID']	1
TRAF2	CYLD	['BioGRID']	1
TRAF2	ZNF410	['IntAct', 'HuRI']	2
TRAF2	CAV1	['IntAct', 'BioGRID']	2
TRAF2	NEK6	['IntAct', 'HuRI']	2
TRAF2	UBC	['BioGRID']	1
TRAF2	TNF	['BioGRID']	1
TRAF2	CDC37	['IntAct', 'BioGRID', 'HuRI']	3
TRAF2	TNFRSF10B	['BioGRID']	1
TRAF2	BECN1	['BioGRID']	1
TRAF2	TNFRSF1A	['BioGRID']	1
TRAF2	TRAF6	['IntAct', 'BioPlex_293T', 'BioGRID', 'HuRI']	4
TRAF2	IKBKB	['BioGRID']	1
TRAF2	FADD	['BioGRID']	1
TRAF2	MAP3K8	['BioGRID']	1
TRAF2	HTT	['IntAct']	1
TRAF2	AQP1	['IntAct', 'HuRI']	2
TRAF2	HOXA1	['IntAct', 'BioGRID', 'HuRI']	3
TRAF2	CD40	['IntAct', 'BioPlex_293T', 'BioPlex_HCT116', 'BioGRID', 'HuRI']	5
TRAF2	ZBTB16	['IntAct', 'BioGRID', 'HuRI']	3
TRAF2	FATE1	['HuRI']	1
TRAF2	MKRN3	['IntAct', 'HuRI']	2
TRAF2	ELAVL1	['BioGRID']	1
WASHC3	KDM1A	['IntAct', 'HuRI']	2
WASHC3	SDCBP	['IntAct', 'HuRI']	2
WASHC3	DTNBP1	['IntAct', 'BioGRID', 'HuRI']	3
WASHC3	GOLGA2	['IntAct']	1
WASHC3	TRAF6	['BioPlex_293T']	1
WASHC3	IL18	['BioPlex_293T']	1
CD38	CD247	['BioGRID']	1
CD38	CD3E	['BioGRID']	1
CALCA	DCAF6	['BioPlex_293T', 'BioPlex_HCT116']	2
CALCA	LRP2	['BioPlex_293T']	1
CALCA	ATP2B4	['IntAct']	1
ADRA2A	UCHL1	['BioGRID']	1
ADRA2A	ADRA2C	['IntAct']	1
LAMB1	PDGFRA	['BioPlex_293T']	1
LAMB1	BTNL2	['BioPlex_HCT116']	1
LAMB1	LY86	['BioPlex_HCT116']	1
LAMB1	FBXO2	['BioPlex_293T', 'BioPlex_HCT116']	2
LAMB1	GPR152	['IntAct', 'HuRI']	2
LAMB1	OS9	['BioPlex_293T']	1
LAMB1	DNAJB9	['BioPlex_HCT116']	1
LAMB1	MANEA	['BioPlex_293T']	1
LAMB1	SDF2L1	['BioPlex_HCT116']	1
LAMB1	LGALS3	['BioPlex_293T']	1
LAMB1	LGALS1	['BioPlex_293T']	1
LAMB1	CACNA1A	['BioGRID']	1
LAMB1	TSHR	['BioPlex_HCT116']	1
LAMB1	PTGDS	['BioPlex_HCT116']	1
SH3GLB1	TGM1	['IntAct']	1
SH3GLB1	MYC	['IntAct']	1
SH3GLB1	GAPDH	['BioGRID']	1
SH3GLB1	CD4	['IntAct']	1
SH3GLB1	AGR2	['IntAct']	1
SH3GLB1	BECN1	['IntAct']	1
SH3GLB1	CMTM5	['IntAct', 'HuRI']	2
SH3GLB1	PTGDS	['IntAct']	1
SH3GLB1	RABAC1	['IntAct', 'HuRI']	2
YIPF6	RETREG3	['IntAct', 'HuRI']	2
YIPF6	TMEM14B	['IntAct', 'HuRI']	2
YIPF6	EBP	['IntAct', 'HuRI']	2
YIPF6	TMEM237	['IntAct', 'HuRI']	2
YIPF6	CREB3L1	['IntAct', 'HuRI']	2
YIPF6	FFAR1	['BioPlex_HCT116']	1
YIPF6	FCER1G	['HuRI']	1
YIPF6	TMX2	['IntAct', 'HuRI']	2
YIPF6	LPAR1	['BioPlex_HCT116']	1
YIPF6	GPR42	['IntAct', 'HuRI']	2
YIPF6	GPR152	['IntAct', 'HuRI']	2
YIPF6	ERGIC3	['IntAct', 'HuRI']	2
YIPF6	WLS	['IntAct']	1
YIPF6	KCNJ6	['IntAct', 'HuRI']	2
YIPF6	CNR2	['IntAct', 'HuRI']	2
YIPF6	IL1RL1	['IntAct', 'HuRI']	2
YIPF6	SLC12A7	['IntAct', 'HuRI']	2
YIPF6	P2RY2	['BioPlex_HCT116']	1
TMOD1	ACTB	['BioGRID']	1
TMOD1	GSN	['BioPlex_293T']	1
BECN1	BRCA1	['IntAct']	1
BECN1	YWHAG	['BioPlex_293T', 'BioGRID']	2
BECN1	KLF11	['IntAct']	1
BECN1	HTT	['IntAct']	1
BECN1	EGFR	['IntAct']	1
BECN1	AKT1	['BioGRID']	1
BECN1	GOPC	['BioGRID']	1
BECN1	TRIM21	['BioGRID']	1
BECN1	BCL2	['IntAct', 'BioGRID']	2
BECN1	TRAF6	['BioGRID']	1
BECN1	MAP2K3	['BioGRID']	1
BECN1	EZR	['IntAct']	1
BECN1	HSPB1	['IntAct']	1
BECN1	RAC1	['IntAct']	1
BECN1	GRIA1	['IntAct']	1
BECN1	BAG6	['IntAct']	1
BECN1	CDKN2A	['BioGRID']	1
BECN1	RACK1	['BioGRID']	1
NAP1L5	IQGAP1	['BioPlex_293T']	1
NAP1L5	ADM	['BioPlex_293T']	1
KRT34	HGS	['IntAct', 'HuRI']	2
KRT34	SLC15A2	['IntAct', 'HuRI']	2
KRT34	HOXA1	['IntAct', 'HuRI']	2
KRT34	CLDN19	['IntAct', 'HuRI']	2
KRT34	MKRN3	['IntAct', 'HuRI']	2
KRT34	ADRA2C	['IntAct', 'HuRI']	2
KRT34	NEK6	['IntAct', 'HuRI']	2
KRT34	SIRPA	['HuRI']	1
PRDX5	CCNF	['BioGRID']	1
PRDX5	SOD1	['IntAct', 'BioGRID']	2
PRDX5	HINT1	['BioGRID']	1
PRDX5	SOD2	['BioGRID']	1
JAK1	TGFBR2	['BioPlex_293T']	1
JAK1	GPR182	['BioPlex_HCT116']	1
JAK1	FFAR1	['BioPlex_HCT116']	1
JAK1	APLNR	['BioPlex_293T', 'BioPlex_HCT116']	2
JAK1	IFNGR1	['BioPlex_293T', 'BioGRID']	2
JAK1	JAK2	['IntAct']	1
JAK1	CXCR4	['BioPlex_293T']	1
JAK1	ADAM11	['BioPlex_293T']	1
JAK1	MDM2	['BioGRID']	1
JAK1	TNFRSF1A	['BioGRID']	1
JAK1	STAT3	['IntAct', 'BioGRID']	2
JAK1	IL4R	['BioPlex_293T', 'BioGRID']	2
JAK1	RACK1	['BioGRID']	1
JAK1	EDAR	['BioPlex_293T']	1
BCL2	BRCA1	['BioGRID']	1
BCL2	APP	['IntAct']	1
BCL2	MYC	['BioGRID']	1
BCL2	HSP90AA1	['BioGRID']	1
BCL2	MAPK1	['IntAct', 'BioGRID']	2
BCL2	SOD1	['IntAct', 'BioGRID']	2
BCL2	ANKLE2	['BioPlex_HCT116']	1
BCL2	ABCB1	['BioPlex_293T']	1
BCL2	MFF	['BioPlex_HCT116']	1
BCL2	SPHK2	['BioGRID']	1
ANAPC16	PENK	['BioPlex_293T']	1
ANAPC16	ANAPC4	['BioPlex_293T', 'BioPlex_HCT116', 'BioGRID']	3
ANAPC16	SPSB4	['BioPlex_HCT116']	1
ANAPC16	CDC26	['BioPlex_293T', 'BioPlex_HCT116', 'BioGRID']	3
ANAPC16	CDC27	['BioPlex_293T', 'BioPlex_HCT116', 'BioGRID']	3
ANAPC16	ANAPC1	['BioPlex_293T', 'BioPlex_HCT116', 'BioGRID']	3
ANAPC16	CDC23	['BioPlex_293T', 'BioPlex_HCT116', 'BioGRID']	3
ADCY8	STX7	['BioPlex_293T']	1
ADCY8	LGALS3	['BioPlex_293T']	1
ADCY8	FITM2	['BioPlex_293T']	1
ADCY8	OMA1	['BioPlex_293T']	1
OPRL1	ACTB	['BioPlex_293T']	1
OPRL1	OPRM1	['BioGRID']	1
OPRL1	ATP1A3	['BioPlex_293T']	1
OPRL1	TUBB8	['BioPlex_293T']	1
OPRL1	ATP2B4	['BioPlex_293T']	1
OPRL1	THADA	['BioPlex_293T']	1
OPRL1	PTDSS2	['BioPlex_293T']	1
OPRL1	ATP2B3	['BioPlex_293T']	1
OPRL1	OMA1	['BioPlex_293T']	1
OPRL1	TNFRSF10B	['BioPlex_293T']	1
OPRL1	PNOC	['BioGRID']	1
OPRL1	P2RX4	['BioPlex_293T']	1
RET	PLCG1	['BioGRID']	1
RET	EGFR	['IntAct', 'BioGRID']	2
RET	NOTCH2NLA	['IntAct']	1
RET	CTNNB1	['BioGRID']	1
RET	GOPC	['BioGRID']	1
RET	RABAC1	['BioPlex_293T']	1
RET	SHC1	['BioGRID']	1
RET	STAT3	['BioGRID']	1
RET	CANX	['BioGRID']	1
RET	HSP90AA1	['BioGRID']	1
RET	MANEA	['BioPlex_293T']	1
RET	SDF2L1	['BioPlex_HCT116', 'BioGRID']	2
RET	CLU	['BioGRID']	1
RET	CRK	['BioGRID']	1
RET	PDLIM7	['BioGRID']	1
RET	ALK	['IntAct', 'BioGRID']	2
JAGN1	APP	['BioGRID']	1
JAGN1	RETREG3	['IntAct', 'HuRI']	2
JAGN1	STX7	['IntAct', 'HuRI']	2
JAGN1	TMEM14B	['IntAct', 'HuRI']	2
JAGN1	EBP	['IntAct', 'HuRI']	2
JAGN1	TMEM237	['IntAct', 'HuRI']	2
JAGN1	CREB3L1	['IntAct', 'HuRI']	2
JAGN1	CMTM5	['IntAct', 'HuRI']	2
JAGN1	VAMP2	['IntAct', 'HuRI']	2
JAGN1	MFF	['IntAct', 'HuRI']	2
JAGN1	STX1A	['IntAct', 'HuRI']	2
JAGN1	CLEC12B	['IntAct', 'HuRI']	2
JAGN1	GPR152	['IntAct', 'HuRI']	2
JAGN1	TMEM120B	['IntAct', 'HuRI']	2
JAGN1	LPAR3	['IntAct', 'HuRI']	2
JAGN1	BET1	['IntAct', 'HuRI']	2
JAGN1	GOLM1	['IntAct', 'HuRI']	2
JAGN1	VAPB	['IntAct', 'HuRI']	2
JAGN1	ERGIC3	['IntAct', 'HuRI']	2
JAGN1	STX5	['IntAct', 'HuRI']	2
JAGN1	NRG1	['IntAct', 'HuRI']	2
JAGN1	CYP4F2	['IntAct', 'HuRI']	2
JAGN1	STOML3	['IntAct', 'HuRI']	2
RAC1	APP	['IntAct']	1
RAC1	CLTC	['BioGRID']	1
RAC1	CAV1	['IntAct', 'BioGRID']	2
RAC1	PLCG1	['IntAct']	1
RAC1	KRT40	['IntAct', 'HuRI']	2
RAC1	UBC	['BioGRID']	1
RAC1	AKT1	['IntAct']	1
RAC1	MDFI	['IntAct', 'HuRI']	2
RAC1	CTNNB1	['BioGRID']	1
RAC1	BCR	['BioGRID']	1
RAC1	IQGAP1	['IntAct', 'BioGRID']	2
RAC1	CDC23	['IntAct', 'HuRI']	2
RAC1	STAT3	['BioGRID']	1
RAC1	IL1RAP	['BioGRID']	1
RAC1	MYD88	['BioGRID']	1
RAC1	RHOB	['BioGRID']	1
RAC1	VAV1	['IntAct', 'BioGRID']	2
RAC1	IL18	['BioPlex_293T']	1
RAC1	LGALS1	['BioGRID']	1
TRIM68	CRELD1	['BioPlex_293T']	1
TRIM68	REL	['IntAct', 'HuRI']	2
TRIM68	DISC1	['IntAct']	1
TRIM68	COLQ	['BioPlex_293T', 'BioPlex_HCT116']	2
TRIM68	NTF4	['IntAct', 'BioPlex_293T']	2
MANEA	CRELD1	['BioPlex_293T']	1
MANEA	SIDT2	['BioPlex_293T']	1
MANEA	CLU	['BioPlex_293T']	1
MANEA	LAMA4	['BioPlex_293T']	1
FBXW7	HNRNPK	['BioGRID']	1
FBXW7	MYC	['IntAct', 'BioGRID']	2
FBXW7	CREB3L1	['BioPlex_293T']	1
FBXW7	AKT1	['IntAct']	1
FBXW7	CTNNB1	['BioGRID']	1
FBXW7	MFF	['BioGRID']	1
FBXW7	HSPA8	['BioGRID']	1
FBXW7	RACK1	['BioGRID']	1
FBXW7	STAT3	['BioGRID']	1
FBXW7	ENO1	['BioGRID']	1
FBXW7	DISC1	['BioGRID']	1
FBXW7	FBXO45	['BioPlex_293T', 'BioGRID']	2
FBXW7	EIF2B4	['BioGRID']	1
FBXW7	RBX1	['BioPlex_293T', 'BioGRID']	2
FBXW7	SPI1	['BioGRID']	1
FOXN1	CDC23	['IntAct', 'HuRI']	2
FOXN1	HOXA1	['IntAct', 'HuRI']	2
FOXN1	CDA	['IntAct', 'HuRI']	2
GPM6A	MAPT	['BioPlex_293T']	1
GPM6A	KLF11	['IntAct']	1
GPM6A	HTT	['IntAct']	1
GPM6A	NUFIP1	['BioPlex_293T']	1
GPM6A	STX1A	['BioPlex_293T']	1
GPM6A	HTR3A	['BioPlex_293T']	1
GPM6A	DGUOK	['BioPlex_293T']	1
GPM6A	FITM2	['BioPlex_HCT116']	1
GPM6A	HPCAL1	['BioPlex_293T']	1
GPM6A	SYN2	['BioPlex_293T']	1
GPM6A	SYN1	['BioPlex_293T']	1
GPM6A	HAX1	['BioPlex_293T']	1
GPM6A	TGFBR2	['IntAct']	1
GPM6A	ATP2B3	['BioPlex_293T']	1
GPM6A	NCAM1	['BioPlex_293T']	1
GPM6A	GNAZ	['BioPlex_293T']	1
GPM6A	WLS	['IntAct']	1
GPM6A	TNFRSF10B	['BioPlex_HCT116']	1
THBS3	THBS4	['BioPlex_293T']	1
THBS3	TUBB8	['BioPlex_293T']	1
CANX	APP	['IntAct', 'BioGRID']	2
CANX	EGFR	['BioGRID']	1
CANX	CLGN	['BioGRID']	1
CANX	AGR2	['BioGRID']	1
CANX	GLA	['BioGRID']	1
CANX	LNPEP	['BioGRID']	1
CANX	DPP4	['BioGRID']	1
CANX	CHRNA5	['BioGRID']	1
CANX	ACE2	['BioGRID']	1
CANX	IGF1R	['BioGRID']	1
CANX	ASPH	['BioGRID']	1
CANX	BRICD5	['BioPlex_HCT116']	1
CANX	CLU	['BioGRID']	1
CANX	SDF2L1	['BioPlex_HCT116']	1
CANX	TOR3A	['BioPlex_HCT116']	1
CANX	COPB1	['BioGRID']	1
CANX	GABRA1	['BioGRID']	1
CANX	SLC12A2	['BioGRID']	1
CANX	ALK	['BioGRID']	1
CANX	VAPB	['BioGRID']	1
CANX	RHOB	['BioGRID']	1
FGG	SLC6A1	['BioPlex_293T']	1
FGG	KDM1A	['BioPlex_293T']	1
FGG	SARAF	['BioPlex_HCT116']	1
FGG	RHBDD1	['BioPlex_HCT116']	1
FGG	TRAF6	['BioPlex_293T']	1
FGG	LGALS3	['BioPlex_HCT116']	1
FGG	KLK10	['BioPlex_HCT116']	1
FGG	GLRA3	['BioPlex_293T']	1
IL10	LRP2	['BioPlex_293T']	1
IL10	NOTCH2NLA	['HuRI']	1
IL10	KRTAP10-8	['IntAct', 'HuRI']	2
IL10	A2M	['BioGRID']	1
IL10	YY1	['IntAct', 'HuRI']	2
IL10	VGF	['BioPlex_HCT116']	1
BAG6	APP	['IntAct', 'BioGRID']	2
BAG6	SGTA	['IntAct', 'BioGRID', 'HuRI']	3
BAG6	UBQLN4	['IntAct', 'BioGRID']	2
BAG6	PER1	['IntAct']	1
BAG6	CDC23	['IntAct']	1
BAG6	PRKAR1B	['IntAct', 'HuRI']	2
BAG6	SPP1	['IntAct', 'BioGRID']	2
BAG6	LCK	['BioGRID']	1
BAG6	HSPB1	['IntAct']	1
BAG6	VAPB	['BioGRID']	1
BAG6	MDM2	['BioGRID']	1
BAG6	STX5	['BioGRID']	1
H1-4	AGR2	['BioGRID']	1
H1-4	ACE2	['BioGRID']	1
H1-4	NCL	['BioPlex_HCT116']	1
H1-4	PRX	['BioGRID']	1
IQGAP1	ACTB	['BioGRID']	1
IQGAP1	MEOX2	['HuRI']	1
IQGAP1	EGFR	['IntAct', 'BioGRID']	2
IQGAP1	MYC	['BioGRID']	1
IQGAP1	CTNNB1	['IntAct', 'BioGRID']	2
IQGAP1	AGR2	['BioGRID']	1
IQGAP1	PDLIM7	['HuRI']	1
IQGAP1	PRKACA	['BioGRID']	1
IQGAP1	CYBB	['BioGRID']	1
IQGAP1	PIP5K1C	['IntAct']	1
IQGAP1	MAPK1	['BioGRID']	1
IQGAP1	HSPA8	['BioGRID']	1
IQGAP1	RHOB	['BioGRID']	1
IQGAP1	S100A2	['BioPlex_293T']	1
OR6T1	SLC4A2	['BioPlex_293T']	1
OR6T1	ANKLE2	['BioPlex_293T']	1
OR6T1	UBQLN4	['BioPlex_293T']	1
OR6T1	SLC6A6	['BioPlex_293T']	1
DLG1	DLG3	['BioPlex_293T', 'BioGRID']	2
DLG1	GRIN2A	['BioGRID']	1
DLG1	GRIN2B	['IntAct', 'BioGRID']	2
DLG1	GRIA1	['BioGRID']	1
DLG1	EZR	['BioGRID']	1
DLG1	LCK	['IntAct', 'BioGRID']	2
DLG1	RHOB	['BioGRID']	1
IL4R	HGS	['BioGRID']	1
IL4R	SHC1	['BioGRID']	1
IL4R	GOLGA2	['BioPlex_293T']	1
IL4R	STX5	['BioPlex_293T']	1
IL4R	IL4	['IntAct']	1
IL4R	ANKLE2	['BioPlex_293T']	1
TSHR	POTEF	['BioPlex_293T']	1
TSHR	TUBA1A	['BioPlex_HCT116']	1
TSHR	CHRNA5	['BioPlex_HCT116']	1
TSHR	TUBB8	['BioPlex_HCT116']	1
TSHR	OS9	['BioPlex_HCT116']	1
TSHR	LMAN2L	['BioPlex_HCT116']	1
TSHR	SCRIB	['IntAct', 'BioGRID']	2
TSHR	ADORA1	['IntAct', 'BioGRID']	2
SARAF	APOD	['BioPlex_HCT116']	1
SARAF	TGM1	['BioPlex_HCT116']	1
SARAF	SIDT2	['BioPlex_293T']	1
SARAF	NRSN1	['BioPlex_293T']	1
SARAF	LCN2	['BioPlex_HCT116']	1
SARAF	POF1B	['BioPlex_HCT116']	1
SARAF	KLK10	['BioPlex_HCT116']	1
SARAF	HLA-DRA	['BioPlex_HCT116']	1
SARAF	STAT3	['BioPlex_HCT116']	1
SARAF	KPRP	['BioPlex_HCT116']	1
SARAF	RXFP1	['BioPlex_293T']	1
PENK	CDC26	['BioPlex_293T']	1
PENK	ANAPC4	['BioPlex_293T']	1
PENK	CDC23	['BioPlex_293T']	1
PENK	CDC27	['BioPlex_293T']	1
PENK	PDYN	['BioPlex_293T']	1
PENK	ANAPC1	['BioPlex_293T']	1
HLA-DRA	BTNL2	['BioPlex_HCT116']	1
HLA-DRA	GLA	['BioPlex_HCT116']	1
HLA-DRA	LNPEP	['BioPlex_293T', 'BioPlex_HCT116']	2
HLA-DRA	TLR3	['BioGRID']	1
HLA-DRA	IGF1R	['BioPlex_HCT116']	1
HLA-DRA	NR2F2	['BioPlex_293T']	1
HLA-DRA	NUCB1	['BioPlex_HCT116']	1
HLA-DRA	GOLM1	['BioPlex_HCT116']	1
HLA-DRA	OS9	['BioPlex_HCT116']	1
HLA-DRA	SGCB	['BioPlex_HCT116']	1
HLA-DRA	ASPH	['BioPlex_HCT116']	1
BRICD5	POTEF	['BioPlex_293T']	1
BRICD5	EGFR	['BioPlex_HCT116']	1
BRICD5	CREB3L1	['IntAct', 'HuRI']	2
BRICD5	POTEE	['BioPlex_HCT116']	1
BRICD5	TMX2	['IntAct', 'HuRI']	2
BRICD5	APLP2	['BioPlex_HCT116']	1
BRICD5	CHRNA5	['BioPlex_HCT116']	1
BRICD5	OS9	['BioPlex_HCT116']	1
BRICD5	TMPRSS2	['IntAct', 'HuRI']	2
BRICD5	ITGB4	['BioPlex_HCT116']	1
BRICD5	SGCB	['IntAct', 'BioPlex_HCT116', 'BioGRID', 'HuRI']	4
BRICD5	NT5E	['BioPlex_HCT116']	1
BRICD5	POMGNT2	['BioPlex_HCT116']	1
BRICD5	ULBP3	['BioPlex_HCT116']	1
BRICD5	FAM3C	['BioPlex_293T']	1
ESR1	ACTB	['BioGRID']	1
ESR1	HDAC1	['BioGRID']	1
ESR1	BRCA1	['IntAct', 'BioGRID']	2
ESR1	CLTC	['BioGRID']	1
ESR1	GSN	['BioGRID']	1
ESR1	SKP2	['BioGRID']	1
ESR1	CAV1	['BioGRID']	1
ESR1	HSPA1B	['BioGRID']	1
ESR1	KDM1A	['BioGRID']	1
ESR1	RELA	['IntAct', 'BioGRID']	2
ESR1	CEBPB	['IntAct', 'BioGRID']	2
ESR1	EGFR	['IntAct', 'BioGRID']	2
ESR1	ASPH	['BioGRID']	1
ESR1	GAPDH	['BioGRID']	1
ESR1	BRI3BP	['BioGRID']	1
ESR1	IGF1R	['BioGRID']	1
ESR1	SHC1	['BioGRID']	1
ESR1	FBXO45	['BioGRID']	1
ESR1	MAP7	['BioGRID']	1
ESR1	ESR2	['IntAct', 'BioGRID']	2
ESR1	NCOR1	['BioGRID']	1
ESR1	HSPA8	['BioGRID']	1
ESR1	NR2F2	['BioGRID']	1
ESR1	PPP1CC	['IntAct', 'BioGRID']	2
ESR1	MAPK1	['BioGRID']	1
ESR1	MDM2	['IntAct', 'BioGRID']	2
ESR1	HSP90AA1	['BioGRID']	1
ESR1	ACTN1	['BioGRID']	1
ESR1	STAT3	['BioGRID']	1
ESR1	DDB1	['BioGRID']	1
ESR1	KIF1A	['BioGRID']	1
ESR1	RACK1	['BioGRID']	1
ESR1	NCL	['BioGRID']	1
ESR1	PRKDC	['BioGRID']	1
ESR1	TBL2	['BioGRID']	1
ESR1	LGALS3	['BioGRID']	1
ESR1	HSPB1	['BioGRID']	1
ESR1	CTBP2	['BioGRID']	1
ESR1	NSF	['BioGRID']	1
MAL	OPRM1	['IntAct', 'HuRI']	2
MAL	CREB3L1	['IntAct', 'HuRI']	2
MAL	EMP1	['IntAct', 'HuRI']	2
MAL	STX1A	['IntAct', 'HuRI']	2
MAL	GPR152	['IntAct', 'HuRI']	2
MAL	CD40	['IntAct', 'HuRI']	2
MAL	LMAN2L	['IntAct', 'HuRI']	2
MAL	SGCB	['IntAct', 'HuRI']	2
SIAH1	APP	['IntAct']	1
SIAH1	OPRM1	['IntAct', 'BioGRID']	2
SIAH1	UBE2D1	['BioGRID']	1
SIAH1	SDCBP	['IntAct', 'HuRI']	2
SIAH1	CTNNB1	['BioGRID']	1
SIAH1	CSNK1D	['IntAct']	1
SIAH1	STAT3	['BioGRID']	1
SIAH1	CDC23	['IntAct', 'HuRI']	2
SIAH1	NCOR1	['IntAct']	1
SIAH1	DAB1	['BioGRID']	1
SIAH1	CDK5R1	['IntAct']	1
SIAH1	AQP1	['IntAct', 'HuRI']	2
SIAH1	GAPDH	['BioGRID']	1
SIAH1	MYD88	['BioGRID']	1
SIAH1	COPS5	['BioGRID']	1
SIAH1	APLP2	['IntAct']	1
KLF11	RNF31	['IntAct']	1
KLF11	APP	['IntAct']	1
KLF11	CEP70	['IntAct']	1
KLF11	HTT	['IntAct']	1
KLF11	CBX6	['IntAct']	1
KLF11	CDC23	['IntAct']	1
KLF11	PER1	['IntAct']	1
SCAMP2	RETREG3	['BioPlex_HCT116']	1
SCAMP2	HTR1B	['BioPlex_HCT116']	1
SCAMP2	TSPAN15	['BioPlex_HCT116']	1
SCAMP2	GPR182	['BioPlex_HCT116']	1
SCAMP2	NTSR1	['BioPlex_HCT116']	1
SCAMP2	ADORA2B	['BioPlex_HCT116']	1
SCAMP2	CST4	['BioPlex_HCT116']	1
SCAMP2	CST2	['BioPlex_HCT116']	1
SCAMP2	AMY1C	['BioPlex_HCT116']	1
SCAMP2	LPAR1	['BioPlex_HCT116']	1
SCAMP2	ATE1	['BioPlex_HCT116']	1
SCAMP2	C5AR1	['BioPlex_HCT116']	1
SCAMP2	P2RY2	['BioPlex_HCT116']	1
SCAMP2	GOLGA5	['BioPlex_HCT116']	1
SCAMP2	ZG16B	['BioPlex_HCT116']	1
SCAMP2	IGHA2	['BioPlex_HCT116']	1
KRTAP10-8	MEOX2	['IntAct', 'HuRI']	2
KRTAP10-8	KRTAP10-7	['IntAct', 'HuRI']	2
KRTAP10-8	NOTCH2NLA	['IntAct', 'HuRI']	2
KRTAP10-8	AQP1	['IntAct', 'HuRI']	2
KRTAP10-8	KPRP	['IntAct', 'HuRI']	2
KRTAP10-8	ITGB4	['IntAct', 'HuRI']	2
KRTAP10-8	HPCAL1	['IntAct', 'HuRI']	2
KRTAP10-8	YY1	['IntAct', 'HuRI']	2
KRTAP10-8	GLP1R	['IntAct', 'HuRI']	2
KRTAP10-8	HOXA1	['IntAct', 'HuRI']	2
KRTAP10-8	NEK6	['IntAct', 'HuRI']	2
KRTAP10-8	PTGER3	['IntAct']	1
KRTAP10-8	TNPO3	['IntAct', 'HuRI']	2
CDC37	ACTB	['IntAct', 'BioGRID', 'HuRI']	3
CDC37	PDGFRA	['BioGRID']	1
CDC37	MAPT	['BioGRID']	1
CDC37	CEP70	['IntAct', 'HuRI']	2
CDC37	NTRK2	['BioGRID']	1
CDC37	NECAB2	['IntAct', 'HuRI']	2
CDC37	EGFR	['IntAct', 'BioGRID']	2
CDC37	IGF1R	['BioGRID']	1
CDC37	TNIP1	['IntAct', 'HuRI']	2
CDC37	STX1A	['IntAct', 'HuRI']	2
CDC37	CDK5	['BioPlex_HCT116', 'BioGRID']	2
CDC37	HSPA8	['BioGRID']	1
CDC37	IRAK1	['BioGRID']	1
CDC37	LCK	['BioGRID']	1
CDC37	GOLGA2	['IntAct']	1
CDC37	APOE	['BioGRID']	1
CDC37	IKBKB	['IntAct', 'BioPlex_293T', 'BioPlex_HCT116', 'BioGRID']	4
CDC37	CSNK2A2	['BioGRID']	1
CDC37	PRKACA	['BioGRID']	1
CDC37	GFAP	['IntAct', 'BioGRID', 'HuRI']	3
CDC37	MDFI	['IntAct', 'HuRI']	2
CDC37	RYK	['BioPlex_HCT116', 'BioGRID']	2
CDC37	FATE1	['IntAct', 'HuRI']	2
CDC37	PRKAR1B	['IntAct', 'HuRI']	2
CDC37	CUL4B	['IntAct']	1
CDC37	CSNK2A1	['BioGRID']	1
CDC37	ALK	['BioGRID']	1
CDC37	YWHAE	['BioGRID']	1
CDC37	PRKCE	['BioPlex_293T', 'BioGRID']	2
CDC37	AKT1	['IntAct', 'BioGRID']	2
CDC37	DISC1	['IntAct']	1
CDC37	MYC	['BioGRID']	1
CDC37	HSP90AA1	['IntAct', 'BioPlex_293T', 'BioPlex_HCT116', 'BioGRID']	4
CDC37	IKBKE	['IntAct', 'BioGRID']	2
CDC37	NOS3	['BioGRID']	1
CDC37	CHUK	['IntAct', 'BioPlex_293T', 'BioPlex_HCT116', 'BioGRID']	4
TTMP	SNX14	['BioPlex_293T']	1
TTMP	TRPM4	['BioPlex_293T']	1
TTMP	TNFSF8	['BioPlex_293T']	1
TTMP	UPK2	['IntAct', 'HuRI']	2
TTMP	TMEM237	['IntAct', 'HuRI']	2
TTMP	SGTA	['IntAct', 'HuRI']	2
TTMP	PCNX3	['BioPlex_293T', 'BioPlex_HCT116']	2
TTMP	MFF	['IntAct', 'HuRI']	2
TTMP	UBAC2	['BioPlex_HCT116']	1
TTMP	TMX2	['IntAct', 'BioPlex_293T', 'BioGRID', 'HuRI']	4
TTMP	DHRS7	['BioPlex_293T', 'BioPlex_HCT116']	2
TTMP	IL1RAP	['BioPlex_293T']	1
TTMP	FAAH	['BioPlex_HCT116']	1
TTMP	RDH14	['BioPlex_293T']	1
TTMP	ERGIC3	['IntAct', 'HuRI']	2
TTMP	SLC12A2	['BioPlex_293T', 'BioPlex_HCT116']	2
TTMP	TMPRSS2	['IntAct', 'HuRI']	2
TTMP	RYK	['BioPlex_293T']	1
TTMP	TAOK2	['BioPlex_293T']	1
TTMP	ATP2B4	['BioPlex_293T']	1
TTMP	CREB3	['HuRI']	1
TTMP	KCNJ11	['BioPlex_293T']	1
TTMP	C2CD2L	['BioPlex_293T']	1
TTMP	TBL2	['BioPlex_293T', 'BioPlex_HCT116']	2
TTMP	P2RX4	['BioPlex_293T']	1
TTMP	ABCB1	['BioPlex_293T']	1
TTMP	SLC12A7	['BioPlex_293T', 'BioPlex_HCT116']	2
TTMP	CTDNEP1	['BioPlex_293T']	1
TTMP	USP33	['BioPlex_293T']	1
TTMP	TMEM63B	['BioPlex_293T', 'BioPlex_HCT116']	2
TTMP	BET1	['BioPlex_293T']	1
RBM25	EGFR	['BioGRID']	1
RBM25	MYC	['BioGRID']	1
RBM25	GOLGA2	['IntAct']	1
RBM25	RGS9	['BioPlex_293T']	1
PTGER3	MEOX2	['IntAct']	1
PTGER3	KRT40	['IntAct']	1
PTGER3	KRTAP10-7	['IntAct']	1
PTGER3	NOTCH2NLA	['IntAct']	1
PTGER3	REL	['IntAct']	1
PTGER3	RGS20	['IntAct']	1
PTGER3	CDA	['IntAct']	1
ALOX5	MEOX2	['HuRI']	1
ALOX5	REL	['IntAct', 'HuRI']	2
ALOX5	LCN1	['IntAct', 'HuRI']	2
PTDSS2	RETREG3	['BioPlex_HCT116']	1
PTDSS2	DRD3	['BioPlex_HCT116']	1
PTDSS2	FFAR1	['BioPlex_HCT116']	1
PTDSS2	TSPAN15	['BioPlex_HCT116']	1
PTDSS2	GPR182	['BioPlex_HCT116']	1
PTDSS2	LPAR1	['BioPlex_HCT116']	1
PTDSS2	APLNR	['BioPlex_HCT116']	1
PTDSS2	P2RX2	['BioPlex_HCT116']	1
PTDSS2	TACR1	['BioPlex_HCT116']	1
PTDSS2	EDNRA	['BioPlex_HCT116']	1
PTDSS2	ADORA2B	['BioPlex_HCT116']	1
PTDSS2	P2RY2	['BioPlex_HCT116']	1
SLC30A1	DNAJC5	['BioPlex_293T', 'BioGRID']	2
SLC30A1	CLGN	['BioPlex_293T']	1
SLC30A1	LGALS3	['BioPlex_293T']	1
SLC30A1	RHOB	['BioGRID']	1
SLC30A1	PTGIR	['BioPlex_293T']	1
SLC30A1	CYBB	['BioPlex_293T']	1
PRG2	APP	['BioPlex_HCT116']	1
PRG2	RANBP9	['BioPlex_293T', 'BioPlex_HCT116']	2
PRG2	SORL1	['BioPlex_HCT116']	1
PRG2	CHRNA5	['BioPlex_HCT116']	1
PRG2	POMGNT2	['BioPlex_HCT116']	1
PRG2	COL6A1	['BioPlex_HCT116']	1
PRG2	BACE2	['BioPlex_HCT116']	1
PRG2	LRP5	['BioPlex_HCT116']	1
PRG2	MMP15	['BioPlex_HCT116']	1
PRG2	TOR3A	['BioPlex_293T', 'BioPlex_HCT116']	2
PRG2	MAP7	['BioPlex_HCT116']	1
PRG2	TUBB8	['BioPlex_HCT116']	1
PRG2	POTEE	['BioPlex_293T']	1
PRG2	APLP2	['BioPlex_HCT116']	1
LCK	MAPT	['BioGRID']	1
LCK	CD247	['IntAct', 'BioGRID']	2
LCK	HSPA1B	['BioGRID']	1
LCK	UBC	['IntAct', 'BioGRID']	2
LCK	MAPK1	['IntAct']	1
LCK	STAT3	['IntAct']	1
LCK	HSP90AA1	['IntAct', 'BioGRID']	2
LCK	KIT	['BioGRID']	1
LCK	CD4	['IntAct', 'BioGRID']	2
KCNJ11	SIDT2	['BioPlex_293T']	1
CST2	NOTCH2NLA	['IntAct', 'HuRI']	2
CST2	PRKCE	['BioPlex_293T']	1
CST2	JAK2	['BioPlex_293T']	1
CST2	UCP2	['BioPlex_293T']	1
IL18	ZNF747	['BioPlex_293T']	1
IL18	FAM24B	['BioPlex_293T']	1
CRIP2	SARNP	['BioPlex_293T']	1
CRIP2	MSC	['BioPlex_HCT116']	1
TBCB	TUBA1A	['BioGRID']	1
TBCB	CCNF	['BioGRID']	1
GABBR1	CRELD1	['BioPlex_293T']	1
GABBR1	DDIT3	['BioGRID']	1
GABBR1	GOLGA5	['BioPlex_293T']	1
GABBR1	NSF	['IntAct']	1
GABBR1	GABBR2	['IntAct', 'BioGRID']	2
CSK	HNRNPK	['BioGRID']	1
CSK	CD247	['BioGRID']	1
CSK	CAV1	['BioGRID']	1
CSK	EGFR	['IntAct', 'BioGRID']	2
CSK	AKT1	['BioGRID']	1
CSK	SHC1	['BioGRID']	1
CSK	IGF1R	['IntAct', 'BioGRID']	2
CSK	ARRB1	['BioGRID']	1
SIGMAR1	APP	['BioGRID']	1
SIGMAR1	RETREG3	['BioPlex_HCT116']	1
SIGMAR1	HTR1B	['BioPlex_HCT116']	1
SIGMAR1	SLC4A2	['BioPlex_HCT116']	1
SIGMAR1	CXCR4	['BioPlex_HCT116']	1
SIGMAR1	TSPAN15	['BioPlex_HCT116']	1
SIGMAR1	GPR182	['BioPlex_HCT116']	1
SIGMAR1	LPAR1	['BioPlex_HCT116']	1
SIGMAR1	PRKACA	['IntAct']	1
SIGMAR1	TGFBR2	['IntAct']	1
SIGMAR1	ASPH	['BioPlex_HCT116']	1
SIGMAR1	C5AR1	['BioPlex_HCT116']	1
SIGMAR1	APLNR	['BioPlex_293T']	1
SIGMAR1	BRI3BP	['BioPlex_HCT116']	1
SIGMAR1	ADORA2B	['BioPlex_HCT116']	1
SIGMAR1	TACR1	['BioPlex_HCT116']	1
LRP5	NRSN1	['BioPlex_293T']	1
LRP5	GPIHBP1	['BioPlex_293T']	1
LRP5	DNAJB9	['BioPlex_HCT116']	1
LRP5	TRAF6	['BioGRID']	1
LRP5	SDF2L1	['BioPlex_HCT116']	1
LRP5	CCL17	['BioPlex_293T']	1
LRP5	ADAM33	['BioPlex_293T']	1
GLRA2	FAM3C	['BioPlex_293T']	1
GLRA2	NUP35	['BioPlex_293T']	1
GLRA2	SGCB	['BioPlex_293T']	1
GLRA2	MARCHF6	['BioPlex_293T']	1
PTTG1IP	TMPRSS2	['IntAct', 'HuRI']	2
PTTG1IP	PTGS1	['IntAct']	1
PTTG1IP	SGCB	['IntAct', 'HuRI']	2
PLEKHF2	ASPH	['IntAct', 'HuRI']	2
PLEKHF2	RABAC1	['IntAct', 'HuRI']	2
PLEKHF2	DTX2	['IntAct', 'HuRI']	2
PLEKHF2	TRAF6	['IntAct', 'HuRI']	2
PLEKHF2	YY1	['IntAct', 'HuRI']	2
TMEM63B	ZDHHC12	['BioPlex_293T', 'BioPlex_HCT116']	2
TMEM63B	CXCR4	['BioPlex_HCT116', 'BioGRID']	2
TMEM63B	CMTM5	['BioPlex_293T']	1
TMEM63B	TSPAN15	['BioPlex_HCT116']	1
TMEM63B	SIDT2	['BioPlex_HCT116']	1
TMEM63B	MTUS2	['BioPlex_293T']	1
TMEM63B	C5AR1	['BioPlex_293T', 'BioPlex_HCT116']	2
TMEM63B	LGALS3	['BioPlex_HCT116']	1
TMEM63B	PTGIR	['BioPlex_293T']	1
TMEM63B	RXFP1	['BioPlex_293T']	1
TMEM63B	NRG1	['BioPlex_293T']	1
CEBPB	HDAC1	['BioGRID']	1
CEBPB	HNRNPK	['BioGRID']	1
CEBPB	RELA	['BioGRID']	1
CEBPB	STAT3	['BioGRID']	1
CEBPB	MYC	['BioGRID']	1
CEBPB	ELAVL1	['BioGRID']	1
CEBPB	NPEPPS	['BioGRID']	1
CEBPB	DDIT3	['IntAct', 'BioPlex_293T', 'BioGRID']	3
CEBPB	NCOR1	['BioGRID']	1
CEBPB	S100A2	['BioPlex_293T']	1
LGALS1	HSPA1B	['BioGRID']	1
LGALS1	LRP2	['BioPlex_293T']	1
LGALS1	SDCBP	['BioPlex_HCT116']	1
LGALS1	SLC4A2	['BioPlex_293T']	1
LGALS1	EGFR	['BioPlex_293T', 'BioGRID']	2
LGALS1	MYC	['BioGRID']	1
LGALS1	APOE	['IntAct']	1
LGALS1	AGR2	['BioGRID']	1
LGALS1	LNPEP	['BioPlex_293T', 'BioPlex_HCT116']	2
LGALS1	FAT3	['BioPlex_293T']	1
LGALS1	IGF1R	['BioPlex_293T', 'BioPlex_HCT116']	2
LGALS1	SORL1	['BioPlex_293T', 'BioPlex_HCT116']	2
LGALS1	LGALS3	['BioPlex_HCT116', 'BioGRID']	2
LGALS1	ACE	['BioPlex_293T', 'BioPlex_HCT116']	2
LGALS1	DPP8	['BioPlex_293T']	1
LGALS1	FAM24B	['BioPlex_293T']	1
LGALS1	LAMA4	['BioPlex_293T']	1
LGALS1	FAT4	['BioPlex_293T']	1
LGALS1	SLC12A7	['BioPlex_293T']	1
RUSF1	TMX2	['IntAct', 'HuRI']	2
RUSF1	CREB3L1	['IntAct', 'HuRI']	2
RUSF1	IFNGR1	['IntAct', 'BioGRID', 'HuRI']	3
RUSF1	TMEM120B	['BioPlex_293T']	1
RUSF1	GPR182	['BioPlex_HCT116']	1
RUSF1	FFAR1	['BioPlex_HCT116']	1
RUSF1	ERGIC3	['IntAct', 'HuRI']	2
RUSF1	TMEM237	['IntAct', 'HuRI']	2
RUSF1	FITM2	['BioPlex_293T']	1
RUSF1	TNPO3	['BioPlex_293T']	1
RUSF1	RETREG3	['IntAct', 'HuRI']	2
RUSF1	GPR42	['IntAct', 'HuRI']	2
RUSF1	SDCBP	['BioPlex_293T']	1
RUSF1	CMTM5	['IntAct', 'HuRI']	2
RUSF1	EBP	['IntAct', 'HuRI']	2
RUSF1	FCER1G	['HuRI']	1
RUSF1	CREB3	['HuRI']	1
RUSF1	HTT	['IntAct']	1
RUSF1	APLNR	['BioPlex_HCT116']	1
RUSF1	EDNRA	['BioPlex_HCT116']	1
CAV1	ACTB	['BioGRID']	1
CAV1	PDGFRA	['BioGRID']	1
CAV1	APP	['IntAct', 'BioGRID']	2
CAV1	TACR1	['BioPlex_293T']	1
CAV1	HTR2C	['BioPlex_293T']	1
CAV1	CSNK1D	['IntAct']	1
CAV1	EGFR	['IntAct', 'BioGRID']	2
CAV1	PLCG1	['IntAct']	1
CAV1	PTGS2	['BioGRID']	1
CAV1	P2RY12	['BioPlex_293T']	1
CAV1	UBC	['BioGRID']	1
CAV1	GLP1R	['BioGRID']	1
CAV1	RHOB	['BioGRID']	1
CAV1	NOS3	['BioGRID']	1
CAV1	CTNNB1	['BioGRID']	1
P2RX2	ATP1A3	['BioPlex_HCT116']	1
P2RX2	CHRNA5	['BioPlex_HCT116']	1
P2RX2	TUBB8	['BioPlex_293T']	1
P2RX2	AMY1C	['BioPlex_HCT116']	1
P2RX2	SGCB	['BioPlex_HCT116']	1
P2RX2	GABRA1	['BioGRID']	1
KRT40	KDM1A	['IntAct', 'HuRI']	2
KRT40	AQP1	['IntAct', 'HuRI']	2
KRT40	CDK5R1	['IntAct']	1
KRT40	ING5	['IntAct', 'HuRI']	2
KRT40	ITGB4	['IntAct', 'HuRI']	2
KRT40	HGS	['IntAct', 'HuRI']	2
KRT40	HOXA1	['IntAct', 'HuRI']	2
KRT40	ZBTB16	['IntAct', 'HuRI']	2
KRT40	ATE1	['BioPlex_HCT116']	1
KRT40	ZNF410	['IntAct', 'HuRI']	2
KRT40	NEK6	['IntAct', 'HuRI']	2
KRT40	SIRPA	['HuRI']	1
ING5	HTT	['IntAct']	1
ING5	KRTAP10-7	['IntAct', 'HuRI']	2
ING5	HGS	['IntAct', 'HuRI']	2
ING5	KXD1	['IntAct', 'HuRI']	2
ING5	NAV2	['IntAct', 'BioPlex_293T', 'BioGRID', 'HuRI']	4
SNAPC5	DDIT3	['IntAct', 'HuRI']	2
TMEM14A	TMEM14B	['IntAct', 'HuRI']	2
TMEM14A	CREB3L1	['IntAct', 'HuRI']	2
TMEM14A	CREB3	['HuRI']	1
TMEM14A	LXN	['IntAct', 'HuRI']	2
TMEM14A	WLS	['IntAct']	1
TMEM14A	ERGIC3	['IntAct', 'HuRI']	2
TNFRSF1B	TNPO3	['BioPlex_293T']	1
TNFRSF1B	STX5	['BioPlex_293T']	1
TNFRSF1B	ARRB2	['BioPlex_293T']	1
TNFRSF1B	TNF	['IntAct', 'BioGRID']	2
TNFRSF1B	TNFRSF1A	['BioGRID']	1
TNFRSF1B	CBX6	['BioPlex_293T']	1
TNFRSF1B	ARRB1	['BioPlex_293T']	1
TNFRSF1B	CKAP2	['BioPlex_293T']	1
TNFRSF1B	AMD1	['BioPlex_293T']	1
CHUK	TNIP2	['BioGRID']	1
CHUK	RELA	['IntAct', 'BioGRID']	2
CHUK	EEF1AKMT3	['BioPlex_HCT116']	1
CHUK	MYC	['BioGRID']	1
CHUK	AKT1	['BioGRID']	1
CHUK	IRAK1	['BioGRID']	1
CHUK	CTNNB1	['BioGRID']	1
CHUK	HNRNPCL2	['BioPlex_293T']	1
CHUK	ARRB2	['BioGRID']	1
CHUK	CD40	['BioGRID']	1
CHUK	HSP90AA1	['IntAct', 'BioPlex_HCT116', 'BioGRID']	3
CHUK	TRAF6	['BioGRID']	1
CHUK	IKBKB	['IntAct', 'BioPlex_293T', 'BioGRID']	3
CHUK	COPS5	['BioGRID']	1
CHUK	TNFRSF1A	['BioGRID']	1
CHUK	PRKDC	['BioGRID']	1
CHUK	MAP3K8	['BioGRID']	1
CHUK	TNF	['BioGRID']	1
ZNF747	TUBB8	['BioPlex_HCT116']	1
ZNF747	PTGDS	['BioPlex_HCT116']	1
ACE2	ACTB	['BioGRID']	1
ACE2	APP	['IntAct']	1
ACE2	HNRNPK	['BioGRID']	1
ACE2	SKP2	['BioGRID']	1
ACE2	KDM1A	['IntAct']	1
ACE2	YWHAZ	['BioGRID']	1
ACE2	APOE	['BioGRID']	1
ACE2	GAPDH	['BioGRID']	1
ACE2	ELAVL1	['BioGRID']	1
ACE2	PPIA	['BioGRID']	1
ACE2	TRIM21	['BioGRID']	1
ACE2	PRNP	['BioGRID']	1
ACE2	HSPA8	['BioGRID']	1
ACE2	YWHAE	['BioGRID']	1
ACE2	TGFBR2	['IntAct']	1
ACE2	SPTAN1	['BioGRID']	1
ACE2	GRM2	['IntAct', 'BioGRID']	2
ACE2	TMPRSS2	['IntAct', 'BioGRID']	2
ACE2	PRKDC	['BioGRID']	1
ACE2	ACTN1	['BioGRID']	1
ACE2	ENO1	['BioGRID']	1
ACE2	HRH1	['BioGRID']	1
ACE2	NCL	['BioGRID']	1
SNTB1	RHOB	['BioGRID']	1
SNTB1	NOS1	['BioPlex_293T']	1
SNTB1	SNTB2	['BioPlex_293T', 'BioPlex_HCT116', 'BioGRID']	3
SNTB1	UTRN	['IntAct', 'BioGRID']	2
KCNIP4	MEOX2	['HuRI']	1
KCNIP4	ASPH	['IntAct', 'HuRI']	2
KCNIP4	IL17A	['IntAct', 'HuRI']	2
NOS3	ACTB	['BioGRID']	1
NOS3	APP	['BioGRID']	1
NOS3	HNRNPK	['IntAct']	1
NOS3	APOE	['BioGRID']	1
NOS3	AKT1	['BioGRID']	1
NOS3	CTNNB1	['IntAct']	1
NOS3	GOLGA2	['IntAct']	1
NOS3	HSP90AA1	['BioGRID']	1
KCNQ2	GOLM1	['BioPlex_293T', 'BioPlex_HCT116']	2
PTGFR	DNAJC5	['BioPlex_293T']	1
PTGFR	ATP2B3	['BioPlex_293T']	1
FAT3	CBX6	['BioPlex_293T']	1
FAT3	RYK	['BioPlex_293T', 'BioGRID']	2
FAT3	C2CD4A	['BioPlex_293T']	1
FAT3	SPSB4	['BioPlex_293T']	1
CD4	CXCR4	['BioGRID']	1
CD4	CD320	['BioPlex_293T']	1
CD4	EIF2B4	['BioPlex_293T']	1
CD4	CCR5	['IntAct']	1
UBE2D1	BRCA1	['BioGRID']	1
UBE2D1	RNF31	['BioGRID']	1
UBE2D1	MEOX2	['HuRI']	1
UBE2D1	RAG1	['BioGRID']	1
UBE2D1	TRAF6	['IntAct', 'BioGRID']	2
UBE2D1	MKRN3	['IntAct', 'BioGRID', 'HuRI']	3
UBE2D1	MDM2	['BioGRID']	1
UBE2D1	UBC	['BioGRID']	1
UBE2D1	RNF167	['BioGRID']	1
UBE2D1	RBX1	['BioGRID']	1
UBE2D1	TRIM21	['BioGRID']	1
UBE2D1	DTX2	['IntAct', 'BioGRID', 'HuRI']	3
STAT3	HDAC1	['BioGRID']	1
STAT3	APP	['IntAct']	1
STAT3	CCNF	['BioGRID']	1
STAT3	KDM1A	['BioGRID']	1
STAT3	RELA	['IntAct', 'BioGRID']	2
STAT3	KRTAP10-7	['IntAct']	1
STAT3	EGFR	['IntAct', 'BioGRID']	2
STAT3	EEF1AKMT3	['BioPlex_HCT116']	1
STAT3	MAPK8	['BioGRID']	1
STAT3	MAPK1	['BioGRID']	1
STAT3	SPSB4	['BioPlex_293T']	1
STAT3	IGF1R	['BioGRID']	1
STAT3	TRAF6	['BioGRID']	1
STAT3	HSP90AA1	['BioGRID']	1
STAT3	JAK2	['BioGRID']	1
STAT3	ALK	['BioGRID']	1
STAT3	DTNA	['IntAct']	1
CLGN	SLC4A2	['BioPlex_293T']	1
CLGN	TMEM237	['BioPlex_293T']	1
CLGN	SLC12A7	['BioPlex_293T']	1
CLGN	TOR3A	['BioPlex_HCT116']	1
CLGN	TMPRSS2	['BioGRID']	1
CLGN	DPP4	['BioGRID']	1
CLGN	CHRNA5	['BioPlex_293T']	1
CLGN	SLC12A2	['BioPlex_293T']	1
CLGN	LNPEP	['BioPlex_293T']	1
YY1	HDAC1	['BioGRID']	1
YY1	MYC	['BioGRID']	1
YY1	MDFI	['IntAct', 'HuRI']	2
YY1	TGFBR2	['IntAct']	1
YY1	FOXP1	['BioGRID']	1
YY1	CDKN2A	['BioGRID']	1
YY1	SMAD3	['BioGRID']	1
YY1	ARRB1	['IntAct', 'BioGRID']	2
YY1	CEP76	['IntAct', 'HuRI']	2
YY1	MDM2	['BioGRID']	1
USP5	MAPT	['BioGRID']	1
USP5	UBC	['BioGRID']	1
USP5	CD274	['BioGRID']	1
USP5	TRAF6	['BioGRID']	1
USP5	SGTA	['BioGRID']	1
USP5	MYC	['BioGRID']	1
USP5	HSPA1B	['BioGRID']	1
PRKDC	BRCA1	['BioGRID']	1
PRKDC	CCNF	['BioGRID']	1
PRKDC	RELA	['BioGRID']	1
PRKDC	EGFR	['BioGRID']	1
PRKDC	MYC	['BioGRID']	1
PRKDC	AKT1	['BioGRID']	1
PRKDC	CTNNB1	['BioGRID']	1
PRKDC	CSNK2A1	['BioGRID']	1
PRKDC	AGR2	['BioGRID']	1
PRKDC	GPR182	['BioPlex_293T', 'BioPlex_HCT116']	2
PRKDC	DPP4	['BioGRID']	1
PRKDC	CD274	['BioPlex_293T', 'BioGRID']	2
PRKDC	HSPA8	['BioGRID']	1
PRKDC	IGF1R	['BioGRID']	1
PRKDC	PRKAA2	['BioGRID']	1
PRKDC	CTSB	['BioGRID']	1
PRKDC	ADAM11	['BioPlex_293T']	1
FFAR1	SDCBP	['BioPlex_HCT116']	1
FFAR1	EBP	['BioPlex_HCT116']	1
FFAR1	GOPC	['BioPlex_HCT116']	1
FFAR1	TNFRSF10B	['BioPlex_HCT116']	1
FFAR1	ATP1A3	['BioPlex_HCT116']	1
FFAR1	FBXO2	['BioPlex_HCT116']	1
FFAR1	WLS	['BioPlex_HCT116']	1
FFAR1	MAP2K3	['BioPlex_HCT116']	1
FFAR1	TNPO3	['BioPlex_HCT116']	1
FFAR1	SLC12A2	['BioPlex_HCT116']	1
FFAR1	ATP2B4	['BioPlex_HCT116']	1
FFAR1	EIF2B5	['BioPlex_HCT116']	1
FFAR1	NTSR1	['BioPlex_HCT116']	1
FFAR1	KIAA2013	['BioPlex_HCT116']	1
FFAR1	IFITM3	['BioPlex_HCT116']	1
TUBA1A	APP	['IntAct']	1
TUBA1A	UCHL1	['BioGRID']	1
TUBA1A	HSPA8	['BioGRID']	1
TUBA1A	EGFR	['IntAct', 'BioGRID']	2
TUBA1A	MAPT	['IntAct', 'BioGRID']	2
TUBA1A	ABHD14A	['BioPlex_HCT116']	1
TUBA1A	EEF1AKMT3	['BioPlex_HCT116']	1
TUBA1A	CYLD	['IntAct', 'BioGRID']	2
TUBA1A	HTT	['IntAct']	1
TUBA1A	LY86	['BioPlex_HCT116']	1
TUBA1A	TNFSF8	['BioPlex_HCT116']	1
TUBA1A	ACTN1	['BioGRID']	1
TUBA1A	MYC	['BioGRID']	1
TUBA1A	VAPB	['BioPlex_HCT116']	1
TUBA1A	VAV1	['BioGRID']	1
TUBA1A	UPK2	['BioPlex_HCT116']	1
TUBA1A	YWHAZ	['IntAct']	1
TUBA1A	GPR182	['BioPlex_HCT116']	1
TUBA1A	WDR59	['BioPlex_HCT116']	1
TUBA1A	HAX1	['BioPlex_HCT116', 'BioGRID']	2
TUBA1A	HSP90AA1	['BioGRID']	1
JAK2	EGFR	['BioGRID']	1
JAK2	SHC1	['BioGRID']	1
JAK2	ZG16B	['BioPlex_293T']	1
JAK2	IGHA2	['BioPlex_293T']	1
JAK2	AMY1C	['BioPlex_293T']	1
JAK2	TNFRSF1A	['BioGRID']	1
JAK2	VAV1	['BioGRID']	1
JAK2	JCHAIN	['BioPlex_293T']	1
JAK2	IFNGR1	['BioGRID']	1
JAK2	PRLR	['BioGRID']	1
ANAPC1	SKP2	['BioPlex_293T', 'BioGRID']	2
ANAPC1	EEF1AKMT3	['BioPlex_HCT116']	1
ANAPC1	CDC26	['BioPlex_293T', 'BioPlex_HCT116', 'BioGRID']	3
ANAPC1	ANAPC4	['BioGRID']	1
ANAPC1	CDC23	['BioGRID']	1
ANAPC1	COPS2	['BioGRID']	1
ANAPC1	CDC27	['BioGRID']	1
NCS1	MEOX2	['HuRI']	1
NCS1	NUFIP1	['BioPlex_293T']	1
NCS1	SPP1	['IntAct', 'HuRI']	2
NCS1	DTX2	['IntAct', 'HuRI']	2
CCKBR	THADA	['BioPlex_293T']	1
CYP4F2	RETREG3	['IntAct', 'HuRI']	2
CYP4F2	EBP	['IntAct', 'HuRI']	2
CYP4F2	CREB3L1	['IntAct', 'HuRI']	2
CYP4F2	FCER1G	['HuRI']	1
CYP4F2	TMX2	['IntAct', 'HuRI']	2
CYP4F2	CREB3	['IntAct']	1
CYP4F2	ERGIC3	['IntAct', 'HuRI']	2
UBQLN4	UBC	['BioGRID']	1
UBQLN4	CD274	['BioGRID']	1
UBQLN4	PDLIM7	['IntAct', 'BioGRID']	2
UBQLN4	SPP1	['IntAct', 'BioGRID']	2
UBQLN4	PTN	['IntAct', 'BioGRID']	2
LMAN2L	HTT	['IntAct']	1
LMAN2L	TNFSF8	['BioPlex_HCT116']	1
LMAN2L	UPK2	['BioPlex_HCT116']	1
LMAN2L	ZDHHC12	['BioPlex_HCT116']	1
LMAN2L	TMEM106A	['BioPlex_293T', 'BioPlex_HCT116']	2
LMAN2L	LNPEP	['BioPlex_293T']	1
LMAN2L	MFAP3	['BioPlex_293T']	1
LMAN2L	PTGS2	['BioPlex_293T']	1
LMAN2L	ASGR2	['BioPlex_293T']	1
LMAN2L	CLU	['BioPlex_293T']	1
POTEF	GSN	['BioPlex_293T']	1
POTEF	LMX1B	['BioPlex_293T']	1
POTEF	TNIP1	['BioPlex_293T']	1
POTEF	COLQ	['BioPlex_HCT116']	1
POTEF	ASPH	['BioPlex_HCT116']	1
POTEF	ST8SIA1	['BioPlex_293T']	1
POTEF	TUBB8	['BioPlex_293T']	1
POTEF	DNAJB9	['BioPlex_HCT116']	1
POTEF	BTNL2	['BioPlex_HCT116']	1
POTEF	FAM24B	['BioPlex_293T']	1
BET1	CRELD1	['BioPlex_293T']	1
BET1	RETREG3	['IntAct', 'HuRI']	2
BET1	STX7	['BioPlex_293T', 'BioGRID']	2
BET1	TMEM237	['IntAct', 'HuRI']	2
BET1	CREB3L1	['IntAct', 'HuRI']	2
BET1	NRSN1	['BioPlex_293T']	1
BET1	MFF	['IntAct', 'HuRI']	2
BET1	STX1A	['IntAct', 'HuRI']	2
BET1	TMX2	['IntAct', 'HuRI']	2
BET1	GPR152	['IntAct', 'HuRI']	2
BET1	C5AR1	['BioPlex_293T']	1
BET1	TBK1	['BioPlex_293T', 'BioPlex_HCT116']	2
BET1	ASGR2	['IntAct', 'HuRI']	2
BET1	ERGIC3	['IntAct', 'HuRI']	2
BET1	PTGES	['IntAct', 'HuRI']	2
BET1	STX5	['BioPlex_293T', 'BioPlex_HCT116', 'BioGRID']	3
BET1	KCNJ6	['IntAct', 'HuRI']	2
BET1	ADORA2A	['IntAct', 'HuRI']	2
BET1	NSF	['BioGRID']	1
ANKRD28	BRCA1	['BioGRID']	1
ANKRD28	CCNF	['BioGRID']	1
ANKRD28	SDCBP	['BioPlex_293T']	1
ANKRD28	GPR182	['BioPlex_HCT116']	1
ANKRD28	TBK1	['BioGRID']	1
ANKRD28	CAMK4	['BioPlex_293T']	1
C5orf22	OSM	['BioPlex_293T', 'BioPlex_HCT116']	2
EMP1	CEP70	['IntAct', 'HuRI']	2
EMP1	OPRM1	['IntAct', 'HuRI']	2
EMP1	EBP	['IntAct', 'HuRI']	2
EMP1	TBXA2R	['HuRI']	1
EMP1	ASGR2	['IntAct', 'HuRI']	2
EMP1	HTR2C	['IntAct', 'HuRI']	2
EMP1	GPR42	['IntAct', 'HuRI']	2
EMP1	RABAC1	['IntAct', 'HuRI']	2
EMP1	CCR5	['IntAct', 'HuRI']	2
EMP1	PMP22	['IntAct', 'HuRI']	2
EMP1	ERGIC3	['IntAct', 'HuRI']	2
CD274	CSNK2A1	['BioGRID']	1
CD274	DDB1	['BioGRID']	1
CD274	COPS5	['BioGRID']	1
CD274	TNPO3	['BioPlex_293T', 'BioGRID']	2
CD274	THADA	['BioPlex_293T']	1
CD274	USP22	['BioPlex_293T', 'BioGRID']	2
EEF1AKMT3	RNF31	['BioPlex_HCT116']	1
EEF1AKMT3	RELA	['BioPlex_HCT116']	1
EEF1AKMT3	MAPK8	['BioPlex_HCT116']	1
EEF1AKMT3	ANKLE2	['BioPlex_HCT116']	1
EEF1AKMT3	AKT1	['BioPlex_HCT116']	1
EEF1AKMT3	CAMK4	['BioPlex_HCT116']	1
EEF1AKMT3	TBK1	['BioPlex_HCT116']	1
EEF1AKMT3	MAP2K3	['BioPlex_HCT116']	1
EEF1AKMT3	IRAK1	['BioPlex_HCT116']	1
EEF1AKMT3	GOLGA2	['BioPlex_HCT116']	1
EEF1AKMT3	HSPB1	['BioPlex_HCT116']	1
EEF1AKMT3	IKBKB	['BioPlex_HCT116']	1
EEF1AKMT3	NPRL3	['BioPlex_HCT116']	1
EEF1AKMT3	GOPC	['BioPlex_HCT116']	1
EEF1AKMT3	STK39	['BioPlex_HCT116']	1
TRPM3	OSM	['BioPlex_293T']	1
NECAB2	SDCBP	['IntAct', 'HuRI']	2
NECAB2	NEK6	['IntAct', 'HuRI']	2
NECAB2	DTNBP1	['IntAct', 'HuRI']	2
NECAB2	GOLGA2	['IntAct']	1
NECAB2	PRKAA2	['IntAct', 'HuRI']	2
NECAB2	ADORA2A	['IntAct', 'BioGRID']	2
NECAB2	KDM1A	['IntAct', 'BioGRID', 'HuRI']	3
GPM6B	EGFR	['IntAct']	1
GPM6B	NUFIP1	['BioPlex_293T']	1
GPM6B	STX1A	['IntAct', 'HuRI']	2
GPM6B	DHRS7	['BioPlex_HCT116']	1
GPM6B	HAX1	['BioPlex_293T']	1
GPM6B	ERGIC3	['IntAct', 'HuRI']	2
AQP1	KRTAP10-7	['IntAct', 'HuRI']	2
AQP1	TMEM237	['IntAct', 'HuRI']	2
AQP1	MDFI	['IntAct', 'BioGRID', 'HuRI']	3
AQP1	NOTCH2NLA	['IntAct', 'HuRI']	2
AQP1	REL	['IntAct', 'HuRI']	2
AQP1	RGS20	['IntAct', 'HuRI']	2
AQP1	CREB3	['IntAct', 'BioGRID', 'HuRI']	3
AQP1	TMPRSS2	['IntAct', 'HuRI']	2
AQP1	SLC15A2	['IntAct', 'HuRI']	2
AQP1	MKRN3	['IntAct', 'HuRI']	2
AQP1	MTUS2	['IntAct', 'HuRI']	2
AQP1	GOLGA2	['IntAct']	1
AQP1	TRIP6	['IntAct', 'HuRI']	2
FBXO45	YWHAG	['BioPlex_293T']	1
FBXO45	CTNNB1	['BioGRID']	1
FBXO45	RBX1	['BioGRID']	1
FBXO45	KIF1A	['BioPlex_293T']	1
FBXO45	FAT4	['BioPlex_293T']	1
FBXO45	ZEB2	['BioGRID']	1
PRX	TERF2IP	['IntAct']	1
FBXO2	MAPT	['BioGRID']	1
FBXO2	LRP2	['BioPlex_293T']	1
FBXO2	EGFR	['BioPlex_293T', 'BioPlex_HCT116']	2
FBXO2	CSTL1	['BioPlex_293T']	1
FBXO2	LNPEP	['BioPlex_293T', 'BioPlex_HCT116']	2
FBXO2	IFNGR1	['BioPlex_293T']	1
FBXO2	CD320	['BioPlex_293T']	1
FBXO2	RBX1	['BioGRID']	1
FBXO2	IGF1R	['BioPlex_293T', 'BioPlex_HCT116']	2
FBXO2	POMGNT2	['BioPlex_293T', 'BioPlex_HCT116']	2
FBXO2	LAMA4	['BioPlex_293T']	1
FBXO2	COL6A1	['BioPlex_293T', 'BioPlex_HCT116']	2
FBXO2	IDUA	['BioPlex_293T', 'BioPlex_HCT116']	2
FBXO2	ADAM33	['BioPlex_293T']	1
FBXO2	SLC12A7	['BioPlex_293T']	1
FBXO2	CBLN4	['BioPlex_293T', 'BioPlex_HCT116']	2
FBXO2	LEPR	['BioPlex_293T']	1
FBXO2	SORL1	['BioPlex_293T', 'BioPlex_HCT116']	2
SPP1	MEOX2	['IntAct', 'HuRI']	2
SPP1	SGTA	['IntAct', 'BioGRID', 'HuRI']	3
SPP1	PDLIM7	['HuRI']	1
FCER1G	TMEM14B	['HuRI']	1
FCER1G	EBP	['HuRI']	1
FCER1G	LNPEP	['HuRI']	1
FCER1G	C2CD2L	['HuRI']	1
FCER1G	MFF	['HuRI']	1
FCER1G	TMEM120B	['HuRI']	1
MDFI	DCAF6	['IntAct', 'BioGRID', 'HuRI']	3
MDFI	MEOX2	['IntAct']	1
MDFI	HTR1B	['IntAct', 'BioGRID', 'HuRI']	3
MDFI	HOXA1	['IntAct', 'BioGRID', 'HuRI']	3
MDFI	ESR2	['IntAct']	1
MDFI	TNIP1	['BioPlex_293T']	1
MDFI	MAPK1	['IntAct', 'HuRI']	2
MDFI	ITGB4	['IntAct', 'HuRI']	2
MDFI	HPCAL1	['IntAct', 'HuRI']	2
MDFI	ADRA2C	['IntAct', 'HuRI']	2
MDFI	DUSP6	['HuRI']	1
MDFI	GABRD	['IntAct', 'HuRI']	2
MDFI	TH	['IntAct', 'HuRI']	2
PRKG1	MEOX2	['HuRI']	1
RABAC1	RETREG3	['IntAct', 'HuRI']	2
RABAC1	TMEM14B	['IntAct', 'HuRI']	2
RABAC1	CMTM5	['BioPlex_293T']	1
RABAC1	VAMP2	['BioGRID']	1
RABAC1	SIDT2	['BioPlex_293T']	1
RABAC1	TMX2	['IntAct', 'HuRI']	2
RABAC1	GPR152	['IntAct', 'HuRI']	2
RABAC1	IFITM3	['BioPlex_293T']	1
NLGN2	PDGFRA	['BioPlex_HCT116']	1
NLGN2	UPK2	['BioPlex_HCT116']	1
NLGN2	BTNL2	['BioPlex_HCT116']	1
NLGN2	TMEM106A	['BioPlex_HCT116']	1
NLGN2	HTR3A	['BioPlex_293T']	1
NLGN2	GPIHBP1	['BioPlex_293T']	1
NLGN2	DNAJB9	['BioPlex_HCT116']	1
NLGN2	RYK	['BioPlex_293T']	1
NLGN2	CLU	['BioPlex_293T']	1
GABRR1	TAX1BP1	['BioGRID']	1
REL	TNIP2	['IntAct', 'BioPlex_293T', 'BioGRID']	3
REL	CTNNA3	['IntAct', 'HuRI']	2
REL	RELA	['IntAct', 'BioPlex_293T', 'BioPlex_HCT116', 'BioGRID']	4
REL	SDCBP	['IntAct', 'BioGRID', 'HuRI']	3
REL	MBD3	['IntAct', 'HuRI']	2
REL	MAPK8	['BioGRID']	1
REL	CSNK2A1	['IntAct', 'HuRI']	2
REL	NUCB1	['HuRI']	1
REL	BBS4	['IntAct']	1
REL	PLCB4	['IntAct', 'HuRI']	2
REL	NEUROG3	['IntAct', 'HuRI']	2
REL	ZBTB16	['IntAct', 'HuRI']	2
REL	PRKAA2	['IntAct', 'HuRI']	2
REL	KLHL42	['IntAct', 'HuRI']	2
REL	LNPEP	['IntAct', 'HuRI']	2
NKG7	EBP	['IntAct', 'HuRI']	2
NKG7	STX1A	['IntAct', 'HuRI']	2
NKG7	CREB3	['HuRI']	1
NKG7	ERGIC3	['IntAct', 'HuRI']	2
DNAJB9	PDGFRA	['BioPlex_293T']	1
DNAJB9	APP	['BioPlex_293T']	1
DNAJB9	LNPEP	['BioPlex_HCT116']	1
DNAJB9	CEACAM8	['BioPlex_293T']	1
DNAJB9	IGF1R	['BioPlex_HCT116']	1
DNAJB9	RXFP1	['BioPlex_293T']	1
DNAJB9	POMGNT2	['BioPlex_HCT116']	1
DNAJB9	IDUA	['BioPlex_HCT116']	1
DNAJB9	GABRD	['BioPlex_293T']	1
DNAJB9	TOR3A	['BioPlex_HCT116']	1
LRP2	VIP	['BioPlex_293T']	1
LRP2	CLU	['BioGRID']	1
LRP2	DAB1	['BioGRID']	1
LRP2	MAP7	['BioPlex_293T']	1
SPHK2	C2CD4A	['BioPlex_293T']	1
SPHK2	NEUROG3	['BioPlex_HCT116']	1
PLCB4	MEOX2	['HuRI']	1
PEX5	CRELD1	['BioPlex_293T']	1
PEX5	KXD1	['BioPlex_293T']	1
PEX5	ACAD11	['BioGRID']	1
PEX5	MKRN3	['IntAct', 'HuRI']	2
SPI1	HDAC1	['BioGRID']	1
SPI1	USP22	['BioGRID']	1
SPI1	IRF1	['BioGRID']	1
MBD3	HDAC1	['IntAct', 'BioPlex_293T', 'BioPlex_HCT116', 'BioGRID']	4
MBD3	CEP70	['IntAct', 'HuRI']	2
MBD3	MEOX2	['HuRI']	1
MBD3	KDM1A	['IntAct', 'BioGRID']	2
MBD3	SDCBP	['IntAct', 'HuRI']	2
MBD3	MYC	['IntAct', 'BioGRID']	2
MBD3	PRKAR1B	['IntAct', 'HuRI']	2
MBD3	CSNK2A1	['BioGRID']	1
MBD3	CSNK2A2	['BioGRID']	1
MBD3	CUL4B	['BioGRID']	1
MBD3	MKRN3	['IntAct', 'BioGRID', 'HuRI']	3
MBD3	MTUS2	['IntAct', 'HuRI']	2
MBD3	GOLGA2	['IntAct']	1
MBD3	CEP76	['IntAct', 'HuRI']	2
MBD3	ZEB2	['BioGRID']	1
MBD3	DDB1	['BioGRID']	1
MBD3	AGR2	['IntAct', 'HuRI']	2
SLC17A7	DNAJC5	['BioGRID']	1
IL6R	SORL1	['IntAct']	1
KRTAP10-7	SDCBP	['IntAct', 'HuRI']	2
KRTAP10-7	HTT	['IntAct']	1
KRTAP10-7	GABARAPL1	['IntAct', 'HuRI']	2
KRTAP10-7	UCP2	['IntAct', 'HuRI']	2
KRTAP10-7	PTGDS	['IntAct', 'HuRI']	2
KRTAP10-7	GLP1R	['IntAct', 'HuRI']	2
KRTAP10-7	ITGB4	['IntAct', 'HuRI']	2
KRTAP10-7	HPCAL1	['IntAct', 'HuRI']	2
KRTAP10-7	NOTCH2NLA	['IntAct', 'HuRI']	2
KRTAP10-7	HOXA1	['IntAct', 'HuRI']	2
KRTAP10-7	A2M	['IntAct']	1
LMX1B	ACTB	['BioPlex_293T']	1
LMX1B	HOXA1	['IntAct']	1
ATE1	MAPK8	['BioPlex_293T']	1
ATE1	TSPAN15	['BioPlex_293T', 'BioPlex_HCT116']	2
HNRNPCL2	SKP2	['BioPlex_293T']	1
HNRNPCL2	STK39	['BioPlex_293T']	1
HNRNPCL2	ANKLE2	['BioPlex_293T']	1
HNRNPCL2	CAMK4	['BioPlex_293T']	1
HNRNPCL2	MAP2K3	['BioPlex_293T']	1
COPS2	DCAF6	['BioPlex_HCT116']	1
COPS2	SKP2	['BioPlex_293T']	1
COPS2	CUL4A	['BioPlex_293T', 'BioPlex_HCT116', 'BioGRID']	3
COPS2	CSNK2A1	['BioGRID']	1
COPS2	DDB1	['BioGRID']	1
COPS2	RBX1	['BioGRID']	1
COPS2	COPS5	['IntAct', 'BioPlex_293T', 'BioPlex_HCT116', 'BioGRID']	4
COPS2	CUL4B	['BioPlex_293T', 'BioPlex_HCT116', 'BioGRID']	3
LRP8	EGFR	['BioGRID']	1
LRP8	APOE	['IntAct', 'BioGRID']	2
LRP8	CTNNB1	['IntAct']	1
LRP8	DAB1	['BioGRID']	1
LRP8	RELN	['BioGRID']	1
LRP8	APLP2	['IntAct']	1
LRP8	CSNK1D	['IntAct']	1
LY86	APP	['BioPlex_HCT116', 'BioGRID']	2
LY86	STK39	['BioPlex_293T']	1
LY86	IDUA	['BioPlex_HCT116']	1
LY86	SDF2L1	['BioPlex_HCT116']	1
LY86	IGF1R	['BioPlex_HCT116']	1
LY86	KIAA2013	['BioPlex_HCT116']	1
LY86	TUBB8	['BioPlex_HCT116']	1
LY86	CHRNA5	['BioPlex_HCT116']	1
LY86	COL6A1	['BioPlex_293T', 'BioPlex_HCT116']	2
LY86	POMGNT2	['BioPlex_HCT116']	1
CBLN4	APP	['BioPlex_HCT116']	1
CBLN4	CHRNA5	['BioPlex_HCT116']	1
CBLN4	OS9	['BioPlex_HCT116']	1
CBLN4	SORL1	['BioPlex_HCT116']	1
CBLN4	IDUA	['BioPlex_HCT116']	1
MDM2	HDAC1	['BioGRID']	1
MDM2	MAPT	['BioGRID']	1
MDM2	HNRNPK	['IntAct', 'BioGRID']	2
MDM2	RELA	['BioGRID']	1
MDM2	UBC	['IntAct', 'BioGRID']	2
MDM2	CUL4A	['BioGRID']	1
MDM2	AKT1	['IntAct', 'BioGRID']	2
MDM2	CSNK2A1	['BioGRID']	1
MDM2	DDB1	['BioGRID']	1
MDM2	HSPA8	['BioGRID']	1
MDM2	ARRB2	['IntAct', 'BioGRID']	2
MDM2	S100A2	['IntAct']	1
MDM2	NCL	['IntAct', 'BioGRID']	2
MDM2	IGF1R	['IntAct', 'BioGRID']	2
MDM2	CDKN2A	['IntAct', 'BioGRID']	2
MDM2	HSP90AA1	['BioGRID']	1
MDM2	PPIB	['BioGRID']	1
MDM2	COPS5	['BioGRID']	1
MDM2	CTBP2	['BioGRID']	1
MDM2	IRF1	['BioGRID']	1
MDM2	CSNK1D	['IntAct', 'BioGRID']	2
MDM2	ARRB1	['IntAct', 'BioGRID']	2
MDM2	CUL4B	['BioGRID']	1
MDM2	FBXW11	['IntAct']	1
MDM2	EZR	['IntAct']	1
MDM2	FBXO22	['BioGRID']	1
MDM2	PDLIM7	['BioGRID']	1
FAM3C	HTR1B	['BioPlex_HCT116']	1
FAM3C	CREB3L1	['IntAct', 'HuRI']	2
FAM3C	CMTM5	['BioPlex_293T']	1
FAM3C	TMEM106A	['BioPlex_293T']	1
FAM3C	MFF	['IntAct', 'HuRI']	2
FAM3C	STX1A	['IntAct', 'HuRI']	2
FAM3C	TMX2	['IntAct', 'HuRI']	2
FAM3C	CLEC12B	['BioPlex_293T']	1
FAM3C	GPR42	['IntAct', 'HuRI']	2
FAM3C	CREB3	['HuRI']	1
FAM3C	TMPRSS2	['IntAct', 'HuRI']	2
FAM3C	FAM24B	['BioPlex_293T']	1
FAM3C	ERGIC3	['IntAct', 'HuRI']	2
DPH2	RGS20	['BioPlex_293T']	1
DPH2	HSPA8	['BioPlex_HCT116', 'BioGRID']	2
DPH2	NEK6	['IntAct', 'HuRI']	2
DPH2	IL17A	['IntAct', 'HuRI']	2
GRIN2C	COL2A1	['IntAct']	1
GRIN2C	DLG3	['BioGRID']	1
GRIN2C	PER1	['IntAct']	1
TERF2IP	BRCA1	['BioGRID']	1
TERF2IP	HNRNPK	['IntAct']	1
TERF2IP	BBS1	['BioPlex_HCT116']	1
TERF2IP	AKT1	['IntAct']	1
TERF2IP	CRK	['IntAct']	1
TERF2IP	UCHL1	['IntAct', 'BioGRID']	2
TIMM13	PDYN	['BioPlex_293T']	1
P2RX4	EIF2B2	['BioPlex_293T']	1
P2RX4	NOTCH2NLA	['IntAct', 'HuRI']	2
P2RX4	TNPO3	['BioPlex_293T']	1
P2RX4	EIF2B5	['BioPlex_293T']	1
P2RX4	EIF2B4	['BioPlex_293T']	1
HTT	ACTB	['IntAct']	1
HTT	BRCA1	['IntAct']	1
HTT	RNF31	['BioGRID']	1
HTT	APP	['IntAct']	1
HTT	HNRNPK	['IntAct']	1
HTT	CEP70	['IntAct']	1
HTT	OPRM1	['BioPlex_293T']	1
HTT	SDCBP	['IntAct']	1
HTT	CRK	['IntAct']	1
HTT	CTBP2	['IntAct']	1
HTT	ARFGAP3	['IntAct']	1
HTT	CSF2	['IntAct']	1
HTT	ENO1	['IntAct']	1
HTT	GAPDH	['IntAct']	1
HTT	CTNNB1	['IntAct']	1
HTT	ASPH	['IntAct']	1
HTT	TRIM21	['IntAct']	1
HTT	GPR182	['BioPlex_293T']	1
HTT	AKT1	['IntAct']	1
HTT	ANKLE2	['BioPlex_293T']	1
HTT	HAX1	['IntAct']	1
HTT	COPB1	['IntAct']	1
HTT	TGFBR2	['IntAct']	1
HTT	HSP90AA1	['BioGRID']	1
HTT	PTGDS	['IntAct']	1
HTT	DIPK1A	['IntAct']	1
HTT	HSPA8	['IntAct', 'BioGRID']	2
HTT	CASP6	['IntAct']	1
HTT	ZBTB16	['IntAct']	1
HTT	S100A2	['BioPlex_293T']	1
HTT	UBC	['IntAct']	1
HTT	EZR	['IntAct']	1
HTT	GPIHBP1	['IntAct']	1
HTT	CSNK1D	['IntAct']	1
HTT	PRNP	['IntAct']	1
HTT	GOLGA2	['IntAct']	1
HTT	TRIP6	['IntAct']	1
HTT	PRKACA	['IntAct']	1
HTT	GFAP	['IntAct']	1
STK39	PTGIR	['BioPlex_293T']	1
STK39	CSTL1	['BioPlex_293T']	1
CKAP2	APP	['BioPlex_293T']	1
ABCB1	EDAR	['BioPlex_293T']	1
ABCB1	LGALS3	['BioPlex_293T']	1
PNOC	DCAF6	['BioPlex_293T']	1
PNOC	LNPEP	['BioPlex_293T']	1
PNOC	CDC26	['BioPlex_293T']	1
FBXO22	MYC	['BioGRID']	1
FBXO22	RBX1	['BioGRID']	1
FBXO22	COPS5	['BioGRID']	1
PTGDS	CASP6	['IntAct']	1
PTGDS	EGFR	['IntAct']	1
PTGDS	ARRB2	['BioGRID']	1
PTGDS	HSP90AA1	['BioGRID']	1
TAOK2	TH	['BioPlex_293T']	1
TAOK2	MAP2K3	['BioGRID']	1
CLU	APP	['IntAct', 'BioGRID']	2
CLU	CSTL1	['BioPlex_293T']	1
CLU	DPP4	['BioGRID']	1
CLU	PRNP	['BioGRID']	1
CLU	TGFBR2	['BioGRID']	1
CLU	CEACAM8	['BioPlex_293T']	1
CLU	HSP90AA1	['BioGRID']	1
CLU	DISC1	['IntAct']	1
CLU	HAX1	['BioPlex_293T']	1
CLU	ADCYAP1	['IntAct']	1
CLU	ACTN1	['BioGRID']	1
CLU	FAT4	['BioPlex_293T']	1
NTRK2	HSPA1B	['BioGRID']	1
NTRK2	EGFR	['IntAct', 'BioGRID']	2
NTRK2	PLCG1	['BioGRID']	1
NTRK2	NTF4	['BioGRID']	1
NTRK2	SHC1	['BioGRID']	1
GABRA1	HSPA8	['BioGRID']	1
CD320	NRSN1	['BioPlex_293T']	1
CD320	TGFBR2	['BioPlex_293T']	1
CD320	IFNGR1	['BioPlex_293T']	1
TLR2	EGFR	['IntAct', 'BioGRID']	2
TLR2	CXCR4	['IntAct']	1
TLR2	USP33	['BioPlex_293T']	1
TLR2	MYD88	['IntAct']	1
APP	ACTB	['IntAct']	1
APP	PDGFRA	['IntAct']	1
APP	RELN	['BioGRID']	1
APP	CBX6	['BioPlex_293T']	1
APP	IFITM3	['BioGRID']	1
APP	DAB1	['IntAct', 'BioGRID']	2
APP	HGS	['BioGRID']	1
APP	TNF	['IntAct']	1
APP	SHC1	['IntAct', 'BioGRID']	2
APP	PRNP	['IntAct']	1
APP	MME	['IntAct']	1
APP	TMPRSS2	['BioGRID']	1
APP	APLP2	['IntAct']	1
APP	ADCYAP1	['IntAct']	1
APP	VTN	['BioGRID']	1
APP	IDE	['IntAct']	1
APP	CSNK2A1	['IntAct']	1
APP	MAPT	['IntAct', 'BioGRID']	2
APP	GAPDH	['IntAct']	1
APP	PRKACA	['IntAct']	1
APP	COPS5	['IntAct', 'BioGRID']	2
APP	RANBP9	['IntAct']	1
APP	GFAP	['BioGRID']	1
APP	DUSP6	['IntAct']	1
APP	NUCB1	['IntAct']	1
APP	NRSN1	['BioPlex_293T']	1
APP	CSNK1D	['IntAct']	1
APP	ZEB2	['IntAct', 'BioGRID']	2
APP	SMAD3	['IntAct', 'BioGRID']	2
APP	HSPA8	['IntAct', 'BioGRID']	2
APP	PRKCE	['IntAct']	1
APP	MAPK1	['IntAct']	1
APP	PIK3CG	['IntAct']	1
APP	SORL1	['IntAct']	1
APP	HSP90AA1	['IntAct', 'BioGRID']	2
APP	TMEM106A	['BioPlex_HCT116']	1
APP	EBP	['BioGRID']	1
APP	LAMA4	['IntAct']	1
APP	STX5	['IntAct']	1
APP	YWHAG	['BioGRID']	1
APP	GSN	['BioGRID']	1
APP	ZNF431	['BioPlex_293T']	1
APP	CDK5	['IntAct']	1
APP	UCHL1	['IntAct']	1
APP	PMP22	['IntAct']	1
APP	NRG1	['IntAct']	1
APP	PPP1CC	['BioGRID']	1
APP	MAPK8	['BioGRID']	1
APP	EGFR	['IntAct', 'BioGRID']	2
APP	BACE2	['IntAct']	1
APP	GRIN2A	['BioGRID']	1
APP	HSPB1	['IntAct']	1
APP	PPIA	['IntAct', 'BioGRID']	2
APP	APOE	['IntAct', 'BioGRID']	2
APP	GRIN2B	['BioGRID']	1
CSNK1D	BRCA1	['BioGRID']	1
CSNK1D	MAPT	['BioGRID']	1
CSNK1D	PMP22	['IntAct']	1
CSNK1D	DRD3	['BioPlex_HCT116']	1
CSNK1D	SOD1	['IntAct']	1
CSNK1D	PRKACA	['IntAct']	1
CSNK1D	HSPA8	['BioPlex_293T', 'BioGRID']	2
CSNK1D	TGFBR2	['IntAct']	1
CSNK1D	SMAD3	['IntAct', 'BioGRID']	2
CSNK1D	NEUROG3	['BioPlex_HCT116']	1
CSNK1D	PER1	['BioPlex_293T', 'BioPlex_HCT116', 'BioGRID']	3
ESR2	ACTB	['BioGRID']	1
ESR2	BRCA1	['BioGRID']	1
ESR2	EGFR	['IntAct']	1
ESR2	KPRP	['IntAct', 'HuRI']	2
ESR2	HSPA8	['BioGRID']	1
ESR2	HSP90AA1	['BioGRID']	1
ESR2	HOXA1	['IntAct', 'HuRI']	2
IFNGR1	EDAR	['BioPlex_293T']	1
IFNGR1	SDCBP	['BioPlex_293T']	1
IFNGR1	TMEM237	['IntAct', 'HuRI']	2
IFNGR1	NRSN1	['BioPlex_293T']	1
IFNGR1	RHOB	['BioGRID']	1
IFNGR1	RYK	['BioPlex_293T']	1
IFNGR1	TNFRSF10B	['BioPlex_293T']	1
CRK	PDGFRA	['BioGRID']	1
CRK	EGFR	['IntAct', 'BioGRID']	2
CRK	MAPK8	['IntAct', 'BioGRID']	2
CRK	BCR	['BioGRID']	1
CRK	PPIA	['IntAct']	1
CRK	SHC1	['BioGRID']	1
CRK	PRKACA	['IntAct']	1
CRK	HSPA8	['BioGRID']	1
CRK	HSPB1	['BioGRID']	1
CRK	FSTL1	['IntAct']	1
CRK	KIT	['IntAct', 'BioGRID']	2
NPEPPS	CCNF	['BioGRID']	1
NPEPPS	AGR2	['BioGRID']	1
NPEPPS	HSPA8	['BioGRID']	1
TRIM21	ACTB	['BioGRID']	1
TRIM21	SKP2	['BioGRID']	1
TRIM21	RELA	['BioGRID']	1
TRIM21	UBC	['BioGRID']	1
TRIM21	RANBP9	['BioGRID']	1
TRIM21	YWHAZ	['BioGRID']	1
TRIM21	UCHL1	['IntAct']	1
TRIM21	ELAVL1	['BioGRID']	1
TRIM21	ZBTB16	['IntAct', 'HuRI']	2
TRIM21	FBXW11	['BioGRID']	1
TRIM21	IKBKB	['BioGRID']	1
TRIM21	CYLD	['BioGRID']	1
TRIM21	TBK1	['BioGRID']	1
TRIM21	ACTN1	['BioGRID']	1
TRIM21	FADD	['BioGRID']	1
PMPCB	AMY1C	['BioPlex_293T']	1
MFF	RETREG3	['IntAct', 'HuRI']	2
MFF	STX7	['IntAct', 'HuRI']	2
MFF	OPRM1	['IntAct', 'HuRI']	2
MFF	APOD	['IntAct', 'HuRI']	2
MFF	MEOX2	['HuRI']	1
MFF	TMEM237	['IntAct', 'HuRI']	2
MFF	CMTM5	['IntAct', 'HuRI']	2
MFF	FATE1	['IntAct', 'HuRI']	2
MFF	ERGIC3	['IntAct', 'HuRI']	2
MFF	SEC22A	['IntAct', 'HuRI']	2
MFF	LPAR3	['IntAct', 'HuRI']	2
MFF	GPR152	['IntAct', 'HuRI']	2
MFF	CLDN19	['IntAct', 'HuRI']	2
MFF	TMX2	['IntAct', 'HuRI']	2
SDCBP	EDAR	['BioPlex_293T']	1
SDCBP	MEOX2	['HuRI']	1
SDCBP	UBC	['BioGRID']	1
SDCBP	CDA	['IntAct', 'HuRI']	2
SDCBP	DTNBP1	['IntAct', 'HuRI']	2
SDCBP	CMTM5	['IntAct', 'HuRI']	2
SDCBP	HOXA1	['IntAct', 'HuRI']	2
SDCBP	FADD	['IntAct', 'HuRI']	2
SDCBP	RANBP9	['BioGRID']	1
SDCBP	GRIK1	['BioGRID']	1
SDCBP	MTUS2	['IntAct', 'HuRI']	2
SDCBP	ELAVL1	['IntAct', 'HuRI']	2
SDCBP	NOTCH2NLA	['IntAct', 'HuRI']	2
SDCBP	CTBP2	['IntAct', 'HuRI']	2
SDCBP	HBB	['BioPlex_HCT116']	1
SDCBP	C2CD2L	['IntAct', 'HuRI']	2
SDCBP	VAPB	['IntAct']	1
SDCBP	IFITM3	['BioGRID']	1
ACE	CSNK2A1	['BioGRID']	1
ACE	BDKRB2	['BioGRID']	1
VGF	VIP	['BioPlex_HCT116']	1
VGF	ALK	['BioPlex_293T']	1
FAM24B	AMY1C	['BioPlex_293T']	1
FAM24B	ANXA1	['BioPlex_293T']	1
FAM24B	ITGB4	['BioPlex_293T']	1
FAM24B	HPCAL1	['BioPlex_293T']	1
GPR152	TMEM14B	['IntAct', 'HuRI']	2
GPR152	EBP	['IntAct', 'HuRI']	2
GPR152	TMEM237	['IntAct', 'HuRI']	2
GPR152	CCDC167	['IntAct', 'HuRI']	2
GPR152	INSIG2	['IntAct', 'HuRI']	2
GPR152	IL1RL1	['IntAct', 'HuRI']	2
GPR152	STX5	['IntAct', 'HuRI']	2
GPR152	TMEM120B	['IntAct', 'HuRI']	2
ST8SIA1	TGM1	['BioPlex_HCT116']	1
ST8SIA1	KPRP	['BioPlex_HCT116']	1
FAT4	CSTL1	['BioPlex_293T']	1
FAT4	SPSB4	['BioPlex_293T']	1
FAT4	CEACAM8	['BioPlex_293T']	1
FAT4	RYK	['BioPlex_293T', 'BioGRID']	2
CREB3	STX7	['HuRI']	1
CREB3	APOD	['IntAct', 'BioGRID', 'HuRI']	3
CREB3	TMEM14B	['HuRI']	1
CREB3	EBP	['IntAct']	1
CREB3	CMTM5	['HuRI']	1
CREB3	DDIT3	['IntAct']	1
CREB3	COPS5	['BioGRID']	1
CREB3	PMP22	['IntAct']	1
CREB3	BLTP3A	['BioPlex_293T']	1
CREB3	AQP4	['IntAct']	1
CREB3	CLDN19	['IntAct']	1
DDIT3	HDAC1	['BioGRID']	1
DDIT3	CSNK2A1	['BioGRID']	1
DDIT3	GOPC	['BioPlex_293T']	1
DDIT3	GFAP	['IntAct']	1
DDIT3	GABBR2	['BioGRID']	1
GRM2	TMEM237	['IntAct', 'HuRI']	2
GRM2	DPP4	['IntAct']	1
CDKN2A	HDAC1	['BioGRID']	1
CDKN2A	BRCA1	['BioGRID']	1
CDKN2A	CCNF	['BioGRID']	1
CDKN2A	UBC	['BioGRID']	1
CDKN2A	RANBP9	['BioGRID']	1
CDKN2A	MYC	['BioGRID']	1
CDKN2A	MAPK8	['BioGRID']	1
CDKN2A	YWHAE	['BioGRID']	1
CDKN2A	CTBP2	['BioGRID']	1
CDKN2A	PPP1R9B	['BioGRID']	1
RAG1	CUL4A	['BioGRID']	1
RAG1	DDB1	['BioGRID']	1
RAG1	RAG2	['BioGRID']	1
SMAD3	HDAC1	['BioGRID']	1
SMAD3	BRCA1	['BioGRID']	1
SMAD3	RNF31	['BioGRID']	1
SMAD3	MEOX2	['IntAct', 'HuRI']	2
SMAD3	RELA	['BioGRID']	1
SMAD3	MYC	['BioGRID']	1
SMAD3	AKT1	['BioGRID']	1
SMAD3	CTNNB1	['BioGRID']	1
SMAD3	MAPK1	['BioGRID']	1
SMAD3	APLP2	['IntAct']	1
SMAD3	PRKACA	['IntAct']	1
SMAD3	RBX1	['BioGRID']	1
SMAD3	MYD88	['BioGRID']	1
SMAD3	ZEB2	['BioGRID']	1
NEK6	MEOX2	['HuRI']	1
NEK6	GPR182	['BioPlex_293T']	1
NEK6	GFAP	['IntAct', 'HuRI']	2
NEK6	CEP76	['IntAct', 'HuRI']	2
NEK6	PTN	['BioGRID']	1
NEK6	CDK5R1	['IntAct']	1
NEK6	HOXA1	['IntAct', 'HuRI']	2
NEK6	CTBP2	['IntAct', 'HuRI']	2
CACNA1A	ADGRL1	['BioGRID']	1
A2M	APOE	['BioGRID']	1
A2M	CTNNB1	['IntAct']	1
A2M	RHBDD1	['BioPlex_HCT116']	1
A2M	KLK10	['BioPlex_HCT116']	1
A2M	CSF2	['IntAct']	1
SIDT2	SLC4A2	['BioPlex_293T']	1
SIDT2	ATP2B4	['BioPlex_293T']	1
SIDT2	ACTA2	['BioPlex_HCT116']	1
SIDT2	IL1RAP	['BioPlex_293T']	1
SIDT2	ANKLE2	['BioPlex_293T']	1
SIDT2	FITM2	['BioPlex_293T']	1
SIDT2	WLS	['BioPlex_293T']	1
SIDT2	GPR89A	['BioPlex_293T']	1
SIDT2	ABHD14A	['BioPlex_293T']	1
SIDT2	GOLM1	['BioPlex_293T']	1
SIDT2	SLC12A7	['BioPlex_293T']	1
SIDT2	HTR3A	['BioPlex_293T']	1
SIDT2	GABRD	['BioPlex_293T']	1
SIDT2	SLC12A2	['BioPlex_HCT116']	1
SIDT2	UBAC2	['BioPlex_HCT116']	1
SIDT2	DHRS7	['BioPlex_293T']	1
SIDT2	OMA1	['BioPlex_293T']	1
TGFBR2	MYC	['IntAct']	1
TGFBR2	MFAP3	['BioPlex_293T']	1
TGFBR2	PTN	['IntAct']	1
TGFBR2	USP33	['BioGRID']	1
TGFBR2	HSP90AA1	['BioGRID']	1
TGFBR2	ARFGAP3	['IntAct']	1
TGFBR2	IFITM3	['BioPlex_HCT116']	1
TGFBR2	TNFRSF10B	['BioPlex_HCT116']	1
TGFBR2	TRAF6	['BioGRID']	1
PDGFRA	FBXW11	['BioGRID']	1
PDGFRA	PRXL2A	['BioPlex_293T']	1
PDGFRA	IDUA	['BioPlex_293T', 'BioPlex_HCT116']	2
PDGFRA	MAP2K3	['BioGRID']	1
PDGFRA	MYC	['BioGRID']	1
PDGFRA	PLCG1	['BioGRID']	1
PDGFRA	HSPA1B	['BioGRID']	1
PDGFRA	EGFR	['IntAct', 'BioGRID']	2
PDGFRA	POMGNT2	['BioPlex_293T', 'BioPlex_HCT116']	2
PDGFRA	ULBP3	['BioPlex_293T']	1
GCNT3	SORL1	['BioPlex_293T', 'BioPlex_HCT116']	2
GCNT3	ACTA2	['BioPlex_HCT116']	1
GCNT3	GLRA3	['BioPlex_293T']	1
TRPV4	MAP7	['BioGRID']	1
NSF	STX7	['BioGRID']	1
NSF	MEOX2	['HuRI']	1
NSF	RHOB	['BioGRID']	1
NSF	STX5	['BioGRID']	1
NSF	GABBR2	['IntAct']	1
LCN1	KLK10	['BioPlex_HCT116']	1
LCN1	GOLM1	['BioPlex_HCT116']	1
LCN1	PDYN	['IntAct', 'BioPlex_293T']	2
LAMA4	LGALS3	['BioPlex_293T']	1
PRXL2A	TSPAN15	['BioPlex_293T']	1
PRXL2A	TMEM106A	['BioPlex_293T']	1
PRXL2A	CLEC12B	['BioPlex_293T']	1
PRXL2A	ANXA1	['BioPlex_293T']	1
PRXL2A	TACR1	['BioPlex_293T']	1
PRXL2A	MME	['BioPlex_293T']	1
LPAR3	RETREG3	['IntAct', 'HuRI']	2
LPAR3	OPRM1	['IntAct', 'HuRI']	2
LPAR3	TMEM14B	['IntAct', 'HuRI']	2
LPAR3	TMEM237	['IntAct', 'HuRI']	2
LPAR3	CREB3L1	['IntAct', 'HuRI']	2
LPAR3	CLEC12B	['IntAct', 'HuRI']	2
LPAR3	KCNJ6	['IntAct', 'HuRI']	2
LPAR3	ERGIC3	['IntAct', 'HuRI']	2
OMA1	B4GALT5	['BioPlex_HCT116']	1
OMA1	C5AR1	['BioPlex_293T']	1
OMA1	TOR3A	['BioPlex_293T', 'BioPlex_HCT116']	2
KDM1A	HDAC1	['IntAct', 'BioPlex_293T', 'BioPlex_HCT116', 'BioGRID']	4
KDM1A	BRCA1	['BioGRID']	1
KDM1A	CEP70	['IntAct', 'BioGRID']	2
KDM1A	HSPA1B	['BioGRID']	1
KDM1A	CSNK2A1	['BioGRID']	1
KDM1A	GOLGA5	['BioGRID']	1
KDM1A	CEP76	['IntAct', 'HuRI']	2
KDM1A	CSNK2A2	['BioGRID']	1
KDM1A	MYC	['IntAct', 'BioGRID', 'HuRI']	3
KDM1A	CTBP2	['BioGRID']	1
KDM1A	GOLGA2	['IntAct']	1
KDM1A	CDC23	['BioGRID']	1
KDM1A	USP22	['BioGRID']	1
BRCA1	HDAC1	['BioGRID']	1
BRCA1	YWHAZ	['BioGRID']	1
BRCA1	AKT1	['BioGRID']	1
BRCA1	RELA	['BioGRID']	1
BRCA1	MYC	['BioGRID']	1
BRCA1	DDB1	['BioGRID']	1
BRCA1	PRKAA2	['BioGRID']	1
BRCA1	HSP90AA1	['BioGRID']	1
BRCA1	HSPA8	['BioGRID']	1
BRCA1	RACK1	['BioGRID']	1
BRCA1	UBC	['BioGRID']	1
BRCA1	EZR	['BioGRID']	1
BRCA1	NUFIP1	['BioGRID']	1
BRCA1	PPP1R9B	['IntAct', 'BioGRID']	2
BRCA1	SKP2	['BioGRID']	1
BRCA1	PPP1CC	['IntAct']	1
BRCA1	ENO1	['BioGRID']	1
BRCA1	CTNNB1	['BioGRID']	1
CDC23	CASP6	['IntAct']	1
CDC23	CDC26	['BioPlex_293T', 'BioPlex_HCT116', 'BioGRID']	3
CDC23	ANAPC4	['BioGRID']	1
CDC23	GFAP	['IntAct']	1
CDC23	DISC1	['IntAct']	1
CDC23	CDC27	['BioGRID']	1
CDC23	BACE2	['BioPlex_293T']	1
CDC23	TNIP1	['IntAct', 'HuRI']	2
MAPK8	MAPT	['BioGRID']	1
MAPK8	EGFR	['IntAct', 'BioGRID']	2
MAPK8	MYC	['BioGRID']	1
MAPK8	CTNNB1	['BioGRID']	1
RELA	HDAC1	['IntAct', 'BioGRID']	2
RELA	GSN	['IntAct']	1
RELA	TNIP2	['BioGRID']	1
RELA	HSPA1B	['BioGRID']	1
RELA	MEOX2	['BioGRID']	1
RELA	CTNNB1	['IntAct']	1
RELA	MAPK1	['BioGRID']	1
RELA	HSPA8	['BioGRID']	1
RELA	FBXW11	['BioPlex_293T', 'BioGRID']	2
RELA	CASP6	['IntAct']	1
RELA	IKBKB	['IntAct', 'BioGRID']	2
RELA	CSNK2A2	['BioGRID']	1
RELA	UBC	['IntAct']	1
RELA	MAP3K8	['BioGRID']	1
RELA	TBK1	['BioGRID']	1
RELA	PRKACA	['IntAct', 'BioGRID']	2
RELA	CSNK2A1	['IntAct', 'BioGRID']	2
RELA	MYC	['BioGRID']	1
GOLM1	EIF2B2	['BioPlex_293T']	1
GOLM1	EGFR	['IntAct']	1
GOLM1	CSTL1	['BioPlex_293T']	1
GOLM1	TSPAN15	['BioPlex_293T', 'BioPlex_HCT116']	2
GOLM1	GPR182	['BioPlex_HCT116']	1
GOLM1	NRSN1	['BioPlex_293T']	1
GOLM1	CLEC12B	['BioPlex_293T']	1
GOLM1	S100A2	['BioPlex_293T']	1
GOLM1	ASPH	['IntAct', 'HuRI']	2
GOLM1	INSIG2	['IntAct', 'HuRI']	2
B4GALT5	CSTL1	['BioPlex_293T']	1
B4GALT5	NRSN1	['BioPlex_293T']	1
B4GALT5	CSF2	['BioPlex_293T']	1
B4GALT5	TNF	['BioPlex_293T']	1
KXD1	GABARAPL1	['IntAct', 'HuRI']	2
KXD1	DTNBP1	['BioPlex_293T', 'BioPlex_HCT116']	2
KXD1	TAX1BP1	['BioPlex_293T', 'BioPlex_HCT116']	2
KXD1	NAV2	['BioPlex_293T', 'BioPlex_HCT116']	2
KXD1	S100A2	['BioPlex_293T', 'BioPlex_HCT116']	2
KXD1	GOLGA3	['BioPlex_293T', 'BioPlex_HCT116']	2
KXD1	STX5	['BioPlex_293T']	1
KXD1	TRAF6	['BioPlex_293T', 'BioPlex_HCT116']	2
KXD1	PPP1R9B	['BioPlex_293T', 'BioPlex_HCT116']	2
EIF2B4	CCNF	['BioGRID']	1
EIF2B4	EIF2B2	['IntAct', 'BioPlex_293T', 'BioPlex_HCT116', 'BioGRID', 'HuRI']	5
EIF2B4	EGFR	['BioGRID']	1
EIF2B4	GPR182	['BioPlex_293T', 'BioPlex_HCT116']	2
EIF2B4	CD40	['BioPlex_HCT116']	1
EIF2B4	EIF2B5	['BioPlex_293T', 'BioPlex_HCT116', 'BioGRID']	3
EGFR	ACTB	['BioGRID']	1
EGFR	GSN	['IntAct']	1
EGFR	MAPT	['IntAct', 'BioGRID']	2
EGFR	HSPA1B	['IntAct', 'BioGRID']	2
EGFR	PLCG1	['IntAct', 'BioGRID']	2
EGFR	EIF2B2	['BioGRID']	1
EGFR	UBC	['BioGRID']	1
EGFR	OS9	['IntAct', 'BioGRID']	2
EGFR	PRKACA	['BioGRID']	1
EGFR	ARRB1	['IntAct', 'BioGRID']	2
EGFR	BTNL2	['BioPlex_HCT116']	1
EGFR	HGS	['IntAct', 'BioGRID']	2
EGFR	CLEC12B	['BioPlex_293T']	1
EGFR	AKT1	['IntAct', 'BioGRID']	2
EGFR	HSPA8	['IntAct', 'BioGRID']	2
EGFR	SYN1	['IntAct']	1
EGFR	PRKCE	['IntAct', 'BioGRID']	2
EGFR	TNPO3	['BioGRID']	1
EGFR	YWHAZ	['IntAct', 'BioGRID']	2
EGFR	TNFRSF1A	['IntAct', 'BioGRID']	2
EGFR	HSP90AA1	['IntAct', 'BioGRID']	2
EGFR	TMEM106A	['BioPlex_HCT116']	1
EGFR	CTNNB1	['BioGRID']	1
EGFR	KIF1A	['BioGRID']	1
EGFR	ARRB2	['IntAct', 'BioGRID']	2
EGFR	NCL	['BioGRID']	1
EGFR	EIF2B5	['BioGRID']	1
EGFR	EZR	['IntAct', 'BioGRID']	2
EGFR	USP33	['IntAct', 'BioGRID']	2
EGFR	UCHL1	['IntAct', 'BioGRID']	2
EGFR	LGALS3	['BioGRID']	1
EGFR	ANXA1	['IntAct', 'BioGRID']	2
EGFR	RHOB	['BioGRID']	1
EGFR	CYLD	['BioGRID']	1
EGFR	HSPB1	['BioGRID']	1
EGFR	GRIN2B	['BioGRID']	1
EGFR	NRG1	['IntAct', 'BioGRID']	2
EGFR	VAV1	['IntAct', 'BioGRID']	2
EGFR	ENO1	['BioGRID']	1
EGFR	PRKAR1B	['IntAct']	1
EGFR	GAPDH	['IntAct', 'BioGRID']	2
EGFR	RGS4	['IntAct', 'BioGRID']	2
EGFR	IGF1R	['BioGRID']	1
EGFR	SHC1	['IntAct', 'BioGRID']	2
EGFR	TNFRSF10B	['BioGRID']	1
IKBKB	CLTC	['IntAct']	1
IKBKB	TNIP2	['BioGRID']	1
IKBKB	SKP2	['BioGRID']	1
IKBKB	UBC	['BioGRID']	1
IKBKB	MYC	['BioGRID']	1
IKBKB	AKT1	['BioGRID']	1
IKBKB	IRAK1	['BioGRID']	1
IKBKB	CTNNB1	['BioGRID']	1
IKBKB	CD40	['BioGRID']	1
IKBKB	HSP90AA1	['BioGRID']	1
IKBKB	TRAF6	['BioGRID']	1
IKBKB	PRKCE	['BioGRID']	1
IKBKB	IKBKE	['BioGRID']	1
IKBKB	COPS5	['BioGRID']	1
IKBKB	TNFRSF1A	['BioGRID']	1
IKBKB	TNF	['BioGRID']	1
IL1RAP	IRAK1	['BioGRID']	1
IL1RAP	NRSN1	['BioPlex_293T']	1
KLHL42	RBX1	['BioPlex_293T', 'BioGRID']	2
KLHL42	COPS5	['BioGRID']	1
ACAD11	ANKLE2	['BioPlex_293T']	1
ACAD11	PDYN	['BioPlex_293T', 'BioPlex_HCT116']	2
EDAR	SNX14	['BioPlex_293T']	1
EDAR	SGTA	['IntAct', 'HuRI']	2
EDAR	CTDNEP1	['BioPlex_293T']	1
EDAR	MFAP3	['BioPlex_293T']	1
EDAR	TNFRSF10B	['BioPlex_293T']	1
EDAR	HGS	['BioPlex_293T']	1
NT5E	TNFSF8	['BioPlex_HCT116']	1
NT5E	CXCR4	['BioPlex_293T']	1
NT5E	TMEM106A	['BioPlex_HCT116']	1
NT5E	USP36	['BioPlex_293T']	1
NT5E	USP22	['BioPlex_293T', 'BioGRID']	2
NT5E	NR2F2	['BioPlex_293T']	1
IGHA2	TMEM237	['BioPlex_293T']	1
IGHA2	RHBDD1	['BioPlex_HCT116']	1
IGHA2	UCP2	['BioPlex_293T']	1
WLS	OPRM1	['IntAct', 'BioGRID']	2
WLS	EBP	['IntAct']	1
WLS	GPR182	['BioPlex_HCT116']	1
WLS	HTR3A	['BioPlex_293T']	1
WLS	RHOB	['BioGRID']	1
WLS	ADORA2A	['IntAct']	1
WLS	AQP4	['IntAct']	1
TM9SF4	UPK2	['BioPlex_HCT116']	1
TM9SF4	DRD3	['BioPlex_HCT116']	1
TM9SF4	CXCR4	['BioPlex_HCT116']	1
TM9SF4	TSPAN15	['BioPlex_HCT116']	1
TM9SF4	GPR182	['BioPlex_HCT116']	1
TM9SF4	LPAR1	['BioPlex_HCT116']	1
TM9SF4	ASPH	['BioPlex_HCT116']	1
TM9SF4	APLNR	['BioPlex_HCT116']	1
TM9SF4	P2RY2	['BioPlex_HCT116']	1
SLC12A2	ZDHHC12	['BioPlex_293T']	1
SLC12A2	HTR3A	['BioPlex_293T']	1
SLC12A2	APLNR	['BioPlex_HCT116']	1
SLC12A2	LGALS3	['BioPlex_293T', 'BioPlex_HCT116', 'BioGRID']	3
SLC12A2	RHOB	['BioGRID']	1
SLC12A2	PTGIR	['BioPlex_293T']	1
SLC12A2	EZR	['IntAct']	1
HTR2C	RETREG3	['BioPlex_293T']	1
HTR2C	ARL10	['BioPlex_293T']	1
HTR2C	ACTA2	['BioPlex_293T']	1
HTR2C	GOLGA5	['BioPlex_293T']	1
HTR2C	TNPO3	['BioPlex_293T']	1
HTR2C	LGALS3	['BioPlex_293T']	1
HTR2C	FITM2	['BioPlex_293T']	1
HTR2C	GPR89A	['BioPlex_293T']	1
KPRP	MEOX2	['HuRI']	1
KPRP	MYC	['BioGRID']	1
KPRP	NOTCH2NLA	['HuRI']	1
KPRP	SLC15A2	['IntAct', 'HuRI']	2
KPRP	HOXA1	['IntAct', 'HuRI']	2
KPRP	ITGB4	['IntAct', 'HuRI']	2
KPRP	TRIP6	['IntAct', 'HuRI']	2
VAMP2	DNAJC5	['BioGRID']	1
VAMP2	STX7	['BioPlex_293T', 'BioPlex_HCT116', 'BioGRID']	3
VAMP2	EBP	['IntAct', 'HuRI']	2
VAMP2	CREB3L1	['IntAct', 'HuRI']	2
VAMP2	STX1A	['IntAct', 'BioGRID', 'HuRI']	3
VAMP2	ERGIC3	['IntAct', 'HuRI']	2
VAMP2	LGALS3	['BioPlex_HCT116']	1
APOE	MAPT	['IntAct', 'BioGRID']	2
APOE	CEACAM8	['BioPlex_293T']	1
APOE	APLP2	['IntAct']	1
APOE	CSTL1	['BioPlex_293T']	1
APOE	KLK10	['BioPlex_HCT116']	1
PTGS2	CTNNB1	['BioGRID']	1
PTGS2	ELAVL1	['BioGRID']	1
PTGS2	USP22	['BioGRID']	1
PTGS2	COPS5	['BioGRID']	1
PTGS2	NUCB1	['BioGRID']	1
ARRB1	CLTC	['BioGRID']	1
ARRB1	GSN	['IntAct', 'BioGRID']	2
ARRB1	CD247	['IntAct']	1
ARRB1	HGS	['BioGRID']	1
ARRB1	HSPA8	['IntAct', 'BioGRID']	2
ARRB1	ARRB2	['IntAct', 'BioPlex_293T', 'BioGRID']	3
ARRB1	NCL	['IntAct', 'BioGRID']	2
ARRB1	IGF1R	['BioGRID']	1
ARRB1	MAP2K3	['BioGRID']	1
ARRB1	CYTH2	['BioGRID']	1
ARRB1	EDNRA	['IntAct']	1
ARRB1	ACKR3	['IntAct']	1
EIF2B2	EIF2B5	['IntAct', 'BioPlex_293T', 'BioPlex_HCT116', 'BioGRID']	4
EIF2B2	CD40	['BioPlex_HCT116']	1
ATP1A3	SNX14	['BioPlex_293T']	1
ATP1A3	TNFSF8	['BioPlex_HCT116']	1
ATP1A3	UPK2	['BioPlex_HCT116']	1
ATP1A3	CXCR4	['BioPlex_HCT116']	1
ATP1A3	TSPAN15	['BioPlex_HCT116']	1
ATP1A3	GPR182	['BioPlex_HCT116']	1
ATP1A3	NTSR1	['BioPlex_HCT116']	1
ATP1A3	ASPH	['BioPlex_HCT116']	1
ATP1A3	TMX2	['BioPlex_293T']	1
ATP1A3	C5AR1	['BioPlex_293T', 'BioPlex_HCT116']	2
ATP1A3	P2RY2	['BioPlex_HCT116']	1
ATP1A3	EDNRA	['BioPlex_HCT116']	1
ATP1A3	TACR1	['BioPlex_HCT116']	1
ATP1A3	IL17A	['BioPlex_293T']	1
DTX2	HGS	['IntAct', 'HuRI']	2
DTX2	SEC22A	['IntAct', 'HuRI']	2
DTX2	TRIP6	['IntAct', 'HuRI']	2
DTX2	GOLGA2	['IntAct']	1
DTX2	HOXA1	['IntAct', 'HuRI']	2
DTX2	HPCAL1	['IntAct', 'BioGRID', 'HuRI']	3
ZNF431	TYRP1	['BioPlex_293T']	1
RNF170	RETREG3	['BioPlex_293T']	1
RNF170	UPK2	['IntAct', 'HuRI']	2
RNF170	SGTA	['IntAct', 'HuRI']	2
RNF170	TLR3	['BioGRID']	1
RNF170	RDH14	['BioPlex_293T']	1
RNF170	P2RY12	['BioPlex_293T']	1
RNF170	GABBR2	['BioPlex_293T']	1
MYC	ACTB	['BioGRID']	1
MYC	HDAC1	['BioGRID']	1
MYC	YWHAG	['BioGRID']	1
MYC	CLTC	['BioGRID']	1
MYC	GSN	['IntAct']	1
MYC	HNRNPK	['BioGRID']	1
MYC	SKP2	['BioGRID']	1
MYC	HSPA1B	['BioGRID']	1
MYC	UBC	['IntAct']	1
MYC	CASP6	['IntAct']	1
MYC	HSP90AA1	['BioGRID']	1
MYC	PSMA5	['BioGRID']	1
MYC	BCR	['BioGRID']	1
MYC	PPIB	['BioGRID']	1
MYC	NCL	['BioGRID']	1
MYC	PPP1CC	['BioGRID']	1
MYC	MAPK1	['BioGRID']	1
MYC	CUL4A	['BioGRID']	1
MYC	ELAVL1	['BioGRID']	1
MYC	ACTN1	['BioGRID']	1
MYC	HSPB1	['BioGRID']	1
MYC	PPIA	['BioGRID']	1
MYC	CTBP2	['BioGRID']	1
MYC	CTNNB1	['BioGRID']	1
MYC	DDB1	['BioGRID']	1
MYC	RACK1	['BioGRID']	1
MYC	ENO1	['BioGRID']	1
MYC	ASPH	['BioGRID']	1
MYC	GAPDH	['BioGRID']	1
MYC	USP22	['BioGRID']	1
MYC	USP36	['BioGRID']	1
MYC	ANXA1	['BioGRID']	1
MYC	COPB1	['BioGRID']	1
MYC	YWHAE	['BioGRID']	1
MYC	MAP2K3	['BioGRID']	1
MYC	PDLIM7	['BioGRID']	1
MYC	S100A2	['BioPlex_293T']	1
MYC	AKT1	['IntAct']	1
MYC	HSPA8	['BioGRID']	1
MYC	SPTAN1	['BioGRID']	1
MYC	CSNK2A1	['BioGRID']	1
MYC	YWHAZ	['BioGRID']	1
RACK1	CCNF	['BioGRID']	1
RACK1	TBXA2R	['BioGRID']	1
RACK1	ALK	['BioGRID']	1
RACK1	ACTN2	['IntAct']	1
RACK1	IGF1R	['BioGRID']	1
RACK1	COPS5	['IntAct', 'BioGRID']	2
RACK1	PRKCE	['BioGRID']	1
APLP2	APOD	['BioPlex_293T']	1
APLP2	BTNL2	['BioPlex_HCT116']	1
APLP2	CSTL1	['BioPlex_293T']	1
APLP2	TMEM106A	['BioPlex_HCT116']	1
APLP2	NRSN1	['BioPlex_293T']	1
APLP2	STX5	['IntAct']	1
APLP2	SDF2L1	['BioPlex_HCT116']	1
APLP2	GFAP	['IntAct']	1
APLP2	VAV1	['BioPlex_293T']	1
SEC22A	RETREG3	['IntAct', 'HuRI']	2
SEC22A	OPRM1	['IntAct', 'HuRI']	2
SEC22A	TMEM237	['IntAct', 'HuRI']	2
SEC22A	CREB3L1	['IntAct', 'HuRI']	2
SEC22A	FATE1	['IntAct', 'HuRI']	2
SEC22A	STX1A	['IntAct', 'HuRI']	2
SEC22A	STOML3	['IntAct', 'HuRI']	2
SEC22A	PTGES	['IntAct', 'HuRI']	2
SEC22A	ASGR2	['IntAct', 'HuRI']	2
SEC22A	GAD2	['IntAct', 'HuRI']	2
SEC22A	CLEC12B	['IntAct', 'HuRI']	2
SEC22A	TYRP1	['IntAct', 'HuRI']	2
SEC22A	TMPRSS2	['IntAct', 'HuRI']	2
P4HA3	MEOX2	['IntAct', 'HuRI']	2
P4HA3	DTNBP1	['IntAct', 'HuRI']	2
P4HA3	CSNK2A1	['BioPlex_293T']	1
P4HA3	HGS	['IntAct', 'HuRI']	2
P4HA3	DISC1	['BioPlex_293T']	1
P4HA3	ADRA2C	['IntAct', 'HuRI']	2
ZDHHC12	STX7	['BioPlex_293T', 'BioPlex_HCT116']	2
ZDHHC12	SNX14	['BioPlex_293T']	1
ZDHHC12	C2CD2L	['BioPlex_293T']	1
ZDHHC12	USP33	['BioPlex_293T']	1
ZDHHC12	ANKLE2	['BioPlex_293T']	1
ZDHHC12	BACE2	['BioPlex_293T']	1
ZDHHC12	SLC12A7	['BioPlex_293T', 'BioPlex_HCT116']	2
ZDHHC12	OS9	['BioPlex_HCT116']	1
ZDHHC12	GOLGA5	['BioPlex_HCT116']	1
ZDHHC12	DHRS7	['BioPlex_293T']	1
ZDHHC12	TSPAN15	['BioPlex_293T', 'BioPlex_HCT116']	2
ZDHHC12	ADGRL1	['BioPlex_HCT116']	1
ZDHHC12	FAAH	['BioPlex_HCT116']	1
ZDHHC12	PCNX3	['BioPlex_293T', 'BioPlex_HCT116']	2
SLC6A1	DNAJC5	['IntAct', 'BioGRID']	2
SLC6A1	STX1A	['BioGRID']	1
SLC6A1	VTN	['BioPlex_293T']	1
RABGGTA	GAPDH	['BioPlex_293T']	1
RABGGTA	GPIHBP1	['BioPlex_293T', 'BioPlex_HCT116']	2
POMGNT2	BTNL2	['BioPlex_HCT116']	1
POMGNT2	NOTCH2NLA	['IntAct', 'HuRI']	2
POMGNT2	TMEM106A	['BioPlex_HCT116']	1
POMGNT2	CLEC12B	['BioPlex_293T']	1
POMGNT2	SDF2L1	['BioPlex_HCT116']	1
POMGNT2	NRG1	['BioPlex_HCT116']	1
RAG2	SKP2	['BioGRID']	1
RAG2	FOXP1	['BioGRID']	1
ALK	HSPA1B	['BioGRID']	1
ALK	PLCG1	['BioGRID']	1
ALK	SHC1	['BioPlex_293T', 'BioGRID']	2
ALK	HSP90AA1	['BioGRID']	1
NUCB1	CSTL1	['BioPlex_293T']	1
NUCB1	CEACAM8	['BioPlex_293T']	1
NUCB1	ADCYAP1	['BioPlex_293T']	1
ULBP3	TNFSF8	['BioPlex_293T', 'BioPlex_HCT116']	2
ULBP3	NRSN1	['BioPlex_293T']	1
ULBP3	RYK	['BioPlex_293T']	1
ARFGAP3	PMP22	['IntAct']	1
ARFGAP3	HSPB1	['IntAct']	1
ARFGAP3	S100A2	['BioPlex_293T']	1
ARFGAP3	BACE2	['IntAct']	1
ARFGAP3	PTGS1	['IntAct']	1
ARFGAP3	ARF1	['BioGRID']	1
SOD2	CEP70	['IntAct']	1
SOD2	SOD1	['BioGRID']	1
SOD2	USP36	['BioGRID']	1
TMEM120B	CRELD1	['BioPlex_293T']	1
TMEM120B	RETREG3	['IntAct', 'HuRI']	2
TMEM120B	TMEM14B	['IntAct', 'HuRI']	2
TMEM120B	EBP	['IntAct', 'HuRI']	2
TMEM120B	CREB3L1	['IntAct', 'HuRI']	2
TMEM120B	CXCR4	['BioPlex_293T']	1
TMEM120B	CMTM5	['BioPlex_293T']	1
TMEM120B	TSPAN15	['BioPlex_293T']	1
TMEM120B	TMX2	['IntAct', 'HuRI']	2
TMEM120B	GAD2	['IntAct', 'HuRI']	2
TMEM120B	LPAR1	['BioPlex_293T']	1
TMEM120B	TMPRSS2	['IntAct', 'HuRI']	2
TMEM120B	KCNJ6	['IntAct', 'HuRI']	2
TMEM120B	ERGIC3	['IntAct', 'HuRI']	2
GPR182	SNX14	['BioPlex_HCT116']	1
GPR182	SLC4A2	['BioPlex_HCT116']	1
GPR182	NR2F2	['BioPlex_293T']	1
GPR182	THADA	['BioPlex_293T', 'BioPlex_HCT116']	2
GPR182	TNPO3	['BioPlex_HCT116']	1
GPR182	GPR89A	['BioPlex_293T']	1
GPR182	ARRB2	['BioPlex_293T']	1
GPR182	BRI3BP	['BioPlex_HCT116']	1
GPR182	FAAH	['BioPlex_HCT116']	1
GPR182	UBAC2	['BioPlex_HCT116']	1
GPR182	IFITM3	['BioPlex_HCT116']	1
GPR182	NTSR1	['BioPlex_HCT116']	1
GPR182	KIAA2013	['BioPlex_HCT116']	1
GPR182	ERGIC3	['BioPlex_HCT116']	1
DHRS7	TNFRSF1A	['BioPlex_293T']	1
DHRS7	RXFP1	['BioPlex_293T']	1
GPR89A	CRELD1	['BioPlex_293T']	1
GPR89A	CXCR4	['BioPlex_293T']	1
GPR89A	CMTM5	['BioPlex_293T']	1
GPR89A	TSPAN15	['BioPlex_293T', 'BioPlex_HCT116']	2
GPR89A	NTSR1	['BioPlex_293T']	1
GPR89A	LPAR1	['BioPlex_293T']	1
GPR89A	C5AR1	['BioPlex_293T']	1
GPR89A	P2RY12	['BioPlex_293T']	1
GPR89A	TACR1	['BioPlex_293T']	1
MFAP3	TSPAN15	['BioPlex_293T', 'BioPlex_HCT116']	2
MFAP3	LGALS3	['BioPlex_293T']	1
MFAP3	ERGIC3	['BioPlex_293T']	1
MFAP3	PTGIR	['BioPlex_293T']	1
MFAP3	TNFRSF10B	['BioPlex_293T']	1
MFAP3	RYK	['BioPlex_293T']	1
NTSR1	ARL10	['BioPlex_293T']	1
NTSR1	FITM2	['BioPlex_293T']	1
MTUS2	AKT1	['HuRI']	1
MTUS2	USP22	['IntAct', 'HuRI']	2
MTUS2	PRKAA2	['IntAct', 'HuRI']	2
MTUS2	ZNF410	['IntAct', 'HuRI']	2
MTUS2	CDK5R1	['IntAct']	1
MTUS2	TNFRSF10B	['BioPlex_HCT116']	1
MTUS2	ZBTB16	['IntAct', 'HuRI']	2
MTUS2	ITGB4	['IntAct', 'HuRI']	2
KCNJ6	APOD	['IntAct', 'HuRI']	2
KCNJ6	CMTM5	['IntAct', 'HuRI']	2
KCNJ6	PMP22	['IntAct', 'HuRI']	2
KCNJ6	GOLGA5	['BioPlex_293T']	1
PCNX3	TSPAN15	['BioPlex_HCT116']	1
PCNX3	RXFP1	['BioPlex_293T']	1
PCNX3	HTR3A	['BioPlex_293T']	1
PCNX3	RHOB	['BioGRID']	1
GOLGA3	HDAC1	['BioGRID']	1
GOLGA3	RNF31	['BioGRID']	1
GOLGA3	GOPC	['BioPlex_293T']	1
GOLGA3	S100A2	['BioPlex_293T']	1
PPIA	NCOR1	['IntAct']	1
PPIA	CTNNB1	['BioGRID']	1
PPIA	AGR2	['BioGRID']	1
PPIA	CDK5	['IntAct']	1
PPIA	PRLR	['BioGRID']	1
PPIA	SOD1	['BioGRID']	1
PPIA	ENO1	['BioGRID']	1
PPIA	COPS5	['BioGRID']	1
PPIA	CUL4B	['BioGRID']	1
PPIA	COL1A1	['BioPlex_HCT116']	1
PPIA	CEP76	['IntAct']	1
GAL	AKT1	['IntAct']	1
GAL	CSTL1	['BioPlex_293T']	1
GAL	SGTA	['IntAct', 'HuRI']	2
GAL	CEACAM8	['BioPlex_293T']	1
GAL	ASPH	['IntAct', 'HuRI']	2
ENO1	HDAC1	['BioGRID']	1
ENO1	YWHAZ	['IntAct', 'BioGRID']	2
ENO1	UCHL1	['BioGRID']	1
ENO1	AKT1	['BioGRID']	1
ENO1	GAPDH	['BioGRID']	1
ENO1	AGR2	['BioGRID']	1
ENO1	SOD1	['BioGRID']	1
ENO1	HSPA8	['BioGRID']	1
ENO1	CDC27	['BioGRID']	1
ENO1	COPB1	['BioGRID']	1
ENO1	HINT1	['BioGRID']	1
GLP1R	NOTCH2NLA	['IntAct', 'HuRI']	2
GLP1R	IFITM3	['BioGRID']	1
GLP1R	GABBR2	['BioGRID']	1
NUFIP1	MAPT	['BioPlex_293T']	1
NUFIP1	STX1A	['BioPlex_293T']	1
NUFIP1	CBX6	['BioPlex_293T']	1
NUFIP1	SYN1	['BioPlex_293T']	1
NUFIP1	NCAM1	['BioPlex_293T']	1
NUFIP1	GNAZ	['BioPlex_293T']	1
TNFRSF1A	RNF31	['BioGRID']	1
TNFRSF1A	TNIP2	['BioGRID']	1
TNFRSF1A	MAPK1	['BioGRID']	1
TNFRSF1A	THADA	['BioPlex_293T']	1
TNFRSF1A	TNIP1	['BioGRID']	1
TNFRSF1A	CYLD	['BioGRID']	1
TNFRSF1A	FADD	['BioGRID']	1
TNFRSF1A	TNF	['IntAct', 'BioPlex_293T', 'BioGRID']	3
TNFRSF1A	TNPO3	['BioPlex_293T']	1
ZNF410	CEP70	['IntAct', 'HuRI']	2
ZNF410	MEOX2	['HuRI']	1
ZNF410	AGR2	['IntAct', 'HuRI']	2
ZNF410	GFAP	['IntAct']	1
ZNF410	GOLGA2	['IntAct']	1
ZNF410	PRKAR1B	['IntAct', 'HuRI']	2
ZNF410	OSM	['IntAct']	1
ACTA2	ACTB	['BioPlex_293T', 'BioPlex_HCT116', 'BioGRID']	3
ACTA2	GSN	['BioPlex_293T', 'BioPlex_HCT116']	2
ACTA2	VAV1	['BioPlex_293T']	1
ACTA2	RYK	['BioPlex_293T']	1
PTN	SGTA	['IntAct', 'BioGRID']	2
PTN	PRKACA	['IntAct']	1
PTN	ASPH	['IntAct', 'HuRI']	2
CMTM5	RETREG3	['IntAct', 'BioPlex_293T', 'BioGRID', 'HuRI']	4
CMTM5	HNRNPK	['HuRI']	1
CMTM5	SNX14	['BioPlex_293T']	1
CMTM5	MEOX2	['HuRI']	1
CMTM5	TMEM14B	['IntAct', 'HuRI']	2
CMTM5	SLC4A2	['BioPlex_293T']	1
CMTM5	BRI3BP	['BioPlex_293T']	1
CMTM5	RHBDD1	['IntAct', 'HuRI']	2
CMTM5	FITM2	['BioPlex_293T']	1
CMTM5	GAD2	['IntAct', 'HuRI']	2
CMTM5	ERGIC3	['IntAct', 'HuRI']	2
CMTM5	CD40	['IntAct', 'HuRI']	2
CMTM5	SGCB	['IntAct', 'HuRI']	2
CMTM5	NUP35	['BioPlex_293T']	1
TLR4	TRAF6	['BioGRID']	1
TLR4	MYD88	['IntAct', 'BioGRID']	2
FBXW11	CLTC	['BioGRID']	1
FBXW11	CTNNB1	['IntAct', 'BioGRID']	2
FBXW11	YWHAE	['BioGRID']	1
FBXW11	RBX1	['BioGRID']	1
FBXW11	PER1	['BioGRID']	1
FBXW11	PRLR	['BioGRID']	1
BACE2	UPK2	['BioPlex_293T', 'BioPlex_HCT116']	2
BACE2	BCR	['BioPlex_293T']	1
BACE2	TMEM106A	['BioPlex_HCT116']	1
BACE2	USP36	['BioPlex_293T']	1
ACTN1	MAPT	['BioGRID']	1
ACTN1	CCNF	['BioGRID']	1
ACTN1	AGR2	['BioGRID']	1
ACTN1	DPP4	['BioGRID']	1
ACTN1	HSP90AA1	['BioGRID']	1
ACTN1	ACTN2	['IntAct', 'BioGRID']	2
ACTN1	EZR	['BioGRID']	1
ACTN1	CTSB	['BioGRID']	1
ACTN1	CDK5R1	['BioGRID']	1
IL17A	DPP8	['BioPlex_293T']	1
IL17A	IL2	['BioPlex_293T', 'BioPlex_HCT116']	2
NPRL3	GLA	['BioPlex_293T', 'BioPlex_HCT116']	2
NPRL3	SESN2	['BioGRID']	1
NPRL3	WDR59	['BioGRID']	1
CASP6	COL2A1	['IntAct']	1
CASP6	MAPT	['BioGRID']	1
CASP6	TGM1	['IntAct']	1
CASP6	PER1	['IntAct']	1
CASP6	CTNNB1	['IntAct']	1
HPCAL1	YWHAG	['BioPlex_293T', 'BioGRID']	2
HPCAL1	YWHAZ	['BioPlex_293T', 'BioGRID']	2
HPCAL1	NOTCH2NLA	['IntAct', 'HuRI']	2
HPCAL1	DGUOK	['BioPlex_293T']	1
HPCAL1	HAX1	['BioPlex_293T']	1
HPCAL1	ADAM11	['BioPlex_293T']	1
GRIN2A	DLG3	['BioGRID']	1
GRIN2A	SPTAN1	['BioGRID']	1
GRIN2A	USP33	['BioPlex_293T']	1
GRIN2A	GRIN2B	['BioPlex_293T', 'BioGRID']	2
SNX14	IFITM3	['BioPlex_293T']	1
SNX14	LPAR1	['BioPlex_293T']	1
SNX14	CXCR4	['BioPlex_293T']	1
CEP70	PMP22	['IntAct']	1
CEP70	MKRN3	['IntAct', 'HuRI']	2
CEP70	ZBTB16	['IntAct', 'HuRI']	2
YWHAE	ACTB	['BioGRID']	1
YWHAE	HDAC1	['BioGRID']	1
YWHAE	YWHAG	['IntAct', 'BioPlex_293T', 'BioGRID']	3
YWHAE	MAPT	['BioGRID']	1
YWHAE	YWHAZ	['IntAct', 'BioPlex_293T', 'BioGRID']	3
YWHAE	AGR2	['BioGRID']	1
YWHAE	BCR	['BioGRID']	1
YWHAE	DDB1	['BioGRID']	1
YWHAE	HSPA8	['BioGRID']	1
YWHAE	IGF1R	['IntAct', 'BioGRID']	2
YWHAE	DISC1	['IntAct']	1
YWHAE	CYLD	['BioGRID']	1
YWHAE	TBK1	['BioGRID']	1
YWHAE	NAV2	['BioGRID']	1
YWHAE	PRKCE	['IntAct']	1
YWHAE	HSP90AA1	['BioGRID']	1
SLC12A7	TMEM237	['IntAct', 'HuRI']	2
SLC12A7	LGALS3	['BioPlex_293T', 'BioPlex_HCT116']	2
SLC12A7	RHOB	['BioGRID']	1
SLC12A7	RXFP1	['BioPlex_293T']	1
SLC12A7	PTGIR	['BioPlex_293T']	1
LCN2	SGTA	['IntAct', 'HuRI']	2
LCN2	LNPEP	['IntAct', 'HuRI']	2
LCN2	NRSN1	['BioPlex_HCT116']	1
LCN2	RHBDD1	['BioPlex_HCT116']	1
LCN2	ASPH	['IntAct', 'HuRI']	2
LCN2	PRKAA2	['IntAct', 'HuRI']	2
LCN2	KLK10	['BioPlex_HCT116']	1
LCN2	FSTL1	['BioPlex_HCT116']	1
CTBP2	DCAF6	['BioGRID']	1
CTBP2	HDAC1	['BioPlex_HCT116', 'BioGRID']	2
CTBP2	CUL4A	['BioGRID']	1
CTBP2	CTNNB1	['BioGRID']	1
CTBP2	CBX6	['BioPlex_HCT116']	1
CTBP2	FOXP1	['BioGRID']	1
CTBP2	PLCB1	['IntAct', 'HuRI']	2
CTBP2	CUL4B	['BioGRID']	1
CTBP2	MAP7	['BioPlex_HCT116']	1
DGUOK	MAPT	['BioPlex_293T']	1
DGUOK	STX1A	['BioPlex_293T']	1
DGUOK	ATP2B3	['BioPlex_293T']	1
DGUOK	SYN2	['BioPlex_293T']	1
DGUOK	SYN1	['BioPlex_293T']	1
PRNP	MAPT	['IntAct']	1
PRNP	IGF1R	['BioGRID']	1
PRNP	HOXA1	['BioGRID']	1
PRNP	HAX1	['BioGRID']	1
PRNP	NCAM1	['BioGRID']	1
PRNP	CYLD	['BioGRID']	1
CTNNAL1	SNTB2	['BioPlex_293T', 'BioPlex_HCT116']	2
CTNNAL1	DTNA	['IntAct']	1
DTNA	ACTB	['BioGRID']	1
DTNA	DTNBP1	['BioPlex_293T', 'BioGRID']	2
DTNA	SNTB2	['BioPlex_293T', 'BioPlex_HCT116', 'BioGRID']	3
DTNA	UTRN	['IntAct', 'BioGRID']	2
CXCR4	BRI3BP	['BioPlex_293T']	1
CXCR4	ATP2B3	['BioPlex_293T']	1
CXCR4	LPAR1	['BioPlex_293T']	1
CXCR4	TNFRSF10B	['BioPlex_293T']	1
CXCR4	GOPC	['BioPlex_293T', 'BioPlex_HCT116']	2
CXCR4	NR2F2	['BioPlex_293T']	1
CXCR4	ACKR3	['IntAct']	1
CXCR4	CCR5	['IntAct']	1
GOLGA5	HTR1B	['BioPlex_HCT116']	1
GOLGA5	TSPAN15	['BioPlex_HCT116']	1
GOLGA5	LPAR1	['BioPlex_293T', 'BioPlex_HCT116']	2
GOLGA5	C5AR1	['BioPlex_293T', 'BioPlex_HCT116']	2
GOLGA5	P2RY12	['BioPlex_293T']	1
GOLGA5	P2RY2	['BioPlex_HCT116']	1
GOLGA5	TACR1	['BioPlex_293T']	1
GOLGA5	ADORA2B	['BioPlex_HCT116']	1
WDR59	SKP2	['BioPlex_293T']	1
WDR59	SESN2	['BioGRID']	1
SYN1	HAX1	['BioPlex_293T']	1
SYN1	SYN2	['BioGRID']	1
APLNR	SLC4A2	['BioPlex_293T']	1
APLNR	UBAC2	['BioPlex_HCT116']	1
APLNR	TUBB8	['BioPlex_293T']	1
APLNR	LGALS3	['BioPlex_293T']	1
APLNR	ATP2B4	['BioPlex_293T', 'BioPlex_HCT116']	2
APLNR	NR2F2	['BioPlex_293T']	1
APLNR	MAP2K3	['BioPlex_HCT116']	1
APLNR	THADA	['BioPlex_293T', 'BioPlex_HCT116']	2
GABARAPL1	RETREG3	['IntAct', 'BioGRID', 'HuRI']	3
GABARAPL1	HSP90AA1	['BioGRID']	1
GABARAPL1	HBB	['BioPlex_293T']	1
GABARAPL1	TNIP1	['IntAct', 'BioGRID', 'HuRI']	3
GABARAPL1	DISC1	['IntAct']	1
GABARAPL1	TAX1BP1	['IntAct', 'BioGRID', 'HuRI']	3
KLK10	GSN	['BioPlex_HCT116']	1
KLK10	VTN	['BioPlex_HCT116']	1
KLK10	NRSN1	['BioPlex_HCT116']	1
KLK10	POTEE	['BioPlex_HCT116']	1
KLK10	CST4	['BioPlex_HCT116']	1
KLK10	ZG16B	['BioPlex_HCT116']	1
KLK10	HBB	['BioPlex_HCT116']	1
KLK10	CYBB	['BioPlex_HCT116']	1
KLK10	BPIFB1	['BioPlex_HCT116']	1
KLK10	JCHAIN	['BioPlex_HCT116']	1
HOXA1	NOTCH2NLA	['IntAct', 'HuRI']	2
HOXA1	RGS20	['IntAct', 'HuRI']	2
HOXA1	TRIP6	['IntAct', 'HuRI']	2
HOXA1	MKRN3	['IntAct', 'HuRI']	2
HOXA1	ITGB4	['IntAct', 'HuRI']	2
HOXA1	ZBTB16	['IntAct', 'HuRI']	2
VAV1	PLCG1	['BioGRID']	1
VAV1	MAPK1	['BioGRID']	1
VAV1	PRLR	['BioGRID']	1
HCN2	HCN4	['BioPlex_293T', 'BioGRID']	2
TH	HNRNPK	['IntAct', 'HuRI']	2
POF1B	RHBDD1	['BioPlex_HCT116']	1
POF1B	EIF2B5	['BioPlex_HCT116']	1
POF1B	FSTL1	['BioPlex_HCT116']	1
GRIA1	CYLD	['BioGRID']	1
CD40	RNF31	['BioGRID']	1
CD40	EBP	['IntAct', 'HuRI']	2
CD40	THADA	['BioPlex_293T', 'BioPlex_HCT116']	2
CD40	EIF2B5	['BioPlex_HCT116']	1
CD40	INSIG2	['IntAct', 'HuRI']	2
CD40	TRAF6	['IntAct', 'BioGRID']	2
CD40	TNPO3	['BioPlex_293T', 'BioPlex_HCT116']	2
SESN2	RBX1	['IntAct']	1
SESN2	RNF167	['BioGRID']	1
OPRM1	IFITM3	['IntAct', 'HuRI']	2
OPRM1	CLEC12B	['IntAct', 'HuRI']	2
OPRM1	PMP22	['IntAct', 'HuRI']	2
OPRM1	CCDC167	['IntAct', 'HuRI']	2
OPRM1	COPS5	['IntAct', 'BioGRID']	2
OPRM1	RANBP9	['IntAct', 'BioGRID']	2
OPRM1	ADAM33	['IntAct', 'HuRI']	2
OPRM1	THADA	['BioPlex_293T']	1
OPRM1	C2CD2L	['IntAct', 'HuRI']	2
OS9	IGF1R	['BioGRID']	1
OS9	SORL1	['BioPlex_293T']	1
OS9	NOS1	['BioPlex_HCT116']	1
OS9	CTSB	['BioGRID']	1
NCAM1	HAX1	['BioPlex_293T']	1
NCAM1	RYK	['BioPlex_293T']	1
NCAM1	IFITM3	['BioPlex_293T']	1
DRD3	BRI3BP	['BioPlex_HCT116']	1
DRD3	DRD1	['BioGRID']	1
PRKAA2	CTNNA3	['BioPlex_293T']	1
PRKAA2	AKT1	['IntAct']	1
PRKAA2	NOTCH2NLA	['IntAct', 'HuRI']	2
PRKAA2	TRIP6	['IntAct', 'BioGRID', 'HuRI']	3
PRKAA2	GOLGA2	['IntAct']	1
PRKAA2	MKRN3	['IntAct', 'HuRI']	2
PRKAA2	PRKAR1B	['IntAct', 'HuRI']	2
ASPH	RETREG3	['BioPlex_293T']	1
ASPH	STX7	['BioPlex_HCT116']	1
ASPH	AGR2	['IntAct', 'HuRI']	2
ASPH	TMX2	['IntAct', 'HuRI']	2
ASPH	TNFRSF10B	['IntAct', 'HuRI']	2
FITM2	CRELD1	['BioPlex_293T']	1
FITM2	TSPAN15	['BioPlex_293T', 'BioPlex_HCT116']	2
FITM2	HTR3A	['BioPlex_293T']	1
FITM2	LPAR1	['BioPlex_293T']	1
FITM2	C5AR1	['BioPlex_293T']	1
FITM2	P2RY12	['BioPlex_293T']	1
HINT1	CTNNB1	['BioGRID']	1
HINT1	RGS20	['BioGRID']	1
HINT1	RBX1	['BioGRID']	1
TSPAN15	RETREG3	['BioPlex_293T', 'BioPlex_HCT116']	2
TSPAN15	SLC4A2	['BioPlex_HCT116']	1
TSPAN15	EBP	['BioPlex_293T']	1
TSPAN15	LPAR1	['BioPlex_293T']	1
TSPAN15	KIAA2013	['BioPlex_HCT116']	1
TSPAN15	ADGRL1	['BioPlex_HCT116']	1
TSPAN15	TBL2	['BioPlex_HCT116']	1
TSPAN15	P2RY12	['BioPlex_293T']	1
TSPAN15	HTR3A	['BioPlex_293T']	1
TSPAN15	TACR1	['BioPlex_293T']	1
TSPAN15	ADORA2B	['BioPlex_HCT116']	1
TSPAN15	BRI3BP	['BioPlex_HCT116']	1
TSPAN15	IFITM3	['BioPlex_HCT116']	1
DNAJC5	STX7	['BioGRID']	1
DNAJC5	USP22	['BioPlex_293T']	1
DNAJC5	HGS	['BioGRID']	1
DNAJC5	SKP2	['BioGRID']	1
DCAF6	DDB1	['IntAct', 'BioGRID']	2
DCAF6	CUL4B	['BioPlex_293T', 'BioGRID']	2
DCAF6	CUL4A	['BioGRID']	1
TMEM106A	DIPK1A	['BioPlex_293T']	1
TMEM106A	SGCB	['BioPlex_293T', 'BioPlex_HCT116']	2
TMEM106A	ANKLE2	['BioPlex_HCT116']	1
TMEM106A	KIAA2013	['BioPlex_293T', 'BioPlex_HCT116']	2
TMEM106A	NR2F2	['BioPlex_293T']	1
CTSB	SPTAN1	['BioGRID']	1
CTSB	S100A10	['BioGRID']	1
GSN	ACTB	['BioPlex_293T', 'BioGRID']	2
GSN	COL2A1	['IntAct']	1
GSN	ARRB2	['IntAct', 'BioGRID']	2
GSN	DISC1	['IntAct', 'BioGRID']	2
GSN	TNIP1	['BioGRID']	1
GSN	PER1	['IntAct']	1
HSPB1	HDAC1	['BioGRID']	1
HSPB1	MAPT	['BioGRID']	1
HSPB1	CCNF	['BioGRID']	1
HSPB1	YWHAZ	['IntAct']	1
HSPB1	AKT1	['BioGRID']	1
HSPB1	CTNNB1	['BioGRID']	1
HSPB1	CSNK2A1	['BioGRID']	1
HSPB1	UBAC2	['IntAct']	1
HSPB1	CSNK2A2	['BioGRID']	1
HSPB1	HSPA8	['BioGRID']	1
HSPB1	MME	['IntAct', 'BioGRID']	2
HSPB1	HSP90AA1	['BioGRID']	1
HSPB1	PER1	['IntAct']	1
HSPB1	RBX1	['BioGRID']	1
ATP2B4	HTR3A	['BioPlex_293T']	1
ATP2B4	C5AR1	['BioPlex_293T']	1
ATP2B4	LGALS3	['BioPlex_293T', 'BioPlex_HCT116']	2
ATP2B4	RHOB	['BioGRID']	1
ATP2B4	RXFP1	['BioPlex_293T']	1
ATP2B4	P2RY2	['BioPlex_HCT116']	1
USP22	YWHAG	['BioPlex_293T', 'BioGRID']	2
USP22	CREB3L1	['BioPlex_293T']	1
TUBB8	CRELD1	['BioPlex_293T']	1
TUBB8	UPK2	['BioPlex_HCT116']	1
TUBB8	BTNL2	['BioPlex_HCT116']	1
TUBB8	GPIHBP1	['BioPlex_293T', 'BioPlex_HCT116']	2
TUBB8	C2CD4A	['BioPlex_293T']	1
TUBB8	PRKAR1B	['BioPlex_293T', 'BioPlex_HCT116']	2
ADGRL1	UPK2	['BioPlex_293T', 'BioPlex_HCT116']	2
ADGRL1	HAX1	['BioPlex_HCT116']	1
ADGRL1	EDNRA	['BioPlex_HCT116']	1
ADGRL1	NRG1	['BioPlex_293T']	1
UBAC2	UBC	['BioGRID']	1
UBAC2	GABRD	['BioPlex_HCT116']	1
UBAC2	ABHD14A	['BioPlex_HCT116']	1
UBAC2	ADORA1	['BioPlex_HCT116']	1
COLQ	COL6A1	['BioPlex_HCT116']	1
SDF2L1	SGTA	['IntAct', 'HuRI']	2
SDF2L1	LNPEP	['BioPlex_HCT116']	1
SDF2L1	DPP4	['BioGRID']	1
SDF2L1	POTEE	['BioPlex_HCT116']	1
SDF2L1	IGF1R	['BioPlex_HCT116', 'BioGRID']	2
SDF2L1	TOR3A	['BioPlex_HCT116']	1
SDF2L1	ANKLE2	['BioPlex_HCT116']	1
SDF2L1	SORL1	['BioPlex_HCT116']	1
ZG16B	TMEM237	['BioPlex_293T']	1
ZG16B	SGTA	['HuRI']	1
ZG16B	TNIP1	['BioGRID']	1
ZG16B	UCP2	['BioPlex_293T']	1
ZG16B	PRKCE	['BioPlex_293T']	1
YWHAZ	ACTB	['IntAct']	1
YWHAZ	YWHAG	['BioPlex_293T', 'BioGRID']	2
YWHAZ	MAPT	['IntAct', 'BioGRID']	2
YWHAZ	CCNF	['BioGRID']	1
YWHAZ	CTNNB1	['BioGRID']	1
YWHAZ	PRKCE	['IntAct', 'BioGRID']	2
YWHAZ	HSP90AA1	['BioGRID']	1
YWHAZ	HSPA8	['BioGRID']	1
YWHAZ	DISC1	['IntAct']	1
YWHAZ	BCR	['BioGRID']	1
YWHAZ	TBXA2R	['BioGRID']	1
YWHAZ	NAV2	['BioGRID']	1
YWHAZ	CYLD	['BioGRID']	1
YWHAZ	PRKACA	['IntAct', 'BioGRID']	2
YWHAZ	COPS5	['BioGRID']	1
YWHAZ	AKT1	['BioGRID']	1
YWHAZ	AGR2	['BioGRID']	1
SNTB2	NOS1	['BioPlex_293T']	1
SNTB2	UTRN	['IntAct', 'BioPlex_293T', 'BioPlex_HCT116', 'BioGRID']	4
YWHAG	C2CD2L	['BioPlex_293T']	1
YWHAG	CEP76	['IntAct']	1
YWHAG	CYLD	['BioPlex_293T', 'BioGRID']	2
YWHAG	DRD1	['IntAct']	1
YWHAG	MAPT	['BioGRID']	1
YWHAG	HAX1	['IntAct']	1
YWHAG	BCR	['BioPlex_293T', 'BioGRID']	2
YWHAG	MAP7	['BioPlex_293T', 'BioGRID']	2
YWHAG	IGF1R	['IntAct', 'BioGRID']	2
YWHAG	GNB5	['IntAct']	1
PMP22	MKRN3	['IntAct']	1
PMP22	TMEM14B	['IntAct', 'HuRI']	2
PMP22	EBP	['IntAct', 'HuRI']	2
PMP22	CREB3L1	['IntAct', 'HuRI']	2
PMP22	CLEC12B	['IntAct', 'HuRI']	2
PMP22	GPR42	['IntAct', 'HuRI']	2
PMP22	SGCB	['IntAct', 'HuRI']	2
PMP22	ASGR2	['IntAct', 'HuRI']	2
PMP22	ERGIC3	['IntAct', 'HuRI']	2
NRSN1	AGR2	['BioPlex_HCT116']	1
NRSN1	FATE1	['IntAct', 'HuRI']	2
NRSN1	HGS	['BioPlex_293T']	1
NRSN1	TAX1BP1	['BioPlex_293T']	1
NRSN1	RHBDD1	['BioPlex_293T']	1
NRSN1	TNIP1	['BioPlex_293T']	1
NRSN1	ABHD14A	['BioPlex_293T']	1
NRSN1	S100A2	['BioPlex_HCT116']	1
NRSN1	C2CD2L	['BioPlex_293T']	1
ANAPC4	CDC26	['BioPlex_293T', 'BioPlex_HCT116', 'BioGRID']	3
ANAPC4	CDC27	['IntAct', 'BioGRID']	2
ZBTB16	HDAC1	['IntAct', 'BioGRID']	2
ZBTB16	MEOX2	['HuRI']	1
ZBTB16	NCOR1	['BioGRID']	1
ZBTB16	GOLGA2	['IntAct']	1
ZBTB16	PRKAR1B	['IntAct', 'HuRI']	2
COL1A1	CD247	['BioPlex_HCT116']	1
COL1A1	SPARC	['BioGRID']	1
COL1A1	PPIB	['IntAct']	1
COL1A1	ABHD14A	['BioPlex_HCT116']	1
ADORA2B	RETREG3	['BioPlex_HCT116']	1
ADORA2B	IFITM3	['BioPlex_HCT116']	1
ADORA2B	ADORA2A	['IntAct']	1
BTNL2	SORL1	['BioPlex_HCT116']	1
BTNL2	BRI3BP	['BioPlex_HCT116']	1
BTNL2	IDUA	['BioPlex_HCT116']	1
BTNL2	SGCB	['BioPlex_HCT116']	1
HTR3A	SGCB	['BioPlex_293T']	1
HTR3A	DIPK1A	['BioPlex_293T']	1
HTR3A	ABHD14A	['BioPlex_293T']	1
HTR3A	MARCHF6	['BioPlex_293T']	1
RGS20	GNAZ	['BioGRID']	1
ACTN2	HTR1B	['IntAct', 'HuRI']	2
ACTN2	DISC1	['IntAct', 'BioGRID']	2
ACTN2	RGS9	['BioGRID']	1
ACTN2	GRIN2B	['BioGRID']	1
STX1A	STX7	['IntAct', 'HuRI']	2
STX1A	TNF	['IntAct', 'HuRI']	2
STX1A	VAPB	['BioGRID']	1
STX1A	STX5	['IntAct', 'HuRI']	2
STX1A	HAX1	['BioPlex_293T']	1
ATP2B3	C5AR1	['BioPlex_293T']	1
ATP2B3	P2RY2	['BioPlex_HCT116']	1
KIT	PLCG1	['IntAct', 'BioGRID']	2
KIT	BCR	['BioGRID']	1
IRAK1	CCNF	['BioGRID']	1
IRAK1	MYD88	['IntAct', 'BioGRID']	2
IRAK1	TRAF6	['IntAct', 'BioGRID']	2
IRAK1	HSP90AA1	['BioGRID']	1
IRAK1	HSPA8	['BioGRID']	1
CEACAM8	TOR3A	['BioPlex_293T']	1
CEACAM8	RHBDD1	['BioPlex_HCT116']	1
COPB1	CCNF	['BioGRID']	1
COPB1	UBC	['BioGRID']	1
COPB1	ARF1	['BioGRID']	1
TNF	RNF31	['BioGRID']	1
TNF	TNIP2	['BioGRID']	1
TNF	UBC	['BioGRID']	1
TNF	CREB3L1	['IntAct', 'HuRI']	2
TNF	LNPEP	['BioPlex_293T']	1
TNF	TMPRSS2	['IntAct', 'HuRI']	2
TNF	TBK1	['BioGRID']	1
TNF	CYLD	['BioGRID']	1
TNF	SGCB	['IntAct', 'HuRI']	2
TNF	IKBKE	['BioGRID']	1
TNF	NR2F2	['BioPlex_293T']	1
TNF	TNIP1	['BioGRID']	1
HGS	CLTC	['BioGRID']	1
HGS	MAPT	['BioGRID']	1
HGS	TGM1	['BioPlex_293T']	1
HGS	UBC	['IntAct', 'BioGRID']	2
HGS	ARRB2	['BioGRID']	1
HGS	HSPA8	['BioPlex_HCT116', 'BioGRID']	2
HGS	GOLGA2	['IntAct']	1
HGS	RDH14	['BioPlex_HCT116']	1
HGS	MKRN3	['IntAct', 'HuRI']	2
HGS	ADRA2C	['IntAct', 'HuRI']	2
MEOX2	TRAF6	['IntAct', 'HuRI']	2
MEOX2	CSNK2A1	['HuRI']	1
MEOX2	TBL2	['HuRI']	1
MEOX2	TNPO3	['HuRI']	1
MEOX2	CSF2	['IntAct', 'HuRI']	2
MEOX2	VIP	['HuRI']	1
MEOX2	CDK5	['HuRI']	1
MEOX2	MKRN3	['IntAct', 'HuRI']	2
MEOX2	TMEM14B	['HuRI']	1
TRAF6	RNF31	['BioGRID']	1
TRAF6	UBC	['IntAct', 'BioGRID']	2
TRAF6	RANBP9	['BioGRID']	1
TRAF6	UCHL1	['IntAct']	1
TRAF6	AKT1	['BioGRID']	1
TRAF6	CTNNB1	['BioGRID']	1
TRAF6	TAX1BP1	['IntAct', 'BioGRID']	2
TRAF6	ARRB2	['BioGRID']	1
TRAF6	TLR3	['BioGRID']	1
TRAF6	TBK1	['BioGRID']	1
TRAF6	MYD88	['BioGRID']	1
TRAF6	FADD	['BioGRID']	1
TRAF6	CYLD	['BioGRID']	1
CSTL1	SPARC	['BioPlex_293T']	1
DLG3	GRIN2B	['BioGRID']	1
DLG3	VTN	['IntAct', 'HuRI']	2
NOS1	UTRN	['BioPlex_293T']	1
IDE	UBC	['BioGRID']	1
IDE	GFAP	['BioPlex_293T']	1
PRKACA	HDAC1	['BioGRID']	1
PRKACA	MAPT	['BioGRID']	1
PRKACA	AKT1	['IntAct']	1
PRKACA	GAPDH	['IntAct']	1
PRKACA	PRKAR1B	['IntAct', 'BioPlex_293T', 'BioPlex_HCT116', 'BioGRID', 'HuRI']	5
PRKACA	VAPB	['BioPlex_HCT116', 'BioGRID']	2
PRKACA	HSP90AA1	['IntAct', 'BioGRID']	2
PSMA5	CTNNB1	['BioGRID']	1
PSMA5	CCR5	['BioGRID']	1
NRG1	KIAA2013	['BioPlex_HCT116']	1
NRG1	ASGR2	['IntAct', 'HuRI']	2
CREB3L1	STX7	['IntAct', 'HuRI']	2
CREB3L1	APOD	['IntAct', 'HuRI']	2
CREB3L1	TMEM14B	['IntAct', 'HuRI']	2
CREB3L1	EBP	['IntAct', 'HuRI']	2
CREB3L1	BLTP3A	['BioPlex_293T']	1
CREB3L1	RHBDD1	['IntAct', 'HuRI']	2
CREB3L1	IL1RL1	['IntAct', 'HuRI']	2
CREB3L1	INSIG2	['IntAct', 'HuRI']	2
CREB3L1	ADAM33	['IntAct', 'HuRI']	2
GABBR2	RIMS1	['IntAct']	1
HSPA1B	HDAC1	['BioGRID']	1
HSPA1B	RNF31	['BioGRID']	1
HSPA1B	CLTC	['BioGRID']	1
HSPA1B	MAPT	['BioGRID']	1
HSPA1B	GAPDH	['BioGRID']	1
HSPA1B	ANXA1	['BioGRID']	1
HSPA1B	UTRN	['BioGRID']	1
HSPA1B	NCL	['BioGRID']	1
HSPA1B	RYK	['BioGRID']	1
HSPA1B	CUL4A	['BioGRID']	1
HSPA1B	RBX1	['BioGRID']	1
HSPA1B	SIRPA	['BioGRID']	1
HSPA1B	HSP90AA1	['IntAct', 'BioGRID']	2
HSPA1B	EZR	['BioGRID']	1
HSPA1B	SHC1	['BioGRID']	1
HSPA1B	INSIG2	['BioGRID']	1
HSPA1B	IGF1R	['BioGRID']	1
HSPA1B	MME	['IntAct']	1
HSPA1B	HSPA8	['BioGRID']	1
SCRIB	CTNNB1	['IntAct']	1
SCRIB	HSPA8	['BioGRID']	1
SCRIB	TRIP6	['IntAct']	1
SCRIB	RHOB	['BioGRID']	1
SCRIB	PPP1CC	['BioPlex_293T', 'BioGRID']	2
FSTL1	SGTA	['IntAct', 'HuRI']	2
FSTL1	RXFP1	['BioPlex_293T']	1
TNFRSF10B	LPAR1	['BioPlex_HCT116']	1
TNFRSF10B	RYK	['BioPlex_293T']	1
TNFRSF10B	FADD	['BioPlex_293T', 'BioGRID']	2
HARS2	STX7	['BioPlex_HCT116']	1
HARS2	GPIHBP1	['BioPlex_293T']	1
HARS2	PDYN	['BioPlex_HCT116']	1
HARS2	GOLGA2	['BioPlex_HCT116']	1
FAAH	NOTCH2NLA	['IntAct', 'HuRI']	2
PPIB	TNIP2	['BioGRID']	1
PPIB	MAPT	['BioGRID']	1
PPIB	AGR2	['BioGRID']	1
PPIB	SGTA	['IntAct', 'HuRI']	2
PPIB	DPP4	['BioGRID']	1
DPP4	ACTB	['BioGRID']	1
DPP4	LNPEP	['BioGRID']	1
DPP4	IGF1R	['BioGRID']	1
DPP4	SPTAN1	['BioGRID']	1
LPAR1	RETREG3	['BioPlex_293T', 'BioPlex_HCT116']	2
LPAR1	STX7	['BioPlex_HCT116']	1
LPAR1	ERGIC3	['BioPlex_HCT116']	1
LPAR1	STX5	['BioPlex_293T', 'BioPlex_HCT116']	2
LPAR1	KIAA2013	['BioPlex_HCT116']	1
SOD1	UCHL1	['BioGRID']	1
SOD1	GAPDH	['IntAct']	1
SOD1	HSPA8	['BioGRID']	1
GOLGA2	STX7	['BioPlex_293T']	1
GOLGA2	GFAP	['IntAct']	1
GOLGA2	LGALS3	['IntAct']	1
TMEM14B	INSIG2	['IntAct', 'HuRI']	2
TMEM14B	C2CD2L	['IntAct', 'HuRI']	2
TMEM14B	ERGIC3	['IntAct', 'HuRI']	2
TMEM14B	IFITM3	['IntAct', 'HuRI']	2
TMEM14B	TMX2	['IntAct', 'HuRI']	2
TMEM14B	EBP	['IntAct', 'HuRI']	2
TMEM14B	ADAM33	['IntAct', 'HuRI']	2
STX5	RETREG3	['IntAct', 'HuRI']	2
STX5	STX7	['BioPlex_293T', 'BioPlex_HCT116', 'BioGRID']	3
STX5	EBP	['IntAct', 'HuRI']	2
STX5	SGTA	['BioGRID']	1
STX5	TNPO3	['BioPlex_HCT116']	1
STX5	P2RY2	['BioPlex_HCT116']	1
NUP35	KCNJ5	['BioPlex_293T']	1
USP36	UBC	['BioGRID']	1
USP36	HSPA8	['BioPlex_HCT116']	1
PIK3CG	BCR	['BioGRID']	1
GNA13	AKT1	['IntAct']	1
GNA13	UTRN	['BioPlex_293T']	1
GNA13	HSPA8	['BioPlex_293T']	1
GNA13	TBXA2R	['BioGRID']	1
TGM1	PLCG1	['BioPlex_293T']	1
TGM1	RHBDD1	['BioPlex_HCT116']	1
TGM1	TNIP1	['BioGRID']	1
TGM1	ITGB4	['IntAct', 'HuRI']	2
CLDN19	EBP	['BioPlex_293T']	1
CLDN19	ERGIC3	['IntAct', 'HuRI']	2
CLDN19	STOML3	['IntAct', 'HuRI']	2
KIF1A	SPSB4	['BioPlex_293T']	1
TMX2	STX7	['IntAct', 'HuRI']	2
TMX2	CCDC167	['IntAct', 'HuRI']	2
TMX2	C2CD2L	['IntAct', 'HuRI']	2
TMX2	RXFP1	['BioPlex_293T']	1
TMX2	VAPB	['IntAct', 'HuRI']	2
TMX2	INSIG2	['IntAct', 'HuRI']	2
UCP2	CST4	['BioPlex_293T']	1
UCP2	AMY1C	['BioPlex_293T']	1
CDK5	MAPT	['BioGRID']	1
CDK5	UCHL1	['IntAct']	1
CDK5	CDK5R1	['IntAct', 'BioPlex_293T', 'BioPlex_HCT116', 'BioGRID']	4
GPIHBP1	IGF1R	['BioPlex_HCT116']	1
GPIHBP1	IDUA	['BioPlex_HCT116']	1
GPIHBP1	ADAM11	['BioPlex_293T']	1
GPIHBP1	TOR3A	['BioPlex_293T']	1
GPIHBP1	DIPK1A	['BioPlex_293T']	1
PTGES	VAPB	['IntAct', 'HuRI']	2
IL1RL1	CLEC12B	['IntAct', 'HuRI']	2
IL1RL1	GPR42	['IntAct', 'HuRI']	2
IL1RL1	ASGR2	['IntAct', 'HuRI']	2
EBP	STX7	['IntAct', 'HuRI']	2
EBP	VAPB	['IntAct', 'HuRI']	2
EBP	INSIG2	['IntAct', 'HuRI']	2
EBP	ERGIC3	['IntAct', 'HuRI']	2
EBP	CCDC167	['IntAct', 'HuRI']	2
EBP	P2RY12	['BioPlex_293T']	1
EBP	C2CD2L	['IntAct', 'HuRI']	2
EBP	EDNRA	['BioPlex_293T']	1
DPP8	AMD1	['BioPlex_293T']	1
RGS9	GNB5	['IntAct', 'BioPlex_293T', 'BioPlex_HCT116', 'BioGRID']	4
RGS9	RGS7BP	['BioGRID']	1
LEPR	UBC	['IntAct']	1
LEPR	ANKLE2	['BioPlex_293T']	1
PLCB1	CEP76	['IntAct', 'HuRI']	2
IKBKE	CLTC	['IntAct']	1
IKBKE	UBC	['BioGRID']	1
IKBKE	UCHL1	['IntAct']	1
IKBKE	HSPA8	['IntAct', 'BioPlex_293T']	2
IKBKE	TBK1	['IntAct', 'BioGRID']	2
IKBKE	CYLD	['BioGRID']	1
HSPA8	ACTB	['IntAct']	1
HSPA8	HDAC1	['BioGRID']	1
HSPA8	CLTC	['BioGRID']	1
HSPA8	MAPT	['IntAct', 'BioPlex_HCT116', 'BioGRID']	3
HSPA8	CCNF	['BioGRID']	1
HSPA8	UCHL1	['BioGRID']	1
HSPA8	CUL4A	['BioGRID']	1
HSPA8	AKT1	['BioGRID']	1
HSPA8	GAPDH	['BioGRID']	1
HSPA8	CTNNB1	['BioGRID']	1
HSPA8	AGR2	['BioGRID']	1
HSPA8	BCR	['BioGRID']	1
HSPA8	SGTA	['BioGRID']	1
HSPA8	DDB1	['BioGRID']	1
HSPA8	SHC1	['BioGRID']	1
HSPA8	HSP90AA1	['BioGRID']	1
HSPA8	PPP1CC	['BioGRID']	1
HSPA8	CUL4B	['BioGRID']	1
HSPA8	ARRB2	['IntAct', 'BioGRID']	2
HSPA8	NCL	['BioGRID']	1
HSPA8	HBB	['BioPlex_293T']	1
HSPA8	RBX1	['BioGRID']	1
HSPA8	INSIG2	['BioGRID']	1
RANBP9	HDAC1	['BioGRID']	1
RANBP9	CALB1	['BioGRID']	1
RANBP9	DISC1	['IntAct', 'BioGRID']	2
RANBP9	COPS5	['BioGRID']	1
RANBP9	PPP1CC	['BioGRID']	1
EIF2B5	CCNF	['BioGRID']	1
AMY1C	PRKCE	['BioPlex_293T']	1
S1PR3	ITGB4	['IntAct']	1
DISC1	SKP2	['BioPlex_293T']	1
DISC1	PLCG1	['BioPlex_293T']	1
DISC1	CTNNA3	['IntAct']	1
DISC1	UTRN	['IntAct']	1
DISC1	SPTAN1	['IntAct', 'BioGRID']	2
RGS7BP	GNB5	['BioGRID']	1
CCNF	ACTB	['BioGRID']	1
CCNF	HDAC1	['BioGRID']	1
CCNF	CLTC	['BioGRID']	1
CCNF	RBX1	['BioGRID']	1
CCNF	DDB1	['BioGRID']	1
CCNF	LGALS3	['BioGRID']	1
CCNF	AKT1	['BioGRID']	1
CCNF	CTNNB1	['BioGRID']	1
CCNF	TNPO3	['BioGRID']	1
CCNF	NCL	['BioGRID']	1
CCNF	MAPK1	['BioGRID']	1
CCNF	UBC	['BioGRID']	1
CCNF	EZR	['BioGRID']	1
CCNF	TRIP6	['BioGRID']	1
CTNNA3	CTNNB1	['IntAct', 'BioPlex_293T', 'BioPlex_HCT116', 'BioGRID']	4
CTNNA3	VIP	['IntAct', 'HuRI']	2
CBX6	GLRA3	['BioPlex_293T']	1
TBK1	TNIP2	['BioGRID']	1
TBK1	AKT1	['BioGRID']	1
TBK1	GAPDH	['IntAct']	1
TBK1	TAX1BP1	['BioGRID']	1
TBK1	TLR3	['BioGRID']	1
TBK1	HSP90AA1	['BioGRID']	1
TBK1	CYLD	['BioGRID']	1
TBK1	TNIP1	['BioGRID']	1
ANXA1	AGR2	['BioGRID']	1
ANXA1	TNIP1	['BioGRID']	1
DRD1	ADORA1	['IntAct']	1
SPSB4	CTNNB1	['BioPlex_293T']	1
SPSB4	TAX1BP1	['BioPlex_293T', 'BioPlex_HCT116']	2
SPSB4	MARCHF6	['BioPlex_293T']	1
SPSB4	CUL4B	['BioPlex_HCT116']	1
SPSB4	USP33	['BioPlex_293T']	1
DIPK1A	UPK2	['BioPlex_293T']	1
DIPK1A	CLEC12B	['BioPlex_293T']	1
GFAP	HNRNPK	['IntAct']	1
GFAP	CTNNB1	['IntAct']	1
GFAP	PER1	['IntAct']	1
GFAP	PDLIM7	['HuRI']	1
GFAP	CEP76	['HuRI']	1
ADORA1	BRI3BP	['BioPlex_HCT116']	1
ADORA1	ADORA2A	['IntAct']	1
IGF1R	CTNNB1	['IntAct']	1
IGF1R	SHC1	['IntAct', 'BioGRID']	2
IGF1R	ARRB2	['BioGRID']	1
IGF1R	TMPRSS2	['BioGRID']	1
IGF1R	HSP90AA1	['BioGRID']	1
IGF1R	SIRPA	['BioGRID']	1
BBS4	BBS1	['IntAct', 'BioPlex_293T', 'BioPlex_HCT116', 'BioGRID']	4
CCDC167	RETREG3	['IntAct', 'HuRI']	2
CCDC167	TMEM237	['IntAct', 'HuRI']	2
CCDC167	TACR1	['IntAct', 'HuRI']	2
CCDC167	GPR42	['IntAct', 'HuRI']	2
CCDC167	ERGIC3	['IntAct', 'HuRI']	2
HAX1	MAPT	['BioPlex_293T']	1
HAX1	APOD	['BioPlex_293T']	1
HAX1	HSP90AA1	['BioGRID']	1
HAX1	RBX1	['BioGRID']	1
HAX1	SYN2	['BioPlex_293T']	1
TRIP6	ITGB4	['IntAct', 'HuRI']	2
TRIP6	PER1	['IntAct', 'HuRI']	2
TRIP6	PDLIM7	['BioPlex_293T']	1
TRIP6	RHOB	['BioPlex_293T']	1
CDC26	CDC27	['BioPlex_293T', 'BioPlex_HCT116', 'BioGRID']	3
NR2F2	AKT1	['BioPlex_293T']	1
NR2F2	SCN2B	['BioPlex_293T']	1
NR2F2	FOXP1	['BioGRID']	1
NR2F2	ERGIC3	['BioPlex_293T']	1
NR2F2	PTGIR	['BioPlex_293T']	1
MAPK1	CSNK2A1	['BioGRID']	1
MAPK1	DUSP6	['IntAct', 'BioGRID']	2
MAPK1	SHC1	['IntAct']	1
MAPK1	TNIP1	['BioGRID']	1
MAPK1	ARRB2	['BioGRID']	1
HNRNPK	AGR2	['BioGRID']	1
HNRNPK	CTNNB1	['BioGRID']	1
HNRNPK	NCL	['BioGRID']	1
HNRNPK	PLCG1	['BioPlex_293T']	1
HNRNPK	CUL4A	['BioGRID']	1
HNRNPK	ELAVL1	['BioGRID']	1
SHC1	ACTB	['BioGRID']	1
SHC1	DDB1	['BioGRID']	1
SHC1	ITGB4	['BioGRID']	1
SHC1	AMD1	['BioPlex_293T', 'BioPlex_HCT116']	2
GLA	TMPRSS2	['BioGRID']	1
GLA	RDH14	['BioPlex_293T']	1
GOPC	CD247	['BioPlex_HCT116']	1
GOPC	VTN	['IntAct', 'HuRI']	2
SKP2	PRKAR1B	['BioPlex_293T']	1
SKP2	CDC27	['BioGRID']	1
SKP2	COPS5	['BioGRID']	1
SKP2	AKT1	['IntAct', 'BioGRID']	2
SKP2	DDB1	['BioGRID']	1
SKP2	HSP90AA1	['BioGRID']	1
SKP2	USP33	['BioPlex_293T']	1
SKP2	RBX1	['IntAct', 'BioPlex_293T', 'BioGRID']	3
TNFSF8	ARRB2	['BioPlex_293T']	1
TNFSF8	RYK	['BioPlex_293T']	1
INSIG2	TMEM237	['IntAct', 'HuRI']	2
INSIG2	PRLR	['IntAct', 'HuRI']	2
PDLIM7	RNF31	['BioGRID']	1
PDLIM7	COPS5	['BioGRID']	1
S100A10	TRPM4	['IntAct']	1
TNIP1	HDAC1	['BioGRID']	1
TNIP1	UBC	['BioGRID']	1
TNIP1	GAPDH	['BioGRID']	1
TNIP1	TAX1BP1	['IntAct', 'BioGRID', 'HuRI']	3
TNIP1	MYD88	['BioGRID']	1
WDR45B	KCNJ5	['BioPlex_293T']	1
CDK5R1	NOTCH2NLA	['IntAct']	1
CDK5R1	CTNNB1	['BioGRID']	1
CYBB	ARL10	['BioPlex_293T']	1
RDH14	TACR1	['BioPlex_293T']	1
LNPEP	HTR1B	['BioPlex_HCT116']	1
LNPEP	FATE1	['IntAct', 'HuRI']	2
LNPEP	CD3E	['BioPlex_293T']	1
LNPEP	RHOB	['BioGRID']	1
LNPEP	TMPRSS2	['BioGRID']	1
LNPEP	LGALS3	['BioPlex_293T', 'BioPlex_HCT116']	2
LNPEP	ASGR2	['IntAct', 'HuRI']	2
LNPEP	GPR42	['IntAct', 'HuRI']	2
CRELD1	KIAA2013	['BioPlex_293T']	1
CRELD1	SLC4A2	['BioPlex_293T']	1
CRELD1	P2RY12	['BioPlex_293T']	1
ARRB2	CLTC	['IntAct', 'BioGRID']	2
ARRB2	UBC	['BioGRID']	1
ARRB2	AKT1	['IntAct', 'BioGRID']	2
ARRB2	CSNK2A1	['BioGRID']	1
ARRB2	CYTH2	['BioGRID']	1
ARRB2	NCL	['IntAct', 'BioGRID']	2
ARRB2	USP33	['BioGRID']	1
ARRB2	EDNRA	['IntAct']	1
ERGIC3	APOD	['IntAct', 'HuRI']	2
ERGIC3	UPK2	['BioPlex_HCT116']	1
ERGIC3	C2CD2L	['IntAct', 'HuRI']	2
ERGIC3	P2RY2	['BioPlex_HCT116']	1
ERGIC3	IFITM3	['IntAct', 'HuRI']	2
P2RY12	KIAA2013	['BioPlex_293T']	1
P2RY12	TNPO3	['BioPlex_293T']	1
THADA	C5AR1	['BioPlex_293T']	1
THADA	SCN2B	['BioPlex_293T']	1
THADA	P2RY2	['BioPlex_HCT116']	1
ELAVL1	AKT1	['BioGRID']	1
ELAVL1	CTNNB1	['BioGRID']	1
ELAVL1	RBX1	['BioGRID']	1
ELAVL1	CYLD	['BioGRID']	1
RXFP1	SLC4A2	['BioPlex_293T']	1
RXFP1	TMEM237	['BioPlex_293T']	1
RXFP1	RHBDD1	['BioPlex_293T']	1
RXFP1	ABHD14A	['BioPlex_293T']	1
RXFP1	USP33	['BioPlex_293T']	1
PTGS1	NCL	['BioGRID']	1
UTRN	HDAC1	['BioGRID']	1
UTRN	AGR2	['BioGRID']	1
UTRN	RHOB	['BioGRID']	1
MAP7	TNPO3	['BioPlex_HCT116']	1
GNB5	COPS5	['BioPlex_293T']	1
UBC	RNF31	['BioGRID']	1
UBC	TNIP2	['BioGRID']	1
UBC	HERC4	['BioGRID']	1
UBC	AGR2	['BioGRID']	1
UBC	BCR	['BioGRID']	1
UBC	SGTA	['BioGRID']	1
UBC	CUL4B	['BioGRID']	1
UBC	TAX1BP1	['IntAct', 'BioGRID']	2
UBC	DDB1	['BioGRID']	1
UBC	UCHL1	['BioGRID']	1
UBC	USP33	['BioGRID']	1
UBC	CUL4A	['BioGRID']	1
UBC	CYLD	['BioGRID']	1
EDNRA	COPS5	['BioGRID']	1
EDNRA	IFITM3	['BioPlex_HCT116']	1
CLEC12B	TOR3A	['BioPlex_293T']	1
CLEC12B	KIAA2013	['BioPlex_293T']	1
CLEC12B	ADAM11	['BioPlex_293T']	1
CLOCK	PPP1CC	['BioGRID']	1
MMP15	UPK2	['BioPlex_HCT116']	1
HDAC1	PPP1CC	['BioGRID']	1
HDAC1	CSNK2A2	['BioGRID']	1
HDAC1	NCOR1	['BioGRID']	1
HDAC1	CUL4B	['BioGRID']	1
HDAC1	CSNK2A1	['IntAct', 'BioGRID']	2
HDAC1	DDB1	['BioGRID']	1
HDAC1	ZEB2	['BioGRID']	1
HDAC1	CTNNB1	['BioGRID']	1
ARF1	AGR2	['BioGRID']	1
ARF1	CYTH2	['IntAct']	1
ADCYAP1	AMD1	['BioPlex_293T']	1
ADRA2C	MKRN3	['IntAct', 'HuRI']	2
UPK2	TMPRSS2	['IntAct', 'HuRI']	2
UPK2	STOML3	['IntAct', 'HuRI']	2
UPK2	ASGR2	['IntAct', 'HuRI']	2
APOD	TMEM237	['IntAct', 'HuRI']	2
APOD	GPR42	['IntAct', 'HuRI']	2
HSP90AA1	MAPT	['BioGRID']	1
HSP90AA1	UCHL1	['BioGRID']	1
HSP90AA1	CUL4A	['BioGRID']	1
HSP90AA1	AKT1	['BioGRID']	1
HSP90AA1	GAPDH	['BioGRID']	1
HSP90AA1	CTNNB1	['IntAct', 'BioGRID']	2
HSP90AA1	CSNK2A1	['BioGRID']	1
HSP90AA1	AGR2	['BioGRID']	1
HSP90AA1	BCR	['BioGRID']	1
HSP90AA1	SGTA	['BioGRID']	1
HSP90AA1	CSNK2A2	['BioGRID']	1
HSP90AA1	PRKCE	['BioGRID']	1
HSP90AA1	CUL4B	['BioGRID']	1
HSP90AA1	MAP3K8	['BioGRID']	1
GLRA3	TBL2	['BioPlex_293T']	1
COPS5	UCHL1	['IntAct', 'BioGRID']	2
COPS5	CUL4A	['BioPlex_293T', 'BioPlex_HCT116', 'BioGRID']	3
COPS5	CTNNB1	['BioGRID']	1
COPS5	DDB1	['BioGRID']	1
COPS5	S100A2	['BioPlex_293T']	1
COPS5	RBX1	['BioGRID']	1
COPS5	CUL4B	['BioPlex_293T', 'BioPlex_HCT116', 'BioGRID']	3
COPS5	PPP1CC	['BioGRID']	1
NCOR1	CSNK2A1	['BioGRID']	1
NCOR1	CUL4B	['BioGRID']	1
FATE1	ASGR2	['IntAct', 'HuRI']	2
GPR42	TMEM237	['IntAct', 'HuRI']	2
STOML3	ADAM33	['IntAct', 'HuRI']	2
SPTAN1	ACTB	['BioGRID']	1
SPTAN1	GRIN2B	['BioGRID']	1
SPTAN1	RHOB	['BioGRID']	1
VAPB	RETREG3	['IntAct', 'HuRI']	2
VAPB	PRKAR1B	['BioPlex_293T', 'BioPlex_HCT116']	2
VAPB	USP33	['BioPlex_293T', 'BioPlex_HCT116']	2
BRI3BP	CD3E	['BioPlex_HCT116']	1
BRI3BP	C5AR1	['BioPlex_293T', 'BioPlex_HCT116']	2
BRI3BP	GABRD	['BioPlex_HCT116']	1
BRI3BP	P2RY2	['BioPlex_HCT116']	1
IFITM3	RETREG3	['IntAct', 'BioPlex_HCT116', 'BioGRID', 'HuRI']	4
TNPO3	C5AR1	['BioPlex_293T']	1
TNPO3	SCN2B	['BioPlex_293T']	1
TNPO3	P2RY2	['BioPlex_HCT116']	1
USP33	CTNNB1	['BioGRID']	1
AGR2	ACTB	['BioGRID']	1
AGR2	CLTC	['BioGRID']	1
AGR2	GAPDH	['BioGRID']	1
AGR2	NCL	['BioGRID']	1
AGR2	SGTA	['IntAct', 'HuRI']	2
AGR2	EZR	['BioGRID']	1
ADAM33	TMEM237	['IntAct', 'HuRI']	2
ADAM33	SGCB	['IntAct', 'HuRI']	2
ADAM33	ASGR2	['IntAct', 'HuRI']	2
ADAM33	CD3E	['IntAct', 'HuRI']	2
ADAM33	TOR3A	['BioPlex_293T']	1
CD3E	RETREG3	['BioPlex_HCT116']	1
CD3E	CD247	['BioGRID']	1
CEP76	AKT1	['IntAct', 'BioGRID', 'HuRI']	3
MYD88	CYTH2	['IntAct']	1
MYD88	FADD	['IntAct']	1
CYTH2	ADORA2A	['IntAct', 'BioGRID']	2
C5AR1	RETREG3	['BioPlex_293T', 'BioPlex_HCT116']	2
C5AR1	ARL10	['BioPlex_293T']	1
C5AR1	KIAA2013	['BioPlex_HCT116']	1
PRKCE	CST4	['BioPlex_293T']	1
SGTA	ACTB	['BioPlex_HCT116']	1
SGTA	VIP	['IntAct', 'HuRI']	2
SCN2B	RETREG3	['BioPlex_293T']	1
TBXA2R	PTGIR	['BioGRID']	1
CUL4B	CUL4A	['BioPlex_293T', 'BioGRID']	2
CUL4B	GAPDH	['BioGRID']	1
CUL4B	DDB1	['IntAct', 'BioPlex_HCT116', 'BioGRID']	3
CUL4B	NCL	['BioGRID']	1
CUL4B	RBX1	['IntAct', 'BioPlex_293T', 'BioGRID']	3
CUL4B	ZEB2	['BioGRID']	1
KCNJ5	PLCG1	['BioPlex_293T']	1
GAPDH	CTNNB1	['IntAct']	1
GAPDH	CYLD	['BioGRID']	1
AKT1	MAPT	['IntAct', 'BioGRID']	2
AKT1	PLCG1	['IntAct', 'BioGRID']	2
AKT1	UCHL1	['BioGRID']	1
AKT1	MAP3K8	['BioGRID']	1
AKT1	CTNNB1	['BioGRID']	1
AKT1	CYLD	['BioGRID']	1
AKT1	SIRPA	['BioGRID']	1
AKT1	CSNK2A1	['BioGRID']	1
TMPRSS2	STX7	['IntAct', 'HuRI']	2
TMPRSS2	C2CD2L	['IntAct', 'HuRI']	2
SLC4A2	RETREG3	['BioPlex_293T', 'BioPlex_HCT116']	2
SLC4A2	PTGIR	['BioPlex_293T']	1
SLC4A2	P2RY2	['BioPlex_HCT116']	1
SLC4A2	LGALS3	['BioPlex_293T']	1
VTN	RHBDD1	['BioPlex_HCT116']	1
BPIFB1	TMEM237	['BioPlex_293T']	1
RNF31	CYLD	['BioGRID']	1
S100A2	TRPM4	['IntAct']	1
S100A2	EZR	['IntAct']	1
C2CD4A	HBB	['BioPlex_293T']	1
NCL	MAPT	['BioGRID']	1
NCL	CSNK2A1	['IntAct', 'BioGRID']	2
NCL	CSNK2A2	['BioGRID']	1
KIAA2013	P2RY2	['BioPlex_HCT116']	1
FADD	EZR	['BioGRID']	1
FADD	NTF4	['BioPlex_293T']	1
ITGB4	NOTCH2NLA	['HuRI']	1
ITGB4	ALOX12	['BioGRID']	1
PLCG1	MAPT	['BioGRID']	1
CLTC	CYLD	['BioGRID']	1
P2RY2	MARCHF6	['BioPlex_HCT116']	1
POTEE	ACTB	['BioGRID']	1
RBX1	CUL4A	['BioPlex_293T', 'BioGRID']	2
RBX1	DDB1	['BioGRID']	1
CUL4A	CSNK2A2	['BioGRID']	1
CUL4A	DDB1	['IntAct', 'BioGRID']	2
HBB	LGALS3	['BioPlex_HCT116']	1
PPP1CC	ACTB	['BioGRID']	1
PPP1CC	MAPT	['BioGRID']	1
PPP1CC	PPP1R9B	['IntAct', 'BioPlex_293T', 'BioPlex_HCT116', 'BioGRID']	4
JCHAIN	TMEM237	['BioPlex_293T']	1
CSNK2A2	CSNK2A1	['IntAct', 'BioPlex_293T', 'BioPlex_HCT116', 'BioGRID']	4
CSNK2A2	BCR	['BioPlex_293T', 'BioGRID']	2
CCL17	CCR5	['IntAct']	1
SLC6A6	RHOB	['BioGRID']	1
MME	CSNK2A1	['BioGRID']	1
BCR	CSNK2A1	['BioPlex_293T', 'BioGRID']	2
BCR	EZR	['BioPlex_293T', 'BioGRID']	2
BCR	RHOB	['BioGRID']	1
TNIP2	MAP3K8	['IntAct', 'BioGRID']	2
NOTCH2NLA	GABRD	['IntAct', 'HuRI']	2
CTNNB1	DDB1	['BioGRID']	1
CTNNB1	CYLD	['BioGRID']	1
CTNNB1	RYK	['BioGRID']	1
MAPT	EZR	['BioGRID']	1
TRPM4	LGALS3	['BioPlex_HCT116']	1
ACTB	EZR	['BioGRID']	1
ACTB	PPP1R9B	['BioGRID']	1
RHOB	STX7	['BioGRID']	1
RHOB	TMEM237	['BioGRID']	1
STX7	RETREG3	['IntAct', 'HuRI']	2
RNF167	LGALS3	['BioPlex_293T']	1
CYLD	EZR	['BioGRID']	1
ZEB2	DDB1	['BioGRID']	1
TMEM237	RETREG3	['IntAct', 'HuRI']	2
HTR1B	RETREG3	['BioPlex_HCT116']	1
